,International plan,Voice mail plan,Churn,Account length,Number vmail messages,Total day minutes,Total day calls,Total eve minutes,Total eve calls,Total night minutes,Total night calls,Total intl minutes,Total intl calls,Customer service calls
0,0,1,0,0.6923693077521309,1.2439368522337986,1.5781240907274612,0.484401341120317,-0.054517797405771506,-0.052156465361759975,0.855254015618009,-0.47071443222839776,-0.07864978625960418,-0.5973556541215028,-0.42559820917812835
1,0,1,0,0.16221006470701219,1.3173414314933443,-0.3310369538004347,1.1341759988894977,-0.09177153727807216,0.14613000867876375,1.0462889674588696,0.1465469209909105,1.2510535273948795,-0.5973556541215028,-0.42559820917812835
2,0,0,0,0.9195804119143247,-0.591177629254842,1.1778458813916606,0.6843320050492957,-1.548588838600141,0.4931313382496803,-0.7616500613030868,0.19798536709251952,0.7119846164538726,0.22396871577789748,-1.1881406061069686
3,1,0,0,-0.41844053481859406,-0.591177629254842,2.210821905484048,-1.4649226321872248,-2.7112976672461526,-0.5974442689732002,-0.08613471613385888,-0.5735913244316158,-1.3005393177258868,1.0452930856772977,0.3369441877507119
4,1,0,0,-0.6456516389807878,-0.591177629254842,-0.23696235160630663,0.634349339067051,-1.0172328646320645,1.0879907603712515,-0.2830779654543334,1.0724389508198728,-0.04271185886353718,-0.5973556541215028,1.099486584679552
5,1,0,0,0.43991252534969344,-0.591177629254842,0.8089258727872364,-0.11539065066661894,0.4003699736665297,0.04698677165850189,0.05172555839047328,0.9181236125150458,-1.4083530999140883,0.6346309007275976,-1.1881406061069686
6,0,1,0,0.5156495600704247,1.1705322729742529,0.7130066705500858,-0.6152173104890656,2.908134884017709,0.3939881012294184,0.2230661852992859,0.9181236125150458,-0.9770979711612826,1.0452930856772977,1.099486584679552
7,1,0,0,1.1720371943167622,-0.591177629254842,-0.41588855577945216,-1.0650613043292676,-1.903479728962583,-0.30001455791241466,0.20731072535364825,-0.21352220172035263,-1.1208496807455512,0.6346309007275976,-1.1881406061069686
8,1,1,0,1.0205631248752998,2.124791803348346,1.4582250879310235,-0.8151479744180442,0.4278200977829618,0.5427029567598112,2.4642803625662855,-0.1620837556187436,0.3526053424932012,0.22396871577789748,-1.1881406061069686
9,0,0,0,-0.6708973172210315,-0.591177629254842,0.15040365742833883,1.3341066628184763,-0.721163668804834,2.3768528416346557,-0.1038596085727017,-0.3163990939235707,-0.40209113282420855,0.22396871577789748,-1.1881406061069686
10,0,0,0,1.702196437361881,-0.591177629254842,-0.9360657679116902,-0.21535598263110828,-1.8681867122414562,-1.4401617836454261,-1.185078047342107,1.432508073531136,0.3526053424932012,-1.0080178390712031,-0.42559820917812835
11,0,0,0,-0.1407380741759128,-0.591177629254842,-0.4232669559515408,-0.6152173104890656,0.9297652244834322,-1.2418753096049024,-0.17672861082127705,0.7638082742102187,0.7479225438499402,0.22396871577789748,1.099486584679552
12,0,0,0,-0.9738454561039566,-0.591177629254842,-1.0854783713964822,-1.5149052981694695,2.0983562225829653,-1.1923036910947715,0.03400066595163046,-0.05920686341552558,1.0354259630184768,0.6346309007275976,1.8620289816083926
13,0,1,0,-0.3931948565783503,1.39074601075289,0.31088386117126365,1.9338986546054122,1.5826860338242783,-0.4983010319529384,-2.2052440788221648,-1.293729569854142,1.2869914547909471,-0.18669346917180268,-0.42559820917812835
14,0,0,0,-0.1912294306564003,-0.591177629254842,0.20574165871900246,0.6843320050492957,0.3533126180383605,0.5427029567598112,-1.4115627840606526,1.0724389508198728,-0.7614704067848799,-0.5973556541215028,1.099486584679552
15,0,1,0,-0.620405960740544,1.8311734863101636,0.18729565828878125,-1.7148359620984481,0.24743356787498041,-1.7375914947062117,-0.7005976540137397,0.4037391514989556,-0.07864978625960418,0.22396871577789748,-0.42559820917812835
16,0,0,0,-0.6961429954612753,-0.591177629254842,0.8273718732174576,-0.5152519785245763,-0.7976318717006089,-0.5974442689732002,-0.16688144835525331,-1.345168015955751,0.9994880356224098,-1.0080178390712031,-0.42559820917812835
17,0,0,0,1.1720371943167622,-0.591177629254842,-0.4509359565968726,0.8342800029960297,0.7748680955407088,-0.3495861764225456,0.1482277505575059,1.6897003040391811,0.1369777781167985,-0.18669346917180268,-1.1881406061069686
18,0,0,1,-0.5951602825003003,-0.591177629254842,-2.1608801964783786,-0.5652346445068209,-0.5937166639785426,1.0384191418611206,0.16398321050314354,-1.8595524769718412,-1.623980664290491,0.6346309007275976,2.6245713785372327
19,0,0,0,0.7428606642326184,-0.591177629254842,0.06370745540629934,0.5843666730848064,-2.4956181206170442,-0.052156465361759975,-0.3835190226077753,-1.139414231549315,-0.25833942323993986,5.973239305073699,-1.1881406061069686
20,0,0,0,0.793352020713106,-0.591177629254842,-1.8159399884332423,-0.7151826424535549,0.882707868855263,-1.3905901651352952,0.7036077136412439,0.7638082742102187,0.02916399592859748,-1.0080178390712031,-1.1881406061069686
21,0,0,0,1.8536705068033434,-0.591177629254842,-1.0190727698476858,-1.2150093022760016,1.5081785540796782,0.5922745752699422,0.9734199652102937,0.7638082742102187,1.8979362205240882,0.22396871577789748,1.099486584679552
22,0,1,0,-1.1000738473051752,2.271600961867437,0.6170874683129357,0.7343146710315404,-0.17804335592971565,0.5922745752699422,-0.36579413016893303,0.7638082742102187,-0.25833942323993986,-0.5973556541215028,-1.1881406061069686
23,0,0,0,-1.1758108820259066,-0.591177629254842,-0.8346127655454735,-1.3649573002227355,-0.8760607977475574,-0.0025848468516290433,-1.9531567196919575,-1.6537986925654051,1.610432801355551,-0.18669346917180268,1.099486584679552
24,0,0,0,-2.034163942194194,-0.591177629254842,0.19282945841784782,0.43441867513807236,1.1376018785078457,-0.7957307430137239,-0.3894273200873898,0.09510847488930148,-1.4083530999140883,0.6346309007275976,-1.1881406061069686
25,0,0,0,1.0458088031155435,-0.591177629254842,-1.7476897868414238,-0.26533864861335293,-1.2446767501682157,-1.8367347317264735,0.9694811002238845,2.4612769955633165,1.4307431643752153,0.6346309007275976,0.3369441877507119
26,0,0,0,-0.6456516389807878,-0.591177629254842,0.8587300739488335,0.2344880112090937,0.02587185179235062,0.3444164827192875,0.8847955030160801,-0.1106453095171346,0.02916399592859748,0.22396871577789748,-0.42559820917812835
27,0,0,0,1.8031791503228558,-0.591177629254842,0.5986414678827144,1.0342106669250084,-3.313239674656483,0.740989430800335,1.8123982073155156,-1.139414231549315,0.8557363260381412,2.277279640526398,1.099486584679552
28,0,0,1,-2.236129368116144,-0.591177629254842,1.292211084059032,0.8842626689782743,1.0238799357397708,0.9392759048408587,1.5544025507056936,-0.5221528783300068,0.5682329068696045,-0.5973556541215028,-0.42559820917812835
29,0,1,0,-1.1000738473051752,1.2439368522337986,-0.050657747261071966,-0.3153213145955976,-0.10157515303394073,-1.2418753096049024,0.24079107773812872,0.8152467203118278,-0.6895945519927452,-0.18669346917180268,-1.1881406061069686
30,0,1,0,-0.721388673701519,2.124791803348346,0.7462094713244842,-1.015078638347023,0.33566610967779753,0.09655839016863282,-0.9546544456371514,-1.499483354260578,1.610432801355551,0.6346309007275976,1.099486584679552
31,0,0,0,-0.5699146042600566,-0.591177629254842,-0.8991737670512477,-1.8148012940629374,0.4611523913529147,0.7905610493104659,0.5224199242664075,0.4037391514989556,-0.07864978625960418,0.22396871577789748,-0.42559820917812835
32,1,1,0,0.8943347336740809,1.8311734863101636,0.44922886439792276,0.2844706771913384,-0.2466686662207956,-0.052156465361759975,-1.9610344496647765,0.3523007053973466,0.10103985072073149,0.6346309007275976,1.099486584679552
33,0,0,0,1.2225285507972496,-0.591177629254842,-0.7220921629211242,-0.3153213145955976,1.4042602270674711,-0.3991577949326765,-0.25550591054946686,0.4037391514989556,0.3166674150971342,1.8666174555766981,-0.42559820917812835
34,0,0,0,-0.06500103945518156,-0.591177629254842,-0.9821807689872434,0.08454001326235971,-0.6544990816649275,-0.746159124503593,-0.2653530730154906,1.792577196242399,-0.29427735063600685,-1.0080178390712031,1.099486584679552
35,1,1,1,0.8690890554338372,2.4184101203865285,-0.11890794885289077,-0.7651653084357996,0.07292920742051985,0.3444164827192875,-1.5573007885578036,-1.139414231549315,1.574494873959484,4.330590565274899,-1.1881406061069686
36,0,0,0,-1.6807244468307816,-0.591177629254842,-1.0098497696325752,-0.9151133063825336,1.608175434789537,-0.10172808387189092,2.170834921078779,-1.139414231549315,-0.07864978625960418,-0.18669346917180268,0.3369441877507119
37,0,0,0,1.5002310114399309,-0.591177629254842,-1.7292437864112025,-1.165026636293757,-0.6839099289325333,0.4931313382496803,-0.4485102948835321,-0.41927598612678874,-0.3661532054281415,-0.18669346917180268,1.099486584679552
38,0,0,0,-0.923354099623469,-0.591177629254842,-0.4712265570701158,-1.6648532961162035,0.5023275775275631,0.8897042863307277,1.260957109218187,-0.7279066627364429,-2.414615067003968,-0.5973556541215028,-0.42559820917812835
39,0,1,0,-1.0495824908246878,1.4641505900124354,-1.0817891713104377,-0.1653733166488636,0.25135501417732764,-0.3991577949326765,-0.751802898837063,0.8152467203118278,-0.6177186972006112,0.22396871577789748,0.3369441877507119
40,0,0,0,1.0458088031155435,-0.591177629254842,0.1374914571271842,1.6340026587119443,-1.2858519363428635,-1.2914469281150334,0.8060182032878903,1.3810696274295269,-1.0130358985573495,0.22396871577789748,0.3369441877507119
41,0,1,0,-0.0902467176954253,1.1705322729742529,-0.8549033660187172,1.7339679906764336,0.33370538652662335,-2.084592824277128,-2.5735279550514525,-1.087975785447706,0.28072948770106715,-0.5973556541215028,-0.42559820917812835
42,0,0,0,-1.226302238506394,-0.591177629254842,0.22787685923526824,0.3844360091558277,1.3650457640439968,-0.2008713208921528,0.6996688486548346,-0.6764682166348338,-0.8692841889730812,0.22396871577789748,1.099486584679552
43,0,0,0,-1.024336812584444,-0.591177629254842,0.7572770715826168,-2.16467995593865,0.21410127430502696,0.740989430800335,0.9399396128258133,1.483946519632745,-1.2286634629337525,-0.5973556541215028,-0.42559820917812835
44,0,0,0,-0.11549239593566905,-0.591177629254842,-0.3568613544027445,0.8342800029960297,1.3199491315670013,-1.6384482576859498,0.5362059517188404,-1.6537986925654051,-0.3302152780320739,0.22396871577789748,0.3369441877507119
45,0,0,1,-0.3427035000978628,-0.591177629254842,-0.5265645583607794,-0.8651306404002889,0.3827234653059662,0.7905610493104659,0.05172555839047328,1.3810696274295269,-0.18646356844780584,-0.5973556541215028,2.6245713785372327
46,0,0,0,-0.4941775695393253,-0.591177629254842,-0.07463754782035975,-1.6648532961162035,0.9630975180533857,-0.746159124503593,1.357459301385219,-0.1106453095171346,-0.006773931467470169,-0.5973556541215028,-0.42559820917812835
47,0,0,0,1.0205631248752998,-0.591177629254842,-0.9711131687291106,-0.11539065066661894,-0.3956836257099977,-1.8863063502366044,-1.1909863448217208,1.432508073531136,-0.7974083341809469,-1.0080178390712031,-0.42559820917812835
48,0,1,1,0.5156495600704247,1.6109597485315268,0.34777586203170613,1.4340719947829657,-2.4485607649888754,-1.1427320725846406,-0.3953356175670042,-1.190852677650924,-1.5880427368944239,-0.5973556541215028,1.099486584679552
49,0,0,0,0.6166322730313997,-0.591177629254842,0.9177572753255416,0.13452267924460437,-0.4466624276405141,1.2862772344117752,-0.2358115856174194,-0.26496064782196166,0.6401087616617385,1.455955270626998,-0.42559820917812835
50,0,0,0,1.8536705068033434,-0.591177629254842,0.23156605932131227,-0.1653733166488636,-0.5937166639785426,-0.30001455791241466,-0.682872761574897,-2.3739369379879314,0.42448119728533584,-0.18669346917180268,-0.42559820917812835
51,0,1,0,0.3894211688692059,1.9045780655697093,1.6426850922332354,-0.8651306404002889,-0.43097664243112477,2.07942313057387,-0.6887810590545108,0.30086225929573757,0.49635705207746983,-0.5973556541215028,0.3369441877507119
52,0,1,0,1.2225285507972496,1.4641505900124354,0.02128165441679034,-0.4152866465600869,-0.24274721991844786,-1.7871631132163426,1.2648959742045962,-2.4253753840895405,0.8557363260381412,-0.5973556541215028,1.099486584679552
53,0,0,0,-1.5797417338698065,-0.591177629254842,-0.8917953668791596,-0.11539065066661894,-0.7309672845607025,-0.15129970238202184,-0.8325496310584575,0.30086225929573757,-0.7255324793888128,0.6346309007275976,0.3369441877507119
54,0,1,0,-1.5292503773893191,2.4184101203865285,-0.5800579596084211,-1.3149746342404909,-0.6015595565832376,-0.5974442689732002,0.25260767269735707,0.09510847488930148,-1.4442910273101552,0.22396871577789748,0.3369441877507119
55,1,0,0,-1.4535133426685878,-0.591177629254842,1.3272584848764524,0.2344880112090937,0.24743356787498041,0.1957016271888947,-0.8561828209769141,-1.7052371386670142,-0.3302152780320739,-0.18669346917180268,-1.1881406061069686
56,1,0,0,0.3136841341484747,-0.591177629254842,-1.0024713694604868,-0.36530398057784225,0.12194728619986267,0.9392759048408587,-1.4174710815402665,1.9983309806488352,-0.6895945519927452,1.455955270626998,-1.1881406061069686
57,0,0,0,0.6418779512716434,-0.591177629254842,0.5912630677106259,-1.5149052981694695,0.3278232170731025,-0.9940172170542477,-0.9408684181847184,-2.0653062613782773,-0.8692841889730812,-1.4186800240209032,-0.42559820917812835
58,0,0,1,1.2477742290374934,-0.591177629254842,-0.011921146357607527,0.03455734728011505,-0.6094024491879325,0.4931313382496803,-1.037370610351751,-0.007768417313916559,1.2869914547909471,-0.5973556541215028,1.8620289816083926
59,0,0,0,0.9448260901545684,-0.591177629254842,1.1483322807033067,-0.36530398057784225,-0.5819523250715004,-0.845302361523855,1.8517868571796106,0.19798536709251952,0.5682329068696045,1.0452930856772977,1.099486584679552
60,0,1,0,1.5507223679204185,2.7854330166842565,0.8365948734325682,-0.1653733166488636,-0.23490432731375344,-0.7957307430137239,1.050227832445279,-2.0138678152766682,0.6760466890578055,-1.0080178390712031,-1.1881406061069686
61,0,0,0,1.1720371943167622,-0.591177629254842,1.2737650836288108,-0.8651306404002889,-1.0054685257250224,-0.746159124503593,-0.5666762444758169,0.45517759760056464,-0.7974083341809469,-0.18669346917180268,1.099486584679552
62,0,0,0,-0.26696646537713153,-0.591177629254842,0.4400058641828122,2.283777316481125,0.5199740858881261,0.8401326678205968,-0.9625321756099705,0.24942381319412854,-1.048973825953417,-0.18669346917180268,-0.42559820917812835
63,0,0,0,-1.2767935949868816,-0.591177629254842,-0.41404395573643016,-0.5152519785245763,0.4533094987482203,-1.3905901651352952,-0.3913967525805944,0.5580544898037827,-1.4802289547062226,-1.0080178390712031,-0.42559820917812835
64,0,0,1,-0.4689318912990815,-0.591177629254842,2.227423305871248,0.43441867513807236,-0.37607639419826056,-0.0025848468516290433,1.355489868892015,-1.3966064620573602,0.5322949794735369,-0.18669346917180268,-1.1881406061069686
65,0,0,1,1.0963001595960309,-0.591177629254842,-2.175636996822556,0.8342800029960297,-2.4132677482677485,-0.746159124503593,-0.5568290820097931,-0.05920686341552558,-0.7255324793888128,1.0452930856772977,1.8620289816083926
66,0,0,0,-0.7718800301820066,-0.591177629254842,-0.1724013501005324,-0.11539065066661894,-0.8819429672010788,0.09655839016863282,0.5381753842120451,-1.2422911237525331,1.7182465835437526,-1.0080178390712031,-0.42559820917812835
67,0,0,0,1.0963001595960309,-0.591177629254842,0.3975800631933032,-0.06540798468437428,2.025809465989538,-1.2914469281150334,0.44758148952462695,0.9695620586166548,1.071363890414544,-1.0080178390712031,-0.42559820917812835
68,1,0,0,0.3894211688692059,-0.591177629254842,0.6613578693454667,0.18450534522684905,0.09057571578108338,-1.0435888355643788,1.5209221983212131,0.45517759760056464,0.8557363260381412,0.22396871577789748,1.099486584679552
69,0,1,0,-1.1505652037856628,1.2439368522337986,-0.25725295207954985,1.1341759988894977,-1.2564410890752578,-0.25044293940228374,-0.5036544046932652,-0.5221528783300068,0.28072948770106715,-1.0080178390712031,1.099486584679552
70,0,1,0,-0.7718800301820066,1.1705322729742529,1.2903664840160098,0.03455734728011505,1.1670127257754515,-0.10172808387189092,0.42197886711296506,-1.6537986925654051,-0.1505256410517382,-0.18669346917180268,-0.42559820917812835
71,0,0,1,0.13696438646676845,-0.591177629254842,0.5728170672804047,-0.21535598263110828,0.9611367949022115,-0.746159124503593,-0.19445350326011987,-0.6250297705332248,0.7838604712460072,-1.4186800240209032,0.3369441877507119
72,0,0,1,-0.16598375241615657,-0.591177629254842,-0.39928715539225296,0.2344880112090937,-0.8858644135034259,0.04698677165850189,-0.2299032881378055,-0.8307835549396608,-0.7974083341809469,0.22396871577789748,1.8620289816083926
73,0,0,0,0.2631927776679872,-0.591177629254842,0.6410672688722234,0.8842626689782743,0.16312247237451052,-1.1923036910947715,-0.37170242764854694,-0.1106453095171346,0.6401087616617385,-1.0080178390712031,-0.42559820917812835
74,0,1,0,-0.6708973172210315,1.9779826448292548,-0.4693819570270938,0.18450534522684905,-1.5054529292743193,-0.7957307430137239,0.016275773512787643,-2.2196215996831046,0.24479156030500016,1.8666174555766981,0.3369441877507119
75,0,0,1,0.6923693077521309,-0.591177629254842,1.076392879025444,1.234141330853987,0.9297652244834322,-0.3495861764225456,0.15019718305071053,-1.6537986925654051,1.3229293821870143,-0.18669346917180268,-0.42559820917812835
76,0,0,0,-0.4689318912990815,-0.591177629254842,-0.65753116141535,-1.9647492920096716,-0.10353587618511433,0.24527324569902562,-1.8054492827016018,-0.3163990939235707,0.3166674150971342,-1.0080178390712031,-0.42559820917812835
77,0,0,0,-0.519423247779569,-0.591177629254842,-1.0190727698476858,-0.015425318702129613,-0.5329342462921576,0.3444164827192875,1.0226557775404124,-1.9624293691750594,-0.8333462615770139,1.8666174555766981,-0.42559820917812835
78,0,0,0,-0.5699146042600566,-0.591177629254842,1.3530828854787622,-0.36530398057784225,-0.42705519612877696,0.5922745752699422,1.2333850543133198,0.24942381319412854,-0.25833942323993986,1.0452930856772977,1.099486584679552
79,0,0,0,-0.26696646537713153,-0.591177629254842,-0.008231946271563496,-1.4649226321872248,-0.1878469716855842,-0.9444455985441168,-1.4489820014315427,-0.47071443222839776,0.1369777781167985,1.0452930856772977,1.099486584679552
80,0,0,0,0.08647302998628094,-0.591177629254842,1.8234558964494025,0.2844706771913384,-2.3367995453719734,0.6418461937800731,-0.7498334663438584,1.8954540884456172,-0.1505256410517382,0.22396871577789748,-0.42559820917812835
81,0,0,0,-0.03975536121493781,-0.591177629254842,0.34408666194566156,-0.6651999764713102,0.1395937945604262,-1.1923036910947715,-0.2043006657261436,0.6609313820070007,-0.5458428424084772,-0.5973556541215028,1.8620289816083926
82,0,0,1,0.4904038818301809,-0.591177629254842,0.6004860679257364,1.534037326747455,0.18076898073507405,0.1957016271888947,-0.6710561666156686,-0.21352220172035263,-1.7677323738747597,0.22396871577789748,-0.42559820917812835
83,0,1,0,-0.06500103945518156,0.950318535195616,-0.3384153539725233,0.6843320050492957,1.019958489437423,-0.845302361523855,-0.8089164411400007,-0.41927598612678874,-2.0911737204393637,1.455955270626998,1.8620289816083926
84,0,0,0,0.8690890554338372,-0.591177629254842,-0.5136523580596248,-0.9151133063825336,-1.5917247479259626,0.24527324569902562,-0.41896880748546095,-0.007768417313916559,0.10103985072073149,0.6346309007275976,-1.1881406061069686
85,0,0,0,0.5408952383106684,-0.591177629254842,-0.1668675499714658,-0.3153213145955976,-0.5192091842339418,0.4435597197395494,0.9320618828529942,-1.293729569854142,0.38854326988926885,-1.0080178390712031,-0.42559820917812835
86,0,0,0,-0.1407380741759128,-0.591177629254842,1.080082079111488,-1.7648186280806928,-0.2545115588254906,-0.10172808387189092,-0.22202555816498643,0.7638082742102187,0.5682329068696045,-0.18669346917180268,1.8620289816083926
87,0,1,0,-0.1912294306564003,0.950318535195616,-1.1371271726011014,1.534037326747455,-0.6995957141419232,0.740989430800335,0.3097212150002948,-0.7279066627364429,-0.1505256410517382,-0.5973556541215028,-0.42559820917812835
88,0,0,0,1.4244939767191998,-0.591177629254842,0.9269802755406523,-0.5152519785245763,-1.0250757572367595,1.0384191418611206,0.7902627433422528,0.4037391514989556,-0.22240149584387287,1.0452930856772977,1.099486584679552
89,0,0,0,0.4904038818301809,-0.591177629254842,-0.2683205523376825,-0.015425318702129613,2.2944285377003366,-0.845302361523855,-1.616383763353946,-0.7279066627364429,-0.6895945519927452,1.455955270626998,-0.42559820917812835
90,0,0,0,0.06122735174603719,-0.591177629254842,0.10059945626674176,0.8342800029960297,0.4533094987482203,-0.30001455791241466,0.42394829960617025,-0.47071443222839776,0.8557363260381412,-1.0080178390712031,0.3369441877507119
91,0,0,0,-0.06500103945518156,-0.591177629254842,-0.3421045540585673,0.8342800029960297,-0.18196480223206285,0.6418461937800731,0.5204504917732024,0.6609313820070007,0.6760466890578055,-0.18669346917180268,1.8620289816083926
92,0,0,0,0.6166322730313997,-0.591177629254842,-0.9748023688151548,0.3844360091558277,0.1141043935951677,-0.4983010319529384,0.9163064229073565,0.7123698281086097,1.1073018178106115,1.0452930856772977,-0.42559820917812835
93,1,1,1,-1.630233090350294,2.491814699646074,0.3182622613433523,-0.5652346445068209,1.0728980145191136,1.0879907603712515,-1.2402221571518395,1.329631181327918,3.5151429533471092,0.6346309007275976,-1.1881406061069686
94,0,0,0,-0.923354099623469,-0.591177629254842,-0.3125909533702135,-0.8651306404002889,-0.938803938585116,0.4435597197395494,-2.831523611661274,1.123877396921482,1.4307431643752153,-0.5973556541215028,-0.42559820917812835
95,0,0,1,-0.6708973172210315,-0.591177629254842,1.89908449821331,0.6843320050492957,0.38664491160831393,-2.5803090093784378,-0.6159120568059354,0.7638082742102187,-0.29427735063600685,-0.18669346917180268,-0.42559820917812835
96,0,1,0,0.2884384559082309,2.0513872240888005,-1.2146003744080307,0.8342800029960297,-0.8368463347240831,-0.8948739800339859,-0.46623518732237496,0.9181236125150458,-0.07864978625960418,-0.5973556541215028,0.3369441877507119
97,0,0,0,-1.3777763079478564,-0.591177629254842,0.5654386671083161,-0.4152866465600869,0.5317384247951689,-1.1427320725846406,-0.023112876351307262,0.8152467203118278,1.0354259630184768,1.0452930856772977,-0.42559820917812835
98,0,1,0,-1.5040046991490752,1.0237231144551617,0.6318442686571129,0.08454001326235971,-1.1446798694583558,-0.6965875059934621,-1.163414289916855,1.175315843023091,-1.0849117533494839,-0.5973556541215028,-1.1881406061069686
99,0,0,0,0.5156495600704247,-0.591177629254842,0.20574165871900246,0.13452267924460437,-0.3270583154189177,0.8401326678205968,0.38455964974207535,0.1465469209909105,-0.1505256410517382,-0.18669346917180268,1.099486584679552
100,0,0,0,2.3333383933679746,-0.591177629254842,-0.15948914979937723,1.1841586648717424,-1.3309485688198586,-0.25044293940228374,-1.740458010425845,-0.5735913244316158,0.49635705207746983,-0.5973556541215028,-0.42559820917812835
101,0,0,0,0.7428606642326184,-0.591177629254842,-0.4675373569840718,0.934245334960519,-1.7642683852292493,-0.10172808387189092,0.5145421942935884,0.8666851664134367,-0.3661532054281415,0.22396871577789748,0.3369441877507119
102,0,0,0,-0.3931948565783503,-0.591177629254842,0.40311386332236976,-2.4145932858498735,0.5729136109698166,0.1957016271888947,1.0088697500879793,0.30086225929573757,0.6401087616617385,-0.5973556541215028,-0.42559820917812835
103,0,0,1,1.5507223679204185,-0.591177629254842,-2.0077783929075426,0.3844360091558277,-0.8368463347240831,-0.6470158874833312,-0.9152657957730566,-0.9336604471428789,-0.40209113282420855,-0.5973556541215028,1.8620289816083926
104,0,1,1,-0.9990911343442003,1.39074601075289,0.1467144573422948,1.1841586648717424,-1.050565158202018,0.14613000867876375,0.4810618419091074,1.483946519632745,-1.372415172518021,0.6346309007275976,1.8620289816083926
105,0,0,0,-0.21647510889664406,-0.591177629254842,-1.6204123838728972,-0.5152519785245763,-0.12706455399919922,1.1375623788813825,-0.5174404321456982,-0.7279066627364429,-0.3661532054281415,-0.18669346917180268,0.3369441877507119
106,0,1,0,0.7681063424728621,2.0513872240888005,0.639222668829201,0.7343146710315404,-0.7544959623747874,0.8401326678205968,1.249140514258958,0.09510847488930148,-0.25833942323993986,-0.18669346917180268,1.099486584679552
107,0,0,0,-0.26696646537713153,-0.591177629254842,-0.6280175607269961,-0.4152866465600869,0.3435090022824919,0.691417812290204,-1.0708509627362315,1.175315843023091,0.24479156030500016,-1.0080178390712031,1.099486584679552
108,0,0,0,-0.5699146042600566,-0.591177629254842,0.9491154760569175,0.7343146710315404,0.5925208424815538,1.9802798935536083,1.1841492419832012,1.0210005047182638,-0.25833942323993986,-0.5973556541215028,-0.42559820917812835
109,0,0,0,-0.4689318912990815,-0.591177629254842,0.3828232628491265,-0.21535598263110828,0.019989682338829258,0.09655839016863282,0.09505307324097745,-2.0653062613782773,-1.1208496807455512,-1.4186800240209032,1.8620289816083926
110,0,0,0,1.5759680461606622,-0.591177629254842,0.3219514614293963,0.43441867513807236,0.04743980645526135,1.385420471432037,0.10096137072059191,-1.036537339346097,-0.40209113282420855,2.277279640526398,-0.42559820917812835
111,1,0,0,-0.2417207871368878,-0.591177629254842,-0.9157751674384469,0.5843666730848064,-0.5270520768386362,-0.845302361523855,0.9044898279481276,1.5353849657343541,0.3526053424932012,-0.5973556541215028,1.099486584679552
112,0,1,0,-0.6456516389807878,0.950318535195616,-0.06910374769129318,-0.1653733166488636,0.33958755598014473,0.29484486420915657,0.7134548761072675,1.7411387501407902,-1.7677323738747597,-0.18669346917180268,2.6245713785372327
113,0,0,0,-0.2417207871368878,-0.591177629254842,0.4344720640537456,0.2844706771913384,0.19449404279328983,0.6418461937800731,-0.1117373385455208,1.483946519632745,0.6401087616617385,-0.5973556541215028,1.099486584679552
114,0,1,0,0.6671236295118872,2.0513872240888005,0.06739665549234337,0.8342800029960297,-1.4387883421344132,-1.1923036910947715,1.221568459354092,-1.499483354260578,0.3526053424932012,1.455955270626998,-0.42559820917812835
115,0,1,0,0.3136841341484747,1.0971276937147072,0.469519464871166,0.03455734728011505,-0.9446861080386374,-1.9854495872568665,-0.8404273610312766,-2.1167447074798864,-0.006773931467470169,0.22396871577789748,0.3369441877507119
116,0,0,0,0.23794709942774345,-0.591177629254842,-0.5726795594363325,0.7343146710315404,1.4944534920214612,-0.7957307430137239,-0.1511259884096157,0.6094929359053917,0.7838604712460072,-0.5973556541215028,-0.42559820917812835
117,0,1,0,0.4904038818301809,2.271600961867437,0.3828232628491265,-1.6148706301339588,0.3964485273641825,-0.15129970238202184,1.0344723724996412,0.8152467203118278,0.10103985072073149,-0.18669346917180268,-1.1881406061069686
118,0,1,0,1.4244939767191998,1.4641505900124354,0.24078905953642288,0.33445334317358305,-0.09177153727807216,-1.2914469281150334,-1.8034798502083969,1.9983309806488352,-1.2286634629337525,0.22396871577789748,1.099486584679552
119,0,0,0,0.06122735174603719,-0.591177629254842,1.2350284827253464,-2.664506615761097,-0.09177153727807216,-0.7957307430137239,-0.01523514637848817,-0.21352220172035263,0.5322949794735369,-0.18669346917180268,-0.42559820917812835
120,1,0,1,0.4146668471094497,-0.591177629254842,-0.22958395143421803,-0.7151826424535549,-0.44470170448934054,-0.6470158874833312,0.9478173427986324,1.638261857937572,1.3948052369791482,1.0452930856772977,0.3369441877507119
121,0,0,0,0.995317446635056,-0.591177629254842,0.9657168764441167,0.03455734728011505,-0.7858675327935667,-0.30001455791241466,-1.7896938227559636,-0.1106453095171346,1.466681091771283,0.6346309007275976,1.099486584679552
122,1,0,0,-0.4436862130588378,-0.591177629254842,1.6961784934808766,-0.6651999764713102,0.3160588781660604,1.2862772344117752,-1.578964545983056,0.24942381319412854,0.5322949794735369,-0.18669346917180268,-0.42559820917812835
123,0,1,0,1.1215458378362746,2.56521927890562,1.4416236875438238,-0.1653733166488636,-0.7466530697700925,-0.25044293940228374,1.6863545277504113,-0.7279066627364429,0.3166674150971342,-0.18669346917180268,0.3369441877507119
124,0,0,0,0.3136841341484747,-0.591177629254842,0.26292426005268865,-0.06540798468437428,0.4160557588759196,1.2367056159016443,-0.570615109462226,-1.7052371386670142,0.1369777781167985,0.6346309007275976,-0.42559820917812835
125,0,0,0,-1.1253195255454191,-0.591177629254842,0.8568854739058115,0.5843666730848064,0.9474117328439957,0.8897042863307277,-1.1968946423013354,2.1526463189536624,-1.1927255355376853,2.6879418254760985,-0.42559820917812835
126,0,0,0,-0.11549239593566905,-0.591177629254842,1.4914278887054206,0.7343146710315404,-1.0623294971090602,-2.6794522463986996,1.3436732739327861,-0.6764682166348338,0.46041912468140284,-0.18669346917180268,2.6245713785372327
127,0,0,0,1.273019907277737,-0.591177629254842,-0.015610346443652084,0.784297337013785,1.8022870267557352,1.8811366565333465,1.2727737041774148,0.04367002878769246,-0.1505256410517382,-0.18669346917180268,-1.1881406061069686
128,0,0,1,-0.4436862130588378,-0.591177629254842,2.911769921832454,0.9842280009427636,0.5336991479463424,0.7905610493104659,-0.9329906882118993,0.7123698281086097,2.00575000271229,1.0452930856772977,-1.1881406061069686
129,0,1,0,0.9700717683948121,1.0971276937147072,-0.4048209555213195,1.4340719947829657,0.91800088557639,-0.2008713208921528,1.140821727132697,0.6094929359053917,1.2510535273948795,-1.0080178390712031,-1.1881406061069686
130,0,1,0,0.3641754906289622,1.1705322729742529,-0.6907339621897484,1.1841586648717424,-0.32901903857009135,1.434992089942168,-0.718322546452582,0.7123698281086097,-0.22240149584387287,-0.18669346917180268,-0.42559820917812835
131,0,0,0,-0.3427035000978628,-0.591177629254842,-0.7977207646850311,-0.1653733166488636,-0.5486200315015475,0.3939881012294184,-1.2559776170974777,0.04367002878769246,-1.1208496807455512,0.22396871577789748,-1.1881406061069686
132,0,0,0,1.0205631248752998,-0.591177629254842,0.6927160700768425,0.484401341120317,0.8101611122618358,0.5427029567598112,1.028564075020027,0.1465469209909105,0.6401087616617385,0.6346309007275976,-1.1881406061069686
133,0,1,0,1.0205631248752998,2.0513872240888005,0.1467144573422948,-0.06540798468437428,0.8082003891106623,0.7905610493104659,0.5559002766508879,0.24942381319412854,0.10103985072073149,0.22396871577789748,1.099486584679552
134,0,0,0,-0.9738454561039566,-0.591177629254842,-1.4876011807753045,0.13452267924460437,-1.2701661511334736,1.0879907603712515,0.6957299836684248,-0.9336604471428789,0.7119846164538726,-1.4186800240209032,-0.42559820917812835
135,0,0,0,1.1467915160765185,-0.591177629254842,0.4934992654304538,2.533690646392348,-1.0113506951785438,-0.5478726504630693,-0.6710561666156686,-0.47071443222839776,-1.4802289547062226,-0.5973556541215028,-0.42559820917812835
136,0,1,0,-0.21647510889664406,1.8311734863101636,1.172312081262594,-0.4152866465600869,0.26704079938671754,-0.3991577949326765,0.5401448167052497,0.19798536709251952,0.6760466890578055,-1.0080178390712031,0.3369441877507119
137,0,1,0,2.1313729674460244,1.6843643277910723,0.18914025833180378,1.2841239968362317,-0.7231243919560075,1.6332785639826917,1.2511099467521631,1.329631181327918,-0.9770979711612826,-0.5973556541215028,-0.42559820917812835
138,0,0,0,1.197282872557006,-0.591177629254842,0.41418146358050234,0.08454001326235971,0.8434934058317888,1.385420471432037,1.1821798094899971,-0.5221528783300068,0.24479156030500016,-0.5973556541215028,-0.42559820917812835
139,0,1,0,-0.16598375241615657,2.198196382607892,-0.1742459501435544,1.1841586648717424,-0.13490744660389362,0.7905610493104659,-1.878318284950177,-1.3966064620573602,0.9276121808302759,-0.18669346917180268,-0.42559820917812835
140,0,0,0,-0.822371386662494,-0.591177629254842,1.0616360786812669,0.2344880112090937,0.4572309450505675,0.24527324569902562,-2.0457200468725802,-1.087975785447706,1.071363890414544,-1.0080178390712031,-0.42559820917812835
141,0,0,0,1.9798988980045622,-0.591177629254842,0.731452670980307,-0.4152866465600869,-0.9956649099691538,1.2367056159016443,0.855254015618009,0.19798536709251952,-1.4802289547062226,0.22396871577789748,-1.1881406061069686
142,0,0,0,-0.16598375241615657,-0.591177629254842,1.3475490853496956,0.18450534522684905,-0.6113631723391061,1.2367056159016443,-0.5981871643670926,0.30086225929573757,0.3166674150971342,1.0452930856772977,0.3369441877507119
143,0,0,0,-0.9738454561039566,-0.591177629254842,-0.5985039600386423,-0.4652693125423316,-0.19176841798793143,0.3444164827192875,-0.11961506851833989,0.7638082742102187,0.7119846164538726,-0.5973556541215028,-1.1881406061069686
144,0,0,0,0.3894211688692059,-0.591177629254842,-0.11152954868080217,-0.36530398057784225,-0.11922166139450426,-1.1923036910947715,0.13247229061186772,0.6094929359053917,2.149501712296558,2.277279640526398,1.099486584679552
145,0,0,0,-0.7718800301820066,-0.591177629254842,0.9694060765301608,1.084193332907253,1.8062084730580823,0.5922745752699422,-0.0014491189260551769,0.6094929359053917,-3.672442525866318,-1.8293422089706033,1.099486584679552
146,1,1,0,-0.16598375241615657,1.0971276937147072,0.3237960614724183,1.234141330853987,0.2807658614449333,1.7819934195130847,1.5937912005697885,0.1465469209909105,-0.25833942323993986,0.22396871577789748,1.8620289816083926
147,0,0,1,0.6418779512716434,-0.591177629254842,-2.238353398285308,-0.3153213145955976,-1.2054622871447414,0.8897042863307277,-1.2697636445499108,-0.47071443222839776,0.6041708342656715,-1.4186800240209032,2.6245713785372327
148,0,1,0,-0.8476170649027378,2.0513872240888005,-1.1795529735906105,0.5343840071025617,0.7356536325172345,-0.30001455791241466,-0.6178814892991401,0.1465469209909105,-0.11458771365567119,3.098604010425799,0.3369441877507119
149,0,0,0,-2.0594096204344376,-0.591177629254842,0.12089005673998499,-0.11539065066661894,1.0611336756120713,-2.134164442787259,0.25063824020415243,1.3810696274295269,1.574494873959484,1.0452930856772977,0.3369441877507119
150,1,0,0,1.7526877938423684,-0.591177629254842,1.48220488849031,-1.6148706301339588,0.8787864225529158,1.0879907603712515,-1.3170300243868247,1.0724389508198728,-0.6536566245966782,-0.5973556541215028,1.099486584679552
151,0,0,0,-0.6961429954612753,-0.591177629254842,0.6410672688722234,2.23379465049888,1.3395563630787384,1.7324218010029537,0.7863238783558429,-0.41927598612678874,0.20885363290893316,3.5092661953754987,-0.42559820917812835
152,0,0,0,0.13696438646676845,-0.591177629254842,-0.3845303550480763,-1.3149746342404909,-2.6642403116179842,1.9307082750434774,-0.054623796242583074,0.1465469209909105,-0.006773931467470169,-0.18669346917180268,-0.42559820917812835
153,0,0,0,1.601213724400906,-0.591177629254842,-0.3494829542306559,0.5343840071025617,-0.7250851151071817,1.2862772344117752,-0.2791391004679241,0.6094929359053917,-0.43802906022027555,-0.5973556541215028,-0.42559820917812835
154,0,0,0,-1.2515479167466377,-0.591177629254842,0.9749398766592273,0.43441867513807236,-0.25059011252314284,-0.25044293940228374,0.5893806290353684,0.3523007053973466,-0.40209113282420855,-0.5973556541215028,-0.42559820917812835
155,0,0,0,0.16221006470701219,-0.591177629254842,-0.8438357657605841,-0.7651653084357996,-0.38588000995412913,-0.30001455791241466,-1.7542440378782782,0.7638082742102187,-0.47396698761634254,-0.18669346917180268,-1.1881406061069686
156,0,0,0,0.7428606642326184,-0.591177629254842,-0.048813147218049954,0.43441867513807236,-2.1466093997081233,0.1957016271888947,0.7233020385732913,-1.6023602464637963,-0.25833942323993986,-1.0080178390712031,-0.42559820917812835
157,0,0,0,-0.519423247779569,-0.591177629254842,0.55990486697925,-1.3149746342404909,-0.09961442988276713,-1.1427320725846406,0.136411155598277,0.9695620586166548,-0.5099049150124095,-0.18669346917180268,0.3369441877507119
158,0,0,0,-0.16598375241615657,-0.591177629254842,-0.7755855641687658,0.8842626689782743,0.05920414536230352,-0.5974442689732002,-1.0097985554468845,1.586823411835963,1.1432397452066785,-1.0080178390712031,-1.1881406061069686
159,0,1,0,0.43991252534969344,1.0971276937147072,2.0282065012248585,-2.4145932858498735,-0.6584205279672753,0.5427029567598112,-1.6183531958471509,-0.6250297705332248,-0.25833942323993986,-0.18669346917180268,-0.42559820917812835
160,0,1,0,0.4146668471094497,1.0971276937147072,0.3422420619026395,-0.7151826424535549,-0.45450532024520907,-0.6965875059934621,-0.4091216450194372,-0.41927598612678874,-1.2286634629337525,0.6346309007275976,-0.42559820917812835
161,0,0,0,-0.5699146042600566,-0.591177629254842,-0.5505443589200673,0.934245334960519,-0.3525477163841762,0.740989430800335,1.1861186744764065,1.329631181327918,-0.18646356844780584,1.455955270626998,-1.1881406061069686
162,1,1,1,0.7681063424728621,1.3173414314933443,2.09092290268761,0.03455734728011505,-0.009421164928776437,-0.15129970238202184,1.0640138598977125,1.3810696274295269,1.2869914547909471,1.0452930856772977,1.8620289816083926
163,0,0,0,-0.9485997778637127,-0.591177629254842,-1.780892587615822,-1.8148012940629374,-0.45450532024520907,0.29484486420915657,0.8749483405500564,-0.5735913244316158,0.9994880356224098,-0.5973556541215028,-1.1881406061069686
164,0,1,0,-1.2010565602661503,1.1705322729742529,-0.6243283606409521,2.283777316481125,0.3984092505153561,1.7819934195130847,0.9576645052646561,-0.21352220172035263,1.0354259630184768,0.22396871577789748,1.099486584679552
165,0,0,0,-0.9738454561039566,-0.591177629254842,0.050795255105144696,0.03455734728011505,2.510108084329445,-0.3495861764225456,0.8611623130976235,1.586823411835963,0.3526053424932012,-1.4186800240209032,0.3369441877507119
166,0,0,0,-0.0902467176954253,-0.591177629254842,0.7093174704640417,-0.7151826424535549,-0.31725469966304914,-0.30001455791241466,0.7725378509034099,0.5066160437021736,-1.372415172518021,1.455955270626998,1.099486584679552
167,0,0,0,0.11171870822652469,-0.591177629254842,-0.7184029628350802,0.43441867513807236,-0.42313374982642976,-2.431594153848045,0.3097212150002948,-0.8822220010412699,-1.2286634629337525,-0.5973556541215028,0.3369441877507119
168,0,0,0,1.4244939767191998,-0.591177629254842,-0.49520635762940357,0.2344880112090937,1.12387681644963,-0.9940172170542477,-0.06250152621540217,-0.3678375400251797,-0.29427735063600685,-0.18669346917180268,-0.42559820917812835
169,0,1,0,-0.8728627431429815,2.0513872240888005,-1.343722377419579,-1.2150093022760016,0.18861187333976903,-1.1427320725846406,-0.21414782819216732,0.8666851664134367,0.6760466890578055,-1.0080178390712031,-0.42559820917812835
170,0,0,0,-1.5797417338698065,-0.591177629254842,0.27399186031082123,-0.3153213145955976,-0.2643151745813591,-0.25044293940228374,0.43379546207219394,-0.5221528783300068,0.20885363290893316,0.22396871577789748,1.099486584679552
171,0,0,0,0.13696438646676845,-0.591177629254842,0.6336888687001349,-0.26533864861335293,-0.946646831189811,-1.489733402155557,1.1585466195715404,1.2267542891246999,0.7119846164538726,0.22396871577789748,1.099486584679552
172,0,0,0,-0.03975536121493781,-0.591177629254842,0.6945606701198646,0.5843666730848064,0.9121187161228687,-0.5478726504630693,0.4889395718819265,-0.5735913244316158,2.00575000271229,1.0452930856772977,1.099486584679552
173,1,0,0,1.0963001595960309,-0.591177629254842,0.4418504642258342,-0.015425318702129613,0.9297652244834322,0.14613000867876375,-0.13733996095718215,-0.3163990939235707,0.6041708342656715,2.6879418254760985,-1.1881406061069686
174,0,1,0,-0.4689318912990815,1.1705322729742529,-0.4490913565538506,1.534037326747455,0.8689828067970472,0.29484486420915657,-1.553361923571394,-1.6537986925654051,0.1729157055128655,-0.5973556541215028,-0.42559820917812835
175,0,1,0,-0.36794917833810653,1.6843643277910723,-0.22036095121910743,1.9338986546054122,-1.7093681369963853,0.8897042863307277,0.8985815304685137,1.0724389508198728,0.7119846164538726,0.6346309007275976,-0.42559820917812835
176,1,0,1,-0.7718800301820066,-0.591177629254842,0.8697976742069661,-0.11539065066661894,0.5474242100045582,0.740989430800335,-2.522322710228129,-0.3678375400251797,2.6526326958414987,-0.18669346917180268,0.3369441877507119
177,0,0,0,-0.1912294306564003,-0.591177629254842,-0.004542746185518938,-0.36530398057784225,-0.42313374982642976,-0.10172808387189092,0.47121467944308365,1.586823411835963,0.46041912468140284,0.6346309007275976,1.099486584679552
178,0,0,0,-0.1912294306564003,-0.591177629254842,-0.5191861581886908,-0.5652346445068209,-0.27019734403487994,-1.1923036910947715,-0.5666762444758169,1.0210005047182638,0.24479156030500016,-0.5973556541215028,-1.1881406061069686
179,0,0,0,0.4904038818301809,-0.591177629254842,0.0083694541156357,-1.015078638347023,0.47095600710878327,-0.8948739800339859,1.262926541711391,-0.47071443222839776,-1.9833599382511622,1.0452930856772977,1.099486584679552
180,0,0,1,0.8943347336740809,-0.591177629254842,1.3032786843171646,1.0342106669250084,1.3121062389623068,0.8897042863307277,-0.9901042305148371,0.7123698281086097,0.9994880356224098,-1.0080178390712031,-0.42559820917812835
181,0,0,0,0.13696438646676845,-0.591177629254842,0.8015474726151478,1.0342106669250084,-1.7662291083804231,-0.10172808387189092,-0.24762818057664832,0.3523007053973466,-1.1208496807455512,3.098604010425799,-1.1881406061069686
182,0,0,0,-0.4941775695393253,-0.591177629254842,0.07477505566443196,0.784297337013785,-0.9329217691315952,-0.10172808387189092,0.2151884553264668,-0.05920686341552558,0.7119846164538726,0.6346309007275976,1.099486584679552
183,0,1,0,0.6671236295118872,1.0237231144551617,-0.24987455190746127,0.6843320050492957,-0.5035233990245519,0.14613000867876375,0.8591928806044188,-1.6537986925654051,-0.006773931467470169,0.6346309007275976,-0.42559820917812835
184,0,0,0,-1.6554787685905377,-0.591177629254842,-0.5579227590921553,0.634349339067051,0.8238861743200516,1.0879907603712515,-0.5312264595981312,0.19798536709251952,-0.47396698761634254,0.6346309007275976,0.3369441877507119
185,0,0,0,-0.31745782185761906,-0.591177629254842,-2.105542195187715,-0.1653733166488636,-0.6270489575484961,-1.1923036910947715,0.6839133887091964,0.6609313820070007,1.2869914547909471,-1.4186800240209032,0.3369441877507119
186,0,0,0,0.5661409165509121,-0.591177629254842,0.5045668656885864,-0.7651653084357996,0.8729042530993945,-1.0931604540745097,0.3983456771945083,1.8440156423440082,-0.9052221163691483,-1.0080178390712031,1.099486584679552
187,0,1,0,0.6418779512716434,1.39074601075289,0.122734656783007,-1.1150439703115123,-0.20745420319732136,-0.845302361523855,-2.457331437952372,1.9983309806488352,-0.22240149584387287,-0.5973556541215028,0.3369441877507119
188,0,1,0,0.08647302998628094,1.0971276937147072,1.8566586972238008,1.7839506566586782,0.3984092505153561,-0.3991577949326765,-1.267794212056706,0.09510847488930148,1.1073018178106115,-0.5973556541215028,1.8620289816083926
189,1,0,1,-0.1912294306564003,-0.591177629254842,2.4432415109048358,0.43441867513807236,-1.3878095402038964,-0.0025848468516290433,0.32153780995952314,-1.345168015955751,0.10103985072073149,-1.0080178390712031,-1.1881406061069686
190,1,1,0,-0.9485997778637127,2.0513872240888005,0.3588434622898387,0.484401341120317,1.7866012415463453,0.5427029567598112,-0.0723486886814259,-0.41927598612678874,0.28072948770106715,0.6346309007275976,-0.42559820917812835
191,0,0,0,-0.01450968297469406,-0.591177629254842,0.4344720640537456,-0.21535598263110828,0.32978394022427615,1.2862772344117752,-0.4012439150466181,1.123877396921482,1.1791776726027456,-1.0080178390712031,1.099486584679552
192,0,0,0,-1.2010565602661503,-0.591177629254842,-0.19822575070284165,-0.1653733166488636,0.3944878042130089,-0.6470158874833312,-0.9251129582390802,0.6609313820070007,0.24479156030500016,-1.0080178390712031,-1.1881406061069686
193,1,0,0,-0.21647510889664406,-0.591177629254842,-0.11890794885289077,1.9838813205876569,0.7866324344477515,0.24527324569902562,0.6287692788994633,0.8666851664134367,-0.43802906022027555,0.22396871577789748,-0.42559820917812835
194,0,1,0,0.23794709942774345,2.345005541126983,0.425249063838635,0.13452267924460437,-1.5956461942283102,1.385420471432037,0.6622496312839443,-0.1106453095171346,-0.43802906022027555,1.8666174555766981,0.3369441877507119
195,0,0,0,0.23794709942774345,-0.591177629254842,-1.9376835912727022,0.8342800029960297,0.012146789734134852,-0.10172808387189092,-0.17869804331448225,0.04367002878769246,-0.1505256410517382,1.0452930856772977,1.099486584679552
196,0,0,0,-0.6961429954612753,-0.591177629254842,0.23341065936433428,-0.7151826424535549,-0.619206064943801,0.7905610493104659,-1.2106806697537682,-0.6764682166348338,-0.29427735063600685,0.6346309007275976,-0.42559820917812835
197,0,0,0,0.9448260901545684,-0.591177629254842,0.7498986714105282,-0.5652346445068209,-2.1936667553362925,1.2367056159016443,-0.1176456360251347,-1.087975785447706,0.9635501082263429,0.22396871577789748,-1.1881406061069686
198,1,0,1,0.9195804119143247,-0.591177629254842,-0.8198559652012968,-0.26533864861335293,-1.295655552098732,0.09655839016863282,0.42985659708578416,-0.985098893244488,0.7479225438499402,-1.0080178390712031,0.3369441877507119
199,0,0,0,-1.630233090350294,-0.591177629254842,1.3623058856938728,-1.165026636293757,-0.34862627008182845,2.5255676971650485,1.4677475210046853,0.1465469209909105,-0.6536566245966782,-1.0080178390712031,-0.42559820917812835
200,0,0,0,-0.3931948565783503,-0.591177629254842,0.8384394734755902,-0.9650959723647783,-0.4564660433963827,-1.8367347317264735,-0.13733996095718215,0.5066160437021736,-1.1208496807455512,-1.0080178390712031,1.099486584679552
201,0,0,1,0.18745574294725595,-0.591177629254842,0.34962046207472813,-0.06540798468437428,1.3258313010205227,-1.9854495872568665,3.025568623129638,-1.293729569854142,-0.29427735063600685,-0.5973556541215028,-1.1881406061069686
202,0,0,0,-1.9836725857137065,-0.591177629254842,-1.2773167758707829,0.33445334317358305,-0.6603812511184489,-0.3495861764225456,0.020214638499197468,-0.21352220172035263,-0.25833942323993986,0.22396871577789748,-1.1881406061069686
203,0,1,0,0.16221006470701219,2.124791803348346,-2.20515059751091,0.08454001326235971,-1.9211262373231464,-0.9940172170542477,1.1920269719560208,0.30086225929573757,0.3166674150971342,-0.5973556541215028,-1.1881406061069686
204,0,0,0,-1.2515479167466377,-0.591177629254842,0.6502902690873341,-0.3153213145955976,-0.989782740515633,-2.084592824277128,1.6174243904882453,-1.7566755847686233,-0.006773931467470169,0.22396871577789748,-1.1881406061069686
205,0,1,1,-1.7059701250710253,1.537555169271981,-0.4085101556073636,-0.06540798468437428,-1.6132927025888735,-0.9940172170542477,1.5347082257736462,-1.087975785447706,1.3229293821870143,2.6879418254760985,1.8620289816083926
206,0,0,0,0.13696438646676845,-0.591177629254842,0.5230128661188076,-0.4652693125423316,-0.5525414778038947,0.4435597197395494,-0.18657577328730077,2.2040847650552715,1.5026190191673499,1.0452930856772977,1.8620289816083926
207,0,0,0,-0.4689318912990815,-0.591177629254842,0.5064114657316084,-0.5152519785245763,0.6415389212608966,-0.845302361523855,-0.5686456769690215,0.4037391514989556,-0.40209113282420855,1.455955270626998,1.099486584679552
208,1,0,0,-0.0902467176954253,-0.591177629254842,-0.6612203615013945,0.8342800029960297,1.4277889048815555,-0.8948739800339859,-0.4524491598699414,-0.985098893244488,0.24479156030500016,-0.5973556541215028,-1.1881406061069686
209,0,0,0,0.18745574294725595,-0.591177629254842,-0.7552949636955226,1.084193332907253,-0.5466593083503734,0.8401326678205968,0.5972583590081875,-0.41927598612678874,-0.1505256410517382,-0.5973556541215028,-0.42559820917812835
210,0,0,0,0.33892981238871844,-0.591177629254842,-1.7495343868844457,0.8842626689782743,0.9748618569604278,-0.6965875059934621,-0.15506485339602497,-0.26496064782196166,1.538556946563417,1.455955270626998,-0.42559820917812835
211,0,0,0,-1.0495824908246878,-0.591177629254842,-0.4490913565538506,-1.0650613043292676,0.6885962768890659,1.1375623788813825,-0.6277286517651638,-1.036537339346097,-0.5458428424084772,-0.18669346917180268,-0.42559820917812835
212,0,1,0,-1.9331812292332191,1.2439368522337986,-0.2701651523807045,0.484401341120317,0.17880825758390045,0.24527324569902562,0.5893806290353684,-2.3224984918863223,-1.2646013903298197,1.8666174555766981,-0.42559820917812835
213,0,0,0,1.273019907277737,-0.591177629254842,-0.8309235654594295,-0.6152173104890656,-1.119190468493098,0.5922745752699422,0.4456120570314223,-2.0138678152766682,1.8619982931280212,-1.4186800240209032,-0.42559820917812835
214,0,0,0,0.4146668471094497,-0.591177629254842,-0.6685987616734825,0.13452267924460437,0.21802272060737474,0.3939881012294184,-0.3165583178388144,-0.21352220172035263,0.46041912468140284,-0.5973556541215028,-0.42559820917812835
215,0,1,0,0.33892981238871844,1.6109597485315268,0.49165466538743124,-1.0650613043292676,1.1728948952289728,-0.4487294134428074,1.7789178549310352,-0.8822220010412699,0.42448119728533584,0.6346309007275976,-0.42559820917812835
216,0,1,0,0.33892981238871844,1.4641505900124354,0.8531962738197674,-0.3153213145955976,-0.140789616057415,0.8401326678205968,0.6130138189538257,-0.007768417313916559,-0.6536566245966782,1.8666174555766981,1.8620289816083926
217,0,0,0,0.4651582035899372,-0.591177629254842,-0.7608287638245886,-0.5652346445068209,-0.5819523250715004,-1.0931604540745097,1.2333850543133198,-0.1106453095171346,1.1791776726027456,0.6346309007275976,1.099486584679552
218,1,0,0,0.43991252534969344,-0.591177629254842,-0.36055055448878853,1.1341759988894977,-0.48587689066398837,-0.2008713208921528,-0.32443604781163293,-0.05920686341552558,-0.11458771365567119,-0.5973556541215028,0.3369441877507119
219,0,0,0,0.010735995265549692,-0.591177629254842,0.4990330655595198,0.2344880112090937,0.4846810691669996,0.8401326678205968,0.9576645052646561,-0.007768417313916559,1.574494873959484,-0.5973556541215028,-1.1881406061069686
220,0,0,0,0.4146668471094497,-0.591177629254842,-0.8272343653733855,1.0342106669250084,-0.3956836257099977,-0.845302361523855,-0.007357416405669077,0.19798536709251952,-0.9052221163691483,-0.5973556541215028,-0.42559820917812835
221,0,1,0,-1.3020392732271253,1.4641505900124354,0.6429118689152455,-1.1150439703115123,0.6866355537378916,-0.0025848468516290433,0.09702250573418209,0.3523007053973466,-0.7974083341809469,3.5092661953754987,1.099486584679552
222,0,0,0,0.9700717683948121,-0.591177629254842,0.24447825962246741,0.18450534522684905,0.6709497685285023,-0.2008713208921528,0.03793953093803973,0.04367002878769246,0.9994880356224098,-0.5973556541215028,1.099486584679552
223,0,1,0,-0.21647510889664406,1.4641505900124354,-0.5247199583177574,-0.5152519785245763,-0.10549659933628794,-1.0435888355643788,0.746935228491748,0.7123698281086097,-0.07864978625960418,-0.5973556541215028,-0.42559820917812835
224,1,0,0,1.197282872557006,-0.591177629254842,0.725918870851241,-0.6152173104890656,0.15331885661864197,-0.746159124503593,0.03990896343124492,-0.05920686341552558,0.3166674150971342,-0.18669346917180268,-1.1881406061069686
225,0,1,0,0.7681063424728621,1.2439368522337986,0.24263365957944488,-0.7651653084357996,0.5042883006787368,0.24527324569902562,1.0423501024724597,-2.1167447074798864,0.24479156030500016,0.6346309007275976,0.3369441877507119
226,1,0,0,1.1467915160765185,-0.591177629254842,0.4584518646130334,1.7339679906764336,0.37095912639892403,-0.4983010319529384,0.42197886711296506,0.7123698281086097,0.10103985072073149,0.6346309007275976,1.099486584679552
227,0,1,0,-1.327284951467369,2.124791803348346,0.5931076677536479,0.7343146710315404,-0.789788979095914,-0.7957307430137239,-1.1259950725459646,-1.036537339346097,0.7119846164538726,-1.4186800240209032,-0.42559820917812835
228,0,1,0,-0.36794917833810653,1.4641505900124354,0.775723072012838,-1.3149746342404909,1.7297402701623068,-0.0025848468516290433,0.7685989859170006,0.24942381319412854,-0.43802906022027555,-1.0080178390712031,-0.42559820917812835
229,0,0,0,-0.7466343519417628,-0.591177629254842,0.3385528618165955,0.3844360091558277,-0.366272778442392,0.4435597197395494,1.5780357406241503,-2.2710600457847137,-1.2646013903298197,0.22396871577789748,1.099486584679552
230,0,0,0,0.9195804119143247,-0.591177629254842,0.4953438654734758,1.084193332907253,-1.4152596643203286,0.09655839016863282,-0.13340109597077288,-0.8307835549396608,-0.5099049150124095,0.22396871577789748,0.3369441877507119
231,0,0,0,0.9195804119143247,-0.591177629254842,0.4861208652583652,-0.6152173104890656,0.17880825758390045,-0.6965875059934621,1.7454375025465536,-0.8307835549396608,1.538556946563417,-0.18669346917180268,0.3369441877507119
232,0,0,0,1.676950759121637,-0.591177629254842,0.517479065989741,-0.6152173104890656,-1.328987845668685,-1.8367347317264735,1.0620444274045073,-0.1106453095171346,1.3948052369791482,0.22396871577789748,-1.1881406061069686
233,0,0,0,0.793352020713106,-0.591177629254842,-1.4765335805171718,0.484401341120317,-1.3936917096574177,-0.9940172170542477,-1.5001872462548662,1.2267542891246999,-0.18646356844780584,-0.5973556541215028,-1.1881406061069686
234,0,0,0,-0.16598375241615657,-0.591177629254842,-0.04512394713200592,0.5843666730848064,-0.12118238454567785,0.5922745752699422,-1.0747898277226413,0.4037391514989556,-1.5521048094983565,-0.18669346917180268,-0.42559820917812835
235,0,1,0,-0.11549239593566905,0.7301047974169792,-0.12628634902497934,-0.7151826424535549,-1.309380614156948,0.6418461937800731,1.1467300246123115,-1.5509218003621872,-0.1505256410517382,-0.5973556541215028,-0.42559820917812835
236,0,0,0,1.6517050808813933,-0.591177629254842,0.4547626645269888,0.7343146710315404,-0.3976443488611713,2.5751393156751794,0.30578235001388554,0.45517759760056464,-0.25833942323993986,0.22396871577789748,-0.42559820917812835
237,0,0,0,-0.6708973172210315,-0.591177629254842,-1.7310883864542246,-0.8651306404002889,0.9317259476346058,-1.6384482576859498,-1.159475424930445,-0.7793451088380519,-0.04271185886353718,0.22396871577789748,0.3369441877507119
238,0,0,0,-1.630233090350294,-0.591177629254842,-0.4048209555213195,0.8342800029960297,-0.3113725302095278,-2.084592824277128,0.7705684184102053,-0.05920686341552558,0.6041708342656715,-1.4186800240209032,-1.1881406061069686
239,0,0,0,0.3136841341484747,-0.591177629254842,0.6632024693884887,1.4340719947829657,0.363116233794229,0.8401326678205968,0.1147473981730249,-0.47071443222839776,-1.3005393177258868,1.8666174555766981,1.8620289816083926
240,0,0,0,-0.8476170649027378,-0.591177629254842,-0.14473234945520058,-1.015078638347023,-1.760346938926902,-0.9444455985441168,-0.11567620353193006,0.5580544898037827,0.6041708342656715,-0.18669346917180268,0.3369441877507119
241,0,0,0,1.4497396549594435,-0.591177629254842,-0.39744255534923095,0.2844706771913384,1.8101299193604294,0.691417812290204,0.7843544458626382,-0.5735913244316158,-0.40209113282420855,-0.18669346917180268,-0.42559820917812835
242,0,0,0,0.8943347336740809,-0.591177629254842,-1.6148785837438309,0.8342800029960297,1.047408613553855,-1.1427320725846406,0.25260767269735707,-0.5221528783300068,0.02916399592859748,2.277279640526398,-0.42559820917812835
243,0,0,0,2.409075428088706,-0.591177629254842,1.004453477347581,0.43441867513807236,0.9670189643557329,0.691417812290204,-0.5548596495165885,-1.5509218003621872,-0.40209113282420855,0.22396871577789748,0.3369441877507119
244,0,0,1,0.3136841341484747,-0.591177629254842,1.7072460937390097,0.5343840071025617,1.3395563630787384,0.8897042863307277,0.24669937521774316,0.24942381319412854,-0.6177186972006112,2.277279640526398,-0.42559820917812835
245,0,0,0,0.2884384559082309,-0.591177629254842,0.27399186031082123,0.03455734728011505,-0.19372914113910503,-0.8948739800339859,-0.3520081027164995,0.3523007053973466,0.42448119728533584,-1.0080178390712031,-1.1881406061069686
246,0,0,0,2.7372692452118748,-0.591177629254842,0.8790206744220767,1.384089328800721,1.1415233248101928,-0.3991577949326765,-0.3500386702232949,-1.345168015955751,-0.47396698761634254,-0.18669346917180268,1.099486584679552
247,0,0,1,-0.9738454561039566,-0.591177629254842,1.2756096836718327,0.43441867513807236,0.38860563475948756,0.8897042863307277,1.2688348391910056,-1.139414231549315,1.071363890414544,-1.0080178390712031,-0.42559820917812835
248,0,1,0,0.23794709942774345,2.198196382607892,1.0468792783370902,0.08454001326235971,-0.0839286446733772,0.5922745752699422,-0.3500386702232949,-0.9336604471428789,-0.18646356844780584,0.6346309007275976,-0.42559820917812835
249,0,0,0,-2.135146655155169,-0.591177629254842,0.4805870651292986,-1.5648879641517142,-0.6015595565832376,-0.3495861764225456,0.3707736222896418,-1.8595524769718412,0.24479156030500016,-0.5973556541215028,-1.1881406061069686
250,0,0,0,-0.6961429954612753,-0.591177629254842,-1.5761419828403664,1.7839506566586782,1.5709216949172367,1.0879907603712515,0.07338931581572536,-1.190852677650924,-0.1505256410517382,-0.18669346917180268,-1.1881406061069686
251,0,0,0,0.6923693077521309,-0.591177629254842,-1.0024713694604868,-0.06540798468437428,0.10234005468812554,0.3444164827192875,1.0462889674588696,0.5580544898037827,3.1198257519903705,-1.0080178390712031,-1.1881406061069686
252,0,0,0,-1.5544960556295628,-0.591177629254842,-2.1977721973388213,2.883569308268061,2.078748991071228,0.9888475233509896,-1.523820436173323,-2.7854445068008036,0.7838604712460072,-0.5973556541215028,-0.42559820917812835
253,0,1,0,0.06122735174603719,1.4641505900124354,-1.0799445712674158,0.2344880112090937,1.3768101029510385,-0.0025848468516290433,-0.8030081436603863,-1.2422911237525331,-0.9052221163691483,-0.18669346917180268,0.3369441877507119
254,0,1,0,0.4651582035899372,1.537555169271981,-1.1389717726441237,-1.7148359620984481,1.1101517543914141,0.691417812290204,-1.0570649352837984,-1.2422911237525331,-0.9411600437652156,-0.5973556541215028,1.099486584679552
255,0,1,0,1.8284248285630997,0.950318535195616,0.9749398766592273,-0.21535598263110828,0.22978705951441689,0.8897042863307277,1.4126034111949521,0.09510847488930148,-1.875546156062961,0.22396871577789748,1.099486584679552
256,1,1,1,0.6923693077521309,1.757768907050618,0.8107704728302584,-0.9650959723647783,-0.2231399884067107,-1.2914469281150334,-0.9132963632798519,0.04367002878769246,-0.29427735063600685,-1.0080178390712031,0.3369441877507119
257,0,0,0,-0.36794917833810653,-0.591177629254842,-0.05988074747618258,-1.0650613043292676,1.157209110019583,-0.15129970238202184,1.696201690216435,-1.139414231549315,-1.4442910273101552,-0.5973556541215028,-1.1881406061069686
258,0,1,0,0.33892981238871844,1.757768907050618,-1.0024713694604868,-1.0650613043292676,-0.43881953503581916,0.24527324569902562,0.6130138189538257,-0.5735913244316158,0.9635501082263429,-0.5973556541215028,-0.42559820917812835
259,0,0,0,0.08647302998628094,-0.591177629254842,-0.7534503636525005,0.33445334317358305,1.1121124775425872,0.6418461937800731,0.6622496312839443,-1.345168015955751,-0.07864978625960418,-0.5973556541215028,-1.1881406061069686
260,0,0,0,1.197282872557006,-0.591177629254842,-1.7200207861960919,1.683985324694189,0.9101579929716951,-0.3991577949326765,0.9911448576491365,-0.47071443222839776,0.38854326988926885,-0.18669346917180268,-0.42559820917812835
261,0,0,0,0.7176149859923747,-0.591177629254842,0.5064114657316084,-0.4652693125423316,-0.8878251366545996,1.0384191418611206,0.8631317455908281,0.6094929359053917,1.1432397452066785,0.22396871577789748,1.099486584679552
262,0,1,0,-0.01450968297469406,1.6109597485315268,-2.227285798027175,0.18450534522684905,0.378802019003619,0.3444164827192875,-0.9645016081031751,0.9181236125150458,-1.1208496807455512,-0.5973556541215028,-1.1881406061069686
263,0,1,0,1.0710544813557872,1.8311734863101636,1.1003726795847313,0.43441867513807236,0.692517723191413,0.5922745752699422,-0.8857243083749853,-0.26496064782196166,-0.25833942323993986,-0.18669346917180268,-0.42559820917812835
264,0,0,0,-0.620405960740544,-0.591177629254842,0.34593126198868407,1.4840546607652103,0.3317446633754497,-0.6965875059934621,-0.2535364780562622,-0.21352220172035263,0.8197983986420742,-0.5973556541215028,-1.1881406061069686
265,0,0,0,1.4497396549594435,-0.591177629254842,0.47320866495721003,-0.1653733166488636,0.7925146039012724,-1.1427320725846406,-2.39430959816982,0.4037391514989556,1.5026190191673499,3.098604010425799,-1.1881406061069686
266,0,0,0,0.3894211688692059,-0.591177629254842,0.23156605932131227,-0.11539065066661894,2.2101174421998664,1.7324218010029537,-1.3997461891014242,-0.3163990939235707,-0.8333462615770139,-1.0080178390712031,1.099486584679552
267,0,0,1,-1.1758108820259066,-0.591177629254842,1.7164690939541203,-0.8651306404002889,0.951333179146343,-1.2914469281150334,-0.07628755366783516,0.5580544898037827,-0.25833942323993986,-1.0080178390712031,-0.42559820917812835
268,0,0,1,-0.36794917833810653,-0.591177629254842,-0.9452887681268007,1.0342106669250084,-0.060399966859292865,-0.3495861764225456,-1.2382527246586348,2.6670307799697524,0.7119846164538726,0.22396871577789748,4.149656172394914
269,0,0,0,0.18745574294725595,-0.591177629254842,-0.183468950358665,-0.06540798468437428,1.2532845444270955,-0.6470158874833312,0.09899193822738728,-1.139414231549315,-0.3302152780320739,-0.18669346917180268,-1.1881406061069686
270,0,0,0,-0.8728627431429815,-0.591177629254842,0.4012692632793477,-0.26533864861335293,-0.9290003228292474,-1.6880198761960807,0.6287692788994633,0.04367002878769246,-0.9770979711612826,-0.18669346917180268,-0.42559820917812835
271,0,1,0,1.273019907277737,0.6567002181574335,0.6484456690443116,-0.1653733166488636,-1.2093837334470887,-0.4983010319529384,-0.6336369492447783,-2.8883213990040217,-0.5817807698045442,-0.18669346917180268,-0.42559820917812835
272,0,0,0,-0.03975536121493781,-0.591177629254842,-0.1908473505307536,-1.5149052981694695,1.3983780576139497,-1.1427320725846406,-0.6119731918195261,0.19798536709251952,0.1369777781167985,-1.0080178390712031,-1.1881406061069686
273,0,0,0,-1.1505652037856628,-0.591177629254842,0.26845806018175467,1.0342106669250084,-0.46234821284990407,0.4931313382496803,1.9994942941699665,1.8440156423440082,-1.1567876081416182,1.0452930856772977,0.3369441877507119
274,0,0,0,-0.5699146042600566,-0.591177629254842,0.8402840735186122,-1.6648532961162035,-0.019224780684645004,1.3358488529219061,-0.5075932696796744,0.09510847488930148,1.574494873959484,-1.0080178390712031,-1.1881406061069686
275,0,0,1,-0.2922121436173753,-0.591177629254842,0.6170874683129357,-1.864783960045182,-0.46234821284990407,-1.4401617836454261,1.207782431901659,1.329631181327918,-0.40209113282420855,-1.4186800240209032,-0.42559820917812835
276,0,0,0,0.010735995265549692,-0.591177629254842,0.08030885579349853,0.7343146710315404,1.0925052460308506,0.04698677165850189,1.451992061059047,2.3069616572584892,0.20885363290893316,2.6879418254760985,-0.42559820917812835
277,0,1,0,-1.428267664428344,1.9045780655697093,0.7794122720988825,0.2344880112090937,-0.7544959623747874,-0.746159124503593,0.5204504917732024,-1.9624293691750594,1.3588673095830812,1.0452930856772977,-1.1881406061069686
278,0,1,0,-0.06500103945518156,0.950318535195616,-2.120298995531892,-0.11539065066661894,-0.4721518286057726,-0.6965875059934621,0.8572234481112142,-0.8307835549396608,-3.672442525866318,-1.8293422089706033,0.3369441877507119
279,0,1,0,-0.923354099623469,2.124791803348346,-0.4601589568119832,-0.4152866465600869,-2.2897421897438046,0.14613000867876375,-0.6966587890273299,-0.05920686341552558,1.1073018178106115,-0.5973556541215028,-0.42559820917812835
280,0,0,0,1.0205631248752998,-0.591177629254842,1.4877386886193766,1.534037326747455,-0.4113694109193876,0.9888475233509896,-1.3052134294275963,0.9695620586166548,-1.0849117533494839,1.455955270626998,1.099486584679552
281,0,1,0,-0.4941775695393253,1.8311734863101636,-0.3310369538004347,0.8342800029960297,-1.5132958218790142,-0.4983010319529384,1.1821798094899971,0.04367002878769246,0.7119846164538726,0.22396871577789748,-0.42559820917812835
282,0,0,0,1.5507223679204185,-0.591177629254842,0.7572770715826168,0.8342800029960297,-0.8819429672010788,1.0384191418611206,-0.2870168304407432,-0.5735913244316158,0.10103985072073149,2.6879418254760985,-0.42559820917812835
283,0,1,0,-0.4436862130588378,2.4184101203865285,-0.4361791562526954,1.084193332907253,-0.7427316234677447,0.3444164827192875,-1.4509514339247476,0.24942381319412854,1.0354259630184768,0.22396871577789748,1.099486584679552
284,0,0,1,-0.01450968297469406,-0.591177629254842,-1.3381885772905129,-1.864783960045182,-1.8525009270320665,-1.6384482576859498,0.8237430957267332,-1.345168015955751,0.9276121808302759,-0.5973556541215028,1.8620289816083926
285,0,0,0,-1.0495824908246878,-0.591177629254842,0.05448445519118873,0.18450534522684905,0.08861499262990921,-0.25044293940228374,0.563778006623707,-0.007768417313916559,0.38854326988926885,1.455955270626998,1.8620289816083926
286,1,1,0,1.9798988980045622,2.198196382607892,0.7480540713675062,-1.1150439703115123,0.6689890453773287,-1.4401617836454261,0.7095160111208583,-0.7793451088380519,-0.04271185886353718,-0.18669346917180268,1.8620289816083926
287,0,0,0,-0.5446689260198128,-0.591177629254842,-0.5044293578445141,0.5843666730848064,-0.45058387394286187,1.5837069454725607,-2.0654143718046276,-0.6764682166348338,-1.7677323738747597,-0.5973556541215028,-0.42559820917812835
288,0,0,0,0.4146668471094497,-0.591177629254842,0.036038454760967516,-0.26533864861335293,0.09645788523460418,-0.5974442689732002,0.053694990883677914,-0.9336604471428789,1.610432801355551,1.8666174555766981,0.3369441877507119
289,0,0,0,-1.7564614815515127,-0.591177629254842,-0.24802995186443924,0.2344880112090937,-2.370131838941927,-0.3495861764225456,0.24472994272453796,-0.1106453095171346,0.8916742534342083,-1.0080178390712031,-0.42559820917812835
290,0,1,0,0.5408952383106684,1.0971276937147072,-0.836457365588496,-0.7651653084357996,0.5317384247951689,1.5837069454725607,-1.553361923571394,-0.21352220172035263,-0.6177186972006112,-1.0080178390712031,0.3369441877507119
291,1,1,0,-1.6049874121100502,2.271600961867437,-0.5505443589200673,1.084193332907253,0.21410127430502696,-1.2418753096049024,-1.7128859555209786,-0.5221528783300068,-0.3661532054281415,-0.18669346917180268,-0.42559820917812835
292,0,1,0,-0.26696646537713153,1.537555169271981,-0.5431659587479787,0.43441867513807236,1.2650488833341371,0.14613000867876375,-0.45047972737673675,-0.1620837556187436,-1.5880427368944239,-0.18669346917180268,-0.42559820917812835
293,1,0,1,1.4749853331996872,-0.591177629254842,1.4305560872856915,-2.3646106198676287,2.196392380141651,1.3358488529219061,-0.35988583268931856,-0.9336604471428789,-0.5099049150124095,0.6346309007275976,-0.42559820917812835
294,0,1,0,-1.5544960556295628,2.0513872240888005,-0.6981123623618369,1.0342106669250084,0.6297745823538544,0.6418461937800731,0.4101622721537367,1.586823411835963,0.6401087616617385,0.22396871577789748,-0.42559820917812835
295,0,0,0,2.3585840716082185,-0.591177629254842,-0.31812475349927954,-0.6152173104890656,0.2650800762355434,0.8897042863307277,-0.18066747580768688,-0.985098893244488,0.24479156030500016,-1.0080178390712031,-1.1881406061069686
296,0,0,1,1.3487569419984684,-0.591177629254842,3.158946327597419,-1.2649919682582462,0.3199803244684076,-0.30001455791241466,1.0364418049928459,-0.007768417313916559,-0.04271185886353718,1.8666174555766981,-0.42559820917812835
297,0,0,0,0.2884384559082309,-0.591177629254842,0.253701259837578,-0.21535598263110828,1.2532845444270955,1.1375623788813825,-1.4312571089927002,0.7638082742102187,-0.40209113282420855,-0.5973556541215028,1.8620289816083926
298,0,0,0,-1.4030219861881004,-0.591177629254842,-1.8694333896808837,1.3341066628184763,1.0434871672515078,0.3939881012294184,1.058105562418098,-0.007768417313916559,2.7963844054257665,-0.5973556541215028,-0.42559820917812835
299,0,0,0,0.793352020713106,-0.591177629254842,-1.7735141874437332,0.484401341120317,0.6278138592026803,1.8315650380232156,-1.0747898277226413,0.7123698281086097,-0.9411600437652156,0.22396871577789748,-0.42559820917812835
300,0,0,0,0.6923693077521309,-0.591177629254842,0.2961270608270865,-0.06540798468437428,1.3258313010205227,0.9888475233509896,-0.7163531139593774,-1.2422911237525331,2.0776258575044237,-1.0080178390712031,-1.1881406061069686
301,0,0,0,-1.1253195255454191,-0.591177629254842,0.3219514614293963,0.484401341120317,0.4435058829923517,0.09655839016863282,0.47318411193628884,-0.47071443222839776,0.1369777781167985,0.6346309007275976,0.3369441877507119
302,1,0,1,1.273019907277737,-0.591177629254842,0.7093174704640417,-2.16467995593865,-1.6819180128799534,-0.5974442689732002,1.3377649764531716,-0.26496064782196166,0.7838604712460072,-1.4186800240209032,-1.1881406061069686
303,0,0,0,-1.731215803311269,-0.591177629254842,-0.2720097524237265,-0.11539065066661894,0.5827172267256853,-0.2008713208921528,-0.6690867341224633,0.4037391514989556,1.6463707287516185,-1.0080178390712031,0.3369441877507119
304,0,0,0,-0.26696646537713153,-0.591177629254842,-0.0063873462285414795,-1.165026636293757,0.206258381700332,-0.052156465361759975,1.4894112784299367,-2.1681831535814955,-0.3661532054281415,0.6346309007275976,0.3369441877507119
305,0,0,0,0.9448260901545684,-0.591177629254842,-0.1668675499714658,-0.6651999764713102,-1.6074105331353523,0.7905610493104659,-0.26338364052228597,0.5580544898037827,0.3526053424932012,1.0452930856772977,0.3369441877507119
306,0,0,0,-0.5446689260198128,-0.591177629254842,0.4824316651723206,1.1341759988894977,0.2807658614449333,0.3939881012294184,0.4889395718819265,0.30086225929573757,-1.2646013903298197,5.562577120124,-0.42559820917812835
307,1,0,1,-0.1407380741759128,-0.591177629254842,-0.25909755212257185,-0.8151479744180442,1.6866043608364854,0.5922745752699422,-0.04674606626976398,-0.5735913244316158,0.46041912468140284,-1.0080178390712031,-0.42559820917812835
308,0,0,0,0.6671236295118872,-0.591177629254842,0.7646554717547054,-0.015425318702129613,-0.7741031938865245,0.6418461937800731,0.6267998464062586,-0.21352220172035263,-1.2286634629337525,-0.18669346917180268,0.3369441877507119
309,0,0,0,0.9195804119143247,-0.591177629254842,1.1538660808323729,0.8842626689782743,-0.18000407908088925,-0.3495861764225456,0.3412321348915706,-2.5796907223943677,1.610432801355551,-1.0080178390712031,1.099486584679552
310,0,0,0,-0.0902467176954253,-0.591177629254842,-0.5154969581026468,0.33445334317358305,-0.878021520898731,-0.2008713208921528,0.7626906884373862,0.6094929359053917,1.610432801355551,-0.18669346917180268,-0.42559820917812835
311,1,0,0,1.2225285507972496,-0.591177629254842,-0.061725347519205116,-0.6651999764713102,-1.0819367286207973,-0.9444455985441168,0.949786775291837,-0.41927598612678874,-1.623980664290491,-0.18669346917180268,-1.1881406061069686
312,1,1,0,0.4146668471094497,1.0237231144551617,0.3035054609991751,-0.9151133063825336,2.4022683110148906,-0.8948739800339859,0.47909240941590275,1.0210005047182638,-2.342739212211834,0.22396871577789748,-0.42559820917812835
313,0,0,0,-0.41844053481859406,-0.591177629254842,-0.36977355470389917,1.234141330853987,0.9199616087275637,-0.4983010319529384,-0.26338364052228597,-0.9336604471428789,-1.0849117533494839,-0.18669346917180268,0.3369441877507119
314,0,0,0,0.9195804119143247,-0.591177629254842,0.9343586757127403,0.634349339067051,0.3964485273641825,-1.0435888355643788,0.0674810183361109,0.5580544898037827,0.1729157055128655,1.0452930856772977,1.8620289816083926
315,0,0,0,-0.03975536121493781,-0.591177629254842,-0.6058823602107308,-1.8148012940629374,1.4473961363932926,-0.052156465361759975,2.3638393054128444,-0.1106453095171346,-0.47396698761634254,-1.4186800240209032,1.099486584679552
316,0,0,0,-0.3931948565783503,-0.591177629254842,-1.4304185794416189,-0.26533864861335293,1.3728886566486913,1.9307082750434774,-1.04524834032457,0.24942381319412854,0.1729157055128655,-0.5973556541215028,-0.42559820917812835
317,0,0,0,1.2477742290374934,-0.591177629254842,-0.9877145691163097,-0.06540798468437428,0.7513394177266245,-1.3410185466251643,1.6509047428727268,-0.007768417313916559,-0.006773931467470169,0.6346309007275976,1.099486584679552
318,0,0,0,-1.4535133426685878,-0.591177629254842,-0.20560415087493025,1.234141330853987,0.8552577447388314,-0.5478726504630693,0.26442426765658544,0.09510847488930148,0.3166674150971342,-1.0080178390712031,-0.42559820917812835
319,0,0,0,-0.06500103945518156,-0.591177629254842,0.4971884655164978,-0.4152866465600869,-0.470191105454599,2.5751393156751794,0.6208915489266448,0.7638082742102187,0.7838604712460072,0.22396871577789748,2.6245713785372327
320,0,0,0,0.2884384559082309,-0.591177629254842,0.6927160700768425,-1.2150093022760016,0.09841860838577778,-0.0025848468516290433,-0.3067111553727907,-0.47071443222839776,-0.29427735063600685,-0.5973556541215028,0.3369441877507119
321,0,0,1,-2.135146655155169,-0.591177629254842,0.9232910754546078,-1.1150439703115123,0.10822222414164635,0.3939881012294184,-0.690750491547716,-0.47071443222839776,0.20885363290893316,-1.0080178390712031,-1.1881406061069686
322,0,1,0,-0.06500103945518156,1.0237231144551617,1.821611296406381,-0.5652346445068209,-2.0936698746264333,2.128994749084001,-1.8448379325656965,-2.99119829120724,-0.18646356844780584,0.22396871577789748,-1.1881406061069686
323,0,0,0,-0.41844053481859406,-0.591177629254842,0.036038454760967516,1.4340719947829657,-1.3623201392386384,0.5922745752699422,-0.2909556954271525,0.9181236125150458,-0.6177186972006112,-0.18669346917180268,-0.42559820917812835
324,0,0,1,-0.8728627431429815,-0.591177629254842,-0.2258947513481735,-0.4652693125423316,0.5846779498768588,-1.588876639175819,-0.18854520578050596,0.9181236125150458,0.1369777781167985,0.22396871577789748,-0.42559820917812835
325,0,1,0,-0.06500103945518156,1.6843643277910723,-1.0799445712674158,0.2344880112090937,0.3670376800965768,-0.10172808387189092,0.5007561668411549,0.5066160437021736,0.6401087616617385,-1.4186800240209032,-0.42559820917812835
326,0,0,0,-0.6708973172210315,-0.591177629254842,0.7665000717977274,1.1841586648717424,-1.7525040463222072,-0.30001455791241466,0.7646601209305908,0.6094929359053917,0.1369777781167985,-0.5973556541215028,-1.1881406061069686
327,0,0,0,0.4651582035899372,-0.591177629254842,0.7978582725291038,1.084193332907253,-0.7250851151071817,0.3444164827192875,-0.8010387111671816,0.6094929359053917,0.3526053424932012,0.6346309007275976,-0.42559820917812835
328,0,0,0,-0.6961429954612753,-0.591177629254842,0.07108585557838792,-1.015078638347023,0.8199647280177044,0.740989430800335,0.0024897460603546494,-0.007768417313916559,-0.9770979711612826,-0.5973556541215028,1.8620289816083926
329,1,0,0,-0.21647510889664406,-0.591177629254842,1.563367290383284,-0.4652693125423316,-0.7701817475841768,0.740989430800335,-0.052654363749378444,-1.3966064620573602,-0.3302152780320739,0.22396871577789748,-1.1881406061069686
330,0,0,0,-2.0089182639539502,-0.591177629254842,-0.6187945605118855,-1.1150439703115123,-1.7740720009851179,-1.0435888355643788,0.9084286929345374,0.4037391514989556,-1.2286634629337525,1.0452930856772977,-1.1881406061069686
331,0,0,1,0.5408952383106684,-0.591177629254842,-0.41404395573643016,1.683985324694189,-0.2996081913024856,1.0879907603712515,-0.08022641865424499,-2.1167447074798864,-0.6177186972006112,0.22396871577789748,1.8620289816083926
332,1,0,0,0.8185976989533497,-0.591177629254842,-0.9637347685570222,0.3844360091558277,1.00231198107686,-0.9444455985441168,-1.3052134294275963,-0.6250297705332248,0.02916399592859748,-0.5973556541215028,-0.42559820917812835
333,0,0,0,1.1215458378362746,-0.591177629254842,0.15409285751438337,0.484401341120317,-0.062360690010466464,0.8401326678205968,-0.6749950316020779,0.4037391514989556,-1.9474220108550953,-0.18669346917180268,0.3369441877507119
334,0,0,0,-1.9079355509929752,-0.591177629254842,-0.013765746400629544,-0.5152519785245763,-1.1564442083653985,-1.3905901651352952,0.03400066595163046,-0.05920686341552558,-0.6536566245966782,0.22396871577789748,0.3369441877507119
335,0,0,0,0.6418779512716434,-0.591177629254842,1.4194884870275584,0.5843666730848064,-0.01334261123112364,-0.4983010319529384,-0.25550591054946686,1.123877396921482,-1.1567876081416182,0.22396871577789748,1.099486584679552
336,0,0,0,-0.620405960740544,-0.591177629254842,-0.18531355040168704,-1.165026636293757,-1.493688590367277,-0.6470158874833312,0.35698759483720877,-0.41927598612678874,-0.07864978625960418,-0.5973556541215028,-1.1881406061069686
337,0,0,1,0.3136841341484747,-0.591177629254842,1.1095956797998419,-2.664506615761097,1.6219004968477526,0.4931313382496803,0.7311797685461103,-0.6250297705332248,-0.5458428424084772,-0.5973556541215028,0.3369441877507119
338,1,0,1,3.115954418815531,-0.591177629254842,-0.1484215495412446,-0.06540798468437428,-0.7878282559447403,0.14613000867876375,0.21912732031287663,0.09510847488930148,-1.875546156062961,-1.0080178390712031,-0.42559820917812835
339,0,1,0,0.6923693077521309,1.9045780655697093,-0.6870447621037038,-1.3649573002227355,-0.10549659933628794,-1.0435888355643788,0.7489046609849532,-0.985098893244488,2.0776258575044237,0.6346309007275976,-0.42559820917812835
340,0,0,0,0.3641754906289622,-0.591177629254842,0.08399805587954257,-0.11539065066661894,2.4865794065153604,-1.3410185466251643,0.22109675280608126,0.30086225929573757,-0.9770979711612826,0.6346309007275976,0.3369441877507119
341,0,1,0,1.0205631248752998,1.4641505900124354,0.5045668656885864,1.2841239968362317,1.2591667138806157,1.2862772344117752,-0.5804622719282498,1.2267542891246999,-0.3302152780320739,2.6879418254760985,0.3369441877507119
342,0,0,0,-1.2515479167466377,-0.591177629254842,1.48220488849031,0.6843320050492957,-0.470191105454599,-0.30001455791241466,-2.443545410499939,0.6094929359053917,1.8260603657319543,-1.4186800240209032,-0.42559820917812835
343,0,0,0,-0.01450968297469406,-0.591177629254842,0.44738426435490075,1.084193332907253,1.6258219431501009,-1.1923036910947715,-0.0782569861610398,-0.8822220010412699,0.8197983986420742,-0.5973556541215028,-1.1881406061069686
344,0,1,0,-0.11549239593566905,2.7120284374247112,1.2774542837148553,1.1841586648717424,-1.1740907167259615,-1.1427320725846406,1.2274767568337066,0.09510847488930148,0.02916399592859748,-1.0080178390712031,1.099486584679552
345,0,0,0,1.5759680461606622,-0.591177629254842,-1.054120170665106,1.4340719947829657,-1.7015252443916904,0.3939881012294184,-0.4150299424990517,-0.1620837556187436,0.8197983986420742,1.0452930856772977,-0.42559820917812835
346,0,1,0,-0.8476170649027378,2.345005541126983,-1.3769251781939773,-1.7648186280806928,0.3160588781660604,-0.3495861764225456,0.31759894497311386,1.432508073531136,-0.22240149584387287,1.8666174555766981,-0.42559820917812835
347,0,0,0,-1.3020392732271253,-0.591177629254842,-1.1094581719557697,-1.5648879641517142,1.433671074335077,-0.3991577949326765,0.25851597017697153,2.7184692260713614,0.7838604712460072,1.0452930856772977,0.3369441877507119
348,0,0,1,-1.3777763079478564,-0.591177629254842,1.3051232843601872,-0.015425318702129613,1.1846592341360156,-0.4983010319529384,-0.12355393350474915,0.19798536709251952,1.1073018178106115,-1.0080178390712031,0.3369441877507119
349,0,0,0,1.197282872557006,-0.591177629254842,-0.02298874661574015,-0.11539065066661894,1.6160183273942323,0.4931313382496803,-0.39927448255341347,-0.1106453095171346,0.42448119728533584,-0.18669346917180268,-0.42559820917812835
350,0,0,0,0.2884384559082309,-0.591177629254842,1.1778458813916606,-1.165026636293757,-0.35450843953534983,-0.15129970238202184,1.140821727132697,-0.3163990939235707,0.9276121808302759,-1.0080178390712031,-0.42559820917812835
351,0,0,0,-0.5699146042600566,-0.591177629254842,-0.4527805566398946,0.2844706771913384,-0.487837613815162,0.04698677165850189,-0.8995103358274189,1.278192735226309,0.5682329068696045,0.22396871577789748,0.3369441877507119
352,0,1,0,-0.9990911343442003,1.6843643277910723,2.013449700880681,0.03455734728011505,0.07096848426934624,0.09655839016863282,0.03793953093803973,-2.6311291684959768,-0.5817807698045442,-0.5973556541215028,-1.1881406061069686
353,0,1,0,-1.0748281690649315,1.537555169271981,1.1225078801009971,-1.015078638347023,-1.5936854710771362,-0.4487294134428074,-0.7301391414118109,0.4037391514989556,0.3526053424932012,-0.5973556541215028,-0.42559820917812835
354,0,0,0,1.3740026202387121,-0.591177629254842,0.1983632585469144,1.1341759988894977,1.9826735566637166,-0.2008713208921528,0.2624548351633808,1.7411387501407902,-0.7974083341809469,-0.5973556541215028,-0.42559820917812835
355,0,0,1,-0.01450968297469406,-0.591177629254842,1.8160774962773145,-1.2150093022760016,-0.46038748969873045,-1.2914469281150334,0.3589570273304134,1.329631181327918,-0.6895945519927452,-0.18669346917180268,-1.1881406061069686
356,0,0,0,0.3136841341484747,-0.591177629254842,-0.4527805566398946,-0.36530398057784225,2.5571654399576147,0.29484486420915657,-0.23384215312421477,1.175315843023091,1.1791776726027456,-0.5973556541215028,-0.42559820917812835
357,0,1,0,0.8690890554338372,1.39074601075289,1.7312258942982965,2.0338639865699015,-0.9054716450151631,-0.052156465361759975,0.8769177730432617,0.6094929359053917,0.7479225438499402,0.6346309007275976,-0.42559820917812835
358,0,0,0,-0.03975536121493781,-0.591177629254842,-0.447246756510828,-0.36530398057784225,1.2846561148458742,-0.25044293940228374,-1.0944841526546887,-1.7052371386670142,0.7838604712460072,-0.18669346917180268,-1.1881406061069686
359,0,1,0,-1.0495824908246878,1.537555169271981,-0.8567479660617392,0.6843320050492957,0.41213431257357186,-0.8948739800339859,-1.3721741341965576,0.1465469209909105,-1.2286634629337525,-0.5973556541215028,-0.42559820917812835
360,0,0,0,0.8690890554338372,-0.591177629254842,1.240562282854413,1.4340719947829657,-0.24274721991844786,1.0384191418611206,-0.921174093252671,0.45517759760056464,0.8557363260381412,0.22396871577789748,-0.42559820917812835
361,1,0,0,-0.3931948565783503,-0.591177629254842,-0.2609421521655939,0.33445334317358305,-0.0819679215222036,1.2862772344117752,2.913310971016968,0.5066160437021736,-0.22240149584387287,1.0452930856772977,0.3369441877507119
362,0,0,0,-0.31745782185761906,-0.591177629254842,-0.7608287638245886,0.784297337013785,0.7023213389472817,1.8811366565333465,-0.43669369992430374,0.5066160437021736,-0.22240149584387287,-0.18669346917180268,1.099486584679552
363,0,0,0,-1.1505652037856628,-0.591177629254842,1.9765577000202388,-0.015425318702129613,-1.2897733826452107,1.0384191418611206,-0.1649120158620487,1.123877396921482,-1.1927255355376853,0.22396871577789748,0.3369441877507119
364,0,0,0,-0.6456516389807878,-0.591177629254842,-1.1481947728592343,0.6843320050492957,0.018028959187655656,-1.9358779687467356,-1.8389296350860822,-0.9336604471428789,0.7119846164538726,-0.5973556541215028,-0.42559820917812835
365,0,1,0,-0.36794917833810653,1.0971276937147072,0.8476624736907008,0.33445334317358305,0.9042758235181743,0.24527324569902562,0.8749483405500564,-0.985098893244488,-0.1505256410517382,-1.0080178390712031,-1.1881406061069686
366,0,0,1,-0.0902467176954253,-0.591177629254842,1.4176438869845358,1.234141330853987,1.4454354132421183,-0.0025848468516290433,0.42197886711296506,0.04367002878769246,0.3166674150971342,-1.4186800240209032,-0.42559820917812835
367,0,0,1,-0.31745782185761906,-0.591177629254842,1.5725902905983946,1.1841586648717424,0.8866293151576108,0.5922745752699422,-0.8030081436603863,0.7638082742102187,1.6463707287516185,-1.0080178390712031,-0.42559820917812835
368,0,0,0,-1.1758108820259066,-0.591177629254842,-0.3642397545748326,-0.06540798468437428,1.2513238212759212,-1.7871631132163426,-1.685313900616112,-1.5509218003621872,-0.18646356844780584,1.0452930856772977,0.3369441877507119
369,0,1,0,-2.2613750463563878,1.4641505900124354,0.20389705867598043,-0.7151826424535549,0.39056635791066113,1.0879907603712515,-0.4130605100058465,-1.036537339346097,-1.5161668821022896,-0.5973556541215028,1.099486584679552
370,0,0,0,0.21270142118749968,-0.591177629254842,0.08215345583652055,0.9842280009427636,-1.5642746238095306,0.9392759048408587,-0.9369295531983092,-0.7279066627364429,0.28072948770106715,-0.5973556541215028,-1.1881406061069686
371,0,0,0,-0.26696646537713153,-0.591177629254842,1.5172522893077312,1.384089328800721,0.4003699736665297,0.1957016271888947,-1.2737025095363206,-0.47071443222839776,-0.22240149584387287,0.22396871577789748,-0.42559820917812835
372,0,0,0,-0.2417207871368878,-0.591177629254842,-0.8456803658036066,-1.2649919682582462,-0.09569298358041936,-0.6470158874833312,1.560310848185308,-0.5735913244316158,-1.5521048094983565,-1.0080178390712031,-1.1881406061069686
373,0,1,0,0.11171870822652469,1.0971276937147072,0.2573904599236221,-0.7651653084357996,0.39252708106183476,-0.4983010319529384,1.400786816235723,0.5580544898037827,-0.6177186972006112,0.22396871577789748,-1.1881406061069686
374,1,0,1,-0.7466343519417628,-0.591177629254842,-0.02483334665876269,0.634349339067051,-0.6348918501531905,-0.30001455791241466,-0.3776107251281614,0.5580544898037827,1.2151155999988126,-0.5973556541215028,1.099486584679552
375,0,1,1,0.793352020713106,2.0513872240888005,0.8605746739918555,0.13452267924460437,-0.3643120552912184,1.2367056159016443,1.1329439971598785,0.09510847488930148,0.10103985072073149,0.22396871577789748,1.099486584679552
376,0,0,0,0.2884384559082309,-0.591177629254842,-0.16871215001448783,0.13452267924460437,0.0003824508270921277,-1.4401617836454261,1.1230968346938548,-0.007768417313916559,0.49635705207746983,-0.18669346917180268,-0.42559820917812835
377,0,1,0,-1.5040046991490752,1.9045780655697093,0.27399186031082123,-1.864783960045182,1.0728980145191136,0.4931313382496803,-0.8089164411400007,0.7638082742102187,2.508880986257229,1.8666174555766981,0.3369441877507119
378,0,0,0,-1.428267664428344,-0.591177629254842,1.120663280057975,2.283777316481125,-0.6976349909907497,-0.845302361523855,0.7764767158898191,0.30086225929573757,0.1369777781167985,-1.0080178390712031,-0.42559820917812835
379,0,0,0,-0.5699146042600566,-0.591177629254842,-1.9284605910575916,0.784297337013785,0.951333179146343,-0.6470158874833312,-0.49774610721365076,-0.8822220010412699,-0.25833942323993986,0.6346309007275976,1.099486584679552
380,0,0,0,1.2225285507972496,-0.591177629254842,-2.037291993595897,0.8342800029960297,-1.2525196427729102,-0.0025848468516290433,-0.3854884551009805,-2.4253753840895405,-1.4083530999140883,-0.5973556541215028,-0.42559820917812835
381,0,1,1,-0.721388673701519,1.8311734863101636,-1.5300269817648136,-2.0647146239741607,2.259135520979209,-0.10172808387189092,-0.7478640338506531,0.8666851664134367,-1.4442910273101552,-0.18669346917180268,1.8620289816083926
382,0,0,0,-0.6708973172210315,-0.591177629254842,-0.5726795594363325,0.5343840071025617,-1.0525258813531915,-2.8777387204392233,1.7316514750941205,-0.8822220010412699,-0.11458771365567119,0.6346309007275976,1.099486584679552
383,0,0,0,-1.2767935949868816,-0.591177629254842,1.4490020877159129,0.2844706771913384,-0.7603781318283082,0.29484486420915657,0.469245246949879,0.5066160437021736,0.5322949794735369,0.22396871577789748,-0.42559820917812835
384,0,1,0,1.0205631248752998,1.0971276937147072,-0.5505443589200673,0.5843666730848064,-0.7388101771653974,0.8897042863307277,0.3747124872760516,0.7638082742102187,-0.9411600437652156,-1.0080178390712031,1.099486584679552
385,0,0,0,0.995317446635056,-0.591177629254842,-0.5486997588770447,1.683985324694189,-0.7015564372930968,-0.10172808387189092,1.8399702622203815,1.2267542891246999,-0.7614704067848799,-1.0080178390712031,-0.42559820917812835
386,0,0,0,-0.03975536121493781,-0.591177629254842,0.20020785858993642,0.08454001326235971,-0.825081995817041,0.3444164827192875,1.3830619237968809,-0.41927598612678874,0.3526053424932012,-0.18669346917180268,0.3369441877507119
387,0,0,0,1.6517050808813933,-0.591177629254842,0.034193854717945504,0.3844360091558277,1.0513300598562028,-2.282879298317652,-1.7522746053850735,-0.3163990939235707,0.49635705207746983,0.6346309007275976,-0.42559820917812835
388,0,0,0,-0.6708973172210315,-0.591177629254842,-0.43986835633873994,0.784297337013785,-0.5192091842339418,-1.8367347317264735,1.1053719422550115,-0.1620837556187436,-0.7614704067848799,-0.18669346917180268,-1.1881406061069686
389,0,0,0,0.4146668471094497,-0.591177629254842,-0.5468551588340227,-0.26533864861335293,1.0964266923331984,0.4931313382496803,0.2250356177924905,-0.41927598612678874,1.1073018178106115,3.5092661953754987,0.3369441877507119
390,0,0,0,-0.3931948565783503,-0.591177629254842,0.7886352723139932,1.5840199927296996,0.6140887971444645,0.04698677165850189,0.4377343270586032,-1.293729569854142,0.28072948770106715,-1.0080178390712031,1.099486584679552
391,0,1,0,-1.630233090350294,0.5832956388978879,-0.5560781590491333,0.5343840071025617,-1.340752184575727,0.6418461937800731,-1.3505103767713056,-0.6764682166348338,-1.2646013903298197,-1.0080178390712031,-1.1881406061069686
392,0,0,0,-0.620405960740544,-0.591177629254842,0.4547626645269888,-0.015425318702129613,1.8120906425116037,1.9307082750434774,0.8473762856451904,0.24942381319412854,0.10103985072073149,-1.0080178390712031,-1.1881406061069686
393,0,0,0,1.6264594026411496,-0.591177629254842,1.16862288117655,1.2841239968362317,0.18861187333976903,-1.7375914947062117,0.5342365192256359,1.329631181327918,-3.672442525866318,-1.8293422089706033,-0.42559820917812835
394,0,0,0,0.7428606642326184,-0.591177629254842,-0.5376321586189121,0.934245334960519,0.5944815656327274,-0.052156465361759975,-0.29489456041356177,-1.2422911237525331,0.7479225438499402,-0.18669346917180268,-0.42559820917812835
395,1,0,1,-0.21647510889664406,-0.591177629254842,-0.9010183670942703,0.634349339067051,1.1846592341360156,1.0879907603712515,0.8454068531519853,-0.1106453095171346,-0.29427735063600685,-1.0080178390712031,0.3369441877507119
396,0,0,0,-2.0846552986746816,-0.591177629254842,1.7349150943843417,-0.36530398057784225,-1.6779965665776062,0.7905610493104659,0.971450532717089,1.0210005047182638,-0.7255324793888128,-0.18669346917180268,-0.42559820917812835
397,1,0,0,1.5254766896801746,-0.591177629254842,-0.43248995616665137,0.6843320050492957,-0.38980145625647633,-1.8367347317264735,-0.42684653745828005,0.7638082742102187,0.3166674150971342,1.8666174555766981,0.3369441877507119
398,0,1,0,-0.1912294306564003,2.0513872240888005,-0.015610346443652084,1.683985324694189,-0.42313374982642976,0.09655839016863282,-1.4667068938703856,-0.9336604471428789,-0.7974083341809469,-0.18669346917180268,0.3369441877507119
399,0,0,0,1.0963001595960309,-0.591177629254842,-0.03774554695991733,-0.36530398057784225,1.7101330386505698,-1.2418753096049024,-0.4091216450194372,0.9181236125150458,0.6041708342656715,-0.5973556541215028,0.3369441877507119
400,0,0,0,-0.1407380741759128,-0.591177629254842,-0.08017134794942633,-0.4652693125423316,0.8670220836458736,0.4435597197395494,-2.4711174654048054,-0.26496064782196166,-0.9770979711612826,-1.0080178390712031,-0.42559820917812835
401,0,1,0,0.591386594791156,1.4641505900124354,1.3254138848334303,0.18450534522684905,0.4886025154693468,-0.5478726504630693,0.997053155128751,1.0724389508198728,-0.9770979711612826,0.22396871577789748,-0.42559820917812835
402,1,0,1,-0.1912294306564003,-0.591177629254842,0.6890268699907985,-1.9647492920096716,0.1415545177115998,0.9888475233509896,0.4022845421809176,0.5066160437021736,2.616694768445431,0.22396871577789748,-0.42559820917812835
403,1,1,0,0.21270142118749968,1.3173414314933443,0.6945606701198646,1.8839159886231676,-1.0721331128649287,0.5427029567598112,1.5642497131717172,-1.2422911237525331,-0.3302152780320739,-0.5973556541215028,-1.1881406061069686
404,0,0,0,-0.519423247779569,-0.591177629254842,0.4934992654304538,-0.1653733166488636,-0.8878251366545996,-0.10172808387189092,1.2274767568337066,-0.9336604471428789,0.7838604712460072,3.098604010425799,-1.1881406061069686
405,0,0,0,-1.5040046991490752,-0.591177629254842,-0.3734627547899432,-1.7148359620984481,-1.4564348504949765,-1.2418753096049024,1.1939964044492248,-1.2422911237525331,0.3166674150971342,0.22396871577789748,-0.42559820917812835
406,0,1,0,0.8943347336740809,1.6843643277910723,-0.6722879617595271,-0.6152173104890656,0.7140856778543238,-1.7375914947062117,0.5224199242664075,1.0210005047182638,0.42448119728533584,0.22396871577789748,0.3369441877507119
407,0,1,0,1.0710544813557872,1.1705322729742529,0.1301130569550956,-1.5648879641517142,0.4278200977829618,0.7905610493104659,0.6622496312839443,1.946892534547226,0.49635705207746983,0.22396871577789748,-0.42559820917812835
408,0,1,1,0.43991252534969344,1.3173414314933443,-0.16133374984239923,0.6843320050492957,-0.01334261123112364,1.2367056159016443,-0.6218203542855499,-0.1106453095171346,-0.22240149584387287,0.22396871577789748,2.6245713785372327
409,0,1,0,2.3333383933679746,0.6567002181574335,-1.0246065699767521,0.08454001326235971,0.053321975908782716,-0.9444455985441168,0.07535874830893,1.483946519632745,0.7479225438499402,-0.5973556541215028,-0.42559820917812835
410,0,0,0,-0.6961429954612753,-0.591177629254842,0.34593126198868407,-0.3153213145955976,1.5513144634054996,0.04698677165850189,-1.084636990188665,-0.6764682166348338,1.6463707287516185,1.455955270626998,1.099486584679552
411,0,0,0,-0.9738454561039566,-0.591177629254842,-0.12444174898195681,0.03455734728011505,0.09057571578108338,-0.15129970238202184,0.7784461483830244,-0.5221528783300068,-0.40209113282420855,1.455955270626998,0.3369441877507119
412,0,1,0,-1.7817071597917564,1.6109597485315268,0.6982498702059091,-1.3149746342404909,0.26704079938671754,-0.6965875059934621,0.5106033293071786,0.19798536709251952,-1.3005393177258868,-0.5973556541215028,-1.1881406061069686
413,1,1,1,-1.024336812584444,1.537555169271981,1.5928808910716374,0.634349339067051,0.3062552624101918,-0.30001455791241466,-1.8349907700996728,-0.9336604471428789,1.3588673095830812,3.098604010425799,-1.1881406061069686
414,0,1,0,1.197282872557006,0.4364864803787967,-1.585364983055477,1.833933322640923,-0.12510383084802507,-1.3905901651352952,-1.1102396126003264,-0.8307835549396608,2.616694768445431,0.22396871577789748,-0.42559820917812835
415,0,0,0,-0.11549239593566905,-0.591177629254842,-1.5005133810764595,-0.015425318702129613,2.0983562225829653,-0.5974442689732002,-0.3697329951553423,1.0210005047182638,-0.9411600437652156,-1.4186800240209032,0.3369441877507119
416,0,0,0,-0.3427035000978628,-0.591177629254842,-0.20929335096097482,-0.4152866465600869,0.48075962286465185,-0.0025848468516290433,-0.6257592192719592,-0.05920686341552558,0.9635501082263429,-0.5973556541215028,-0.42559820917812835
417,0,0,0,-1.5040046991490752,-0.591177629254842,0.43078286396770155,-0.1653733166488636,-0.9093930913175103,0.1957016271888947,-1.7286414154666165,-0.41927598612678874,-0.43802906022027555,-0.5973556541215028,1.099486584679552
418,0,0,0,0.2884384559082309,-0.591177629254842,1.509873889135642,0.3844360091558277,-0.8956680292592946,0.09655839016863282,-1.3859601616489907,-0.5221528783300068,0.49635705207746983,-1.0080178390712031,-0.42559820917812835
419,0,0,1,-0.31745782185761906,-0.591177629254842,-1.9598187917889676,-0.7151826424535549,-0.7603781318283082,-0.8948739800339859,0.7548129584645671,-1.2422911237525331,-0.7255324793888128,-0.5973556541215028,1.8620289816083926
420,0,1,0,0.5408952383106684,1.39074601075289,1.367839685822939,-0.8151479744180442,0.5689921646674689,0.4435597197395494,-0.21217839569896269,1.175315843023091,-0.3661532054281415,0.22396871577789748,4.149656172394914
421,0,0,0,-0.9990911343442003,-0.591177629254842,-2.481840603964228,0.3844360091558277,-0.9584111700968532,-1.2914469281150334,-0.9526850131439468,-0.3163990939235707,-0.1505256410517382,0.6346309007275976,0.3369441877507119
422,0,0,0,1.9041618632838309,-0.591177629254842,-2.437570202931697,1.234141330853987,-0.6348918501531905,-0.4983010319529384,-0.751802898837063,0.3523007053973466,0.10103985072073149,1.455955270626998,0.3369441877507119
423,0,0,0,-1.7817071597917564,-0.591177629254842,0.8827098745081212,-0.6152173104890656,-0.3466655469306549,-0.0025848468516290433,-0.18854520578050596,1.7411387501407902,0.8197983986420742,-0.5973556541215028,-1.1881406061069686
424,0,0,0,-1.3777763079478564,-0.591177629254842,-1.0098497696325752,1.6340026587119443,-0.8407677810264303,2.128994749084001,-0.03886833629694489,-1.448044908158969,-0.5817807698045442,-0.18669346917180268,0.3369441877507119
425,1,0,0,-0.01450968297469406,-0.591177629254842,-2.0483595938540295,0.484401341120317,2.684612444783906,0.740989430800335,0.07732818080213463,-0.05920686341552558,0.6760466890578055,1.8666174555766981,-1.1881406061069686
426,0,1,0,-1.3525306297076127,2.124791803348346,-0.29598955298301427,-1.165026636293757,0.05724342221112992,0.09655839016863282,0.6051360889810066,-0.6764682166348338,-0.8692841889730812,-0.18669346917180268,0.3369441877507119
427,0,0,0,-0.5951602825003003,-0.591177629254842,-0.3052125531981249,0.5843666730848064,0.37095912639892403,-0.5478726504630693,0.6327081438858732,-1.7566755847686233,-1.2646013903298197,-0.5973556541215028,0.3369441877507119
428,0,1,0,-0.06500103945518156,2.198196382607892,0.6299996686140903,-1.9647492920096716,1.0356442746468129,0.1957016271888947,0.12656399313225325,-1.3966064620573602,0.1729157055128655,0.22396871577789748,0.3369441877507119
429,0,1,0,0.6166322730313997,2.0513872240888005,0.4012692632793477,0.8342800029960297,-3.097560128027374,-1.0931604540745097,-1.4883706512956376,0.19798536709251952,-1.7317944464786923,-0.5973556541215028,-0.42559820917812835
430,0,0,0,2.3585840716082185,-0.591177629254842,-2.4191242025014756,0.03455734728011505,1.5866074801266268,1.8811366565333465,0.339262702398366,-0.6764682166348338,2.868260260217901,-1.4186800240209032,-0.42559820917812835
431,0,1,0,0.6923693077521309,2.345005541126983,-0.1539553496703112,-0.6152173104890656,-1.0682116665625816,0.4435597197395494,-0.08810414862706352,-0.3678375400251797,1.3588673095830812,0.6346309007275976,-0.42559820917812835
432,0,1,0,2.257601358647243,1.0237231144551617,-0.24065155169235067,-0.36530398057784225,-0.3368619311747863,-0.3991577949326765,-1.5809339784762606,0.09510847488930148,-0.6177186972006112,-0.5973556541215028,-1.1881406061069686
433,0,0,0,-1.0495824908246878,-0.591177629254842,-1.323431776946336,0.634349339067051,0.3219410476195812,1.2367056159016443,0.3195683774663185,-0.41927598612678874,-0.11458771365567119,-0.5973556541215028,0.3369441877507119
434,0,1,0,-1.3525306297076127,1.4641505900124354,-0.705490762533925,-0.3153213145955976,-0.6309704038508432,0.3939881012294184,-1.7286414154666165,-0.8307835549396608,-0.8692841889730812,-1.0080178390712031,-0.42559820917812835
435,1,1,1,1.298265585517981,0.8769139559360705,1.0690144788533553,0.9842280009427636,1.0434871672515078,-0.30001455791241466,1.2589876767249817,-1.036537339346097,1.4307431643752153,-0.5973556541215028,5.674740966252594
436,0,1,0,-0.1407380741759128,1.39074601075289,-0.9231535676105355,0.2844706771913384,0.9552546254486908,-0.4983010319529384,1.3141317865347149,0.7638082742102187,0.6041708342656715,-0.5973556541215028,-0.42559820917812835
437,0,1,0,-1.7564614815515127,1.6843643277910723,-1.4654659802590393,-2.3146279538853842,0.9042758235181743,-0.15129970238202184,1.058105562418098,1.586823411835963,-1.5521048094983565,-0.5973556541215028,-1.1881406061069686
438,0,1,0,0.5156495600704247,1.6843643277910723,1.0616360786812669,-1.864783960045182,0.10626150099047274,0.8401326678205968,-0.09007358112026871,-0.7793451088380519,-0.04271185886353718,0.22396871577789748,1.8620289816083926
439,0,0,1,0.2631927776679872,-0.591177629254842,-0.12444174898195681,-2.1146972899564056,-0.3349012080236127,0.3939881012294184,-0.8364884960448667,0.19798536709251952,-0.8333462615770139,-0.5973556541215028,1.8620289816083926
440,0,0,1,-1.428267664428344,-0.591177629254842,2.0023821006225493,0.5843666730848064,1.1336804322054985,-0.3991577949326765,-0.17475917832807242,-0.5221528783300068,-0.006773931467470169,-0.18669346917180268,1.099486584679552
441,1,0,0,-0.9990911343442003,-0.591177629254842,-1.8694333896808837,0.13452267924460437,-0.0839286446733772,2.4264244601447866,-1.8369602025928775,-0.007768417313916559,-0.04271185886353718,0.6346309007275976,0.3369441877507119
442,0,0,0,-0.8981084213832253,-0.591177629254842,-0.5689903593502884,-1.015078638347023,1.1532876637172356,-0.30001455791241466,-1.0196457179129081,0.3523007053973466,0.8916742534342083,0.6346309007275976,0.3369441877507119
443,0,1,0,-0.6708973172210315,1.2439368522337986,0.2776810603968653,-0.8151479744180442,-1.5740782395653992,0.14613000867876375,-0.5075932696796744,-1.293729569854142,1.0354259630184768,-1.0080178390712031,0.3369441877507119
444,0,0,0,0.5661409165509121,-0.591177629254842,-0.36977355470389917,-1.165026636293757,2.0316916354430594,-0.3991577949326765,0.5046950318275647,1.0210005047182638,0.6401087616617385,-0.18669346917180268,-1.1881406061069686
445,0,1,0,-1.0748281690649315,0.8769139559360705,0.2758364603538433,0.484401341120317,0.2650800762355434,-0.5478726504630693,0.6957299836684248,-0.41927598612678874,-0.25833942323993986,-1.0080178390712031,-0.42559820917812835
446,0,0,1,-0.6708973172210315,-0.591177629254842,-0.10046194842266956,-0.21535598263110828,0.9983905347745122,-0.30001455791241466,1.1093108072414217,1.175315843023091,-0.6895945519927452,0.22396871577789748,0.3369441877507119
447,0,0,0,0.6166322730313997,-0.591177629254842,-0.8807277666210265,-0.1653733166488636,-1.2446767501682157,-0.0025848468516290433,2.105843648803022,0.9695620586166548,-0.9052221163691483,0.6346309007275976,0.3369441877507119
448,0,1,0,-1.2010565602661503,0.7301047974169792,-0.6040377601677084,0.33445334317358305,2.1532564708158293,-0.7957307430137239,-0.44457142989712284,1.5353849657343541,-1.0849117533494839,1.0452930856772977,-1.1881406061069686
449,0,1,0,-0.03975536121493781,1.4641505900124354,0.39020166302121456,-0.6152173104890656,1.2552452675782686,0.7905610493104659,-0.5627373794894076,0.09510847488930148,-0.40209113282420855,0.22396871577789748,-0.42559820917812835
450,0,0,0,-0.03975536121493781,-0.591177629254842,-0.6261729606839741,0.2844706771913384,-1.9975944402189214,0.29484486420915657,0.5815028990625498,-0.8822220010412699,0.24479156030500016,0.22396871577789748,-0.42559820917812835
451,0,1,0,-0.8728627431429815,1.537555169271981,0.9196018753685636,0.18450534522684905,1.1219160932984558,-0.7957307430137239,0.5952889265149829,0.9695620586166548,-0.7974083341809469,-1.4186800240209032,0.3369441877507119
452,0,0,0,-0.0902467176954253,-0.591177629254842,0.5801954674524933,-1.2150093022760016,-0.2192185421043635,-0.0025848468516290433,-1.5415453286121656,0.09510847488930148,-1.9833599382511622,-0.18669346917180268,1.099486584679552
453,1,0,0,-0.3931948565783503,-0.591177629254842,0.6724254696035993,-1.3649573002227355,-0.23490432731375344,0.8401326678205968,-1.0669120977498223,-0.1106453095171346,-2.378677139607901,1.0452930856772977,0.3369441877507119
454,0,0,0,0.18745574294725595,-0.591177629254842,2.0927675027306325,-0.6152173104890656,-0.7760639170376982,0.04698677165850189,-1.1299339375323738,-0.6764682166348338,-0.07864978625960418,0.6346309007275976,0.3369441877507119
455,1,1,1,0.8185976989533497,1.757768907050618,0.7665000717977274,1.833933322640923,1.2689703296364843,-0.052156465361759975,-0.6375758142311876,0.4037391514989556,1.8619982931280212,-0.18669346917180268,0.3369441877507119
456,0,0,0,-1.2515479167466377,-0.591177629254842,0.036038454760967516,0.3844360091558277,-0.06432141316164007,-0.6470158874833312,-0.2771696679747195,0.9695620586166548,0.02916399592859748,-1.0080178390712031,-0.42559820917812835
457,0,1,0,2.1566186456862684,1.3173414314933443,-1.9413727913587464,0.33445334317358305,-0.44862315079168774,0.7905610493104659,1.871481182111658,-0.5221528783300068,1.538556946563417,-0.5973556541215028,0.3369441877507119
458,1,0,0,-1.428267664428344,-0.591177629254842,-2.162724796521401,-0.4152866465600869,1.4670033679050298,-0.8948739800339859,-1.232344427179021,0.4037391514989556,0.20885363290893316,-0.5973556541215028,-0.42559820917812835
459,0,1,0,-0.923354099623469,1.6843643277910723,0.9048450750243865,-0.6152173104890656,0.9474117328439957,0.4435597197395494,-0.6730255991088732,1.2267542891246999,-0.43802906022027555,-1.4186800240209032,1.099486584679552
460,0,1,0,0.33892981238871844,2.0513872240888005,2.404504910001371,-0.5152519785245763,0.0023431739782662866,-0.5478726504630693,-0.3500386702232949,0.24942381319412854,1.4307431643752153,-1.0080178390712031,-0.42559820917812835
461,0,0,0,-0.21647510889664406,-0.591177629254842,0.41233686353748034,-1.3149746342404909,0.5219348090393002,0.9392759048408587,0.3195683774663185,-1.036537339346097,1.2510535273948795,0.6346309007275976,1.099486584679552
462,0,0,0,0.23794709942774345,-0.591177629254842,-0.5486997588770447,0.5843666730848064,-0.3956836257099977,-0.3495861764225456,-1.206741804767359,0.9695620586166548,0.5322949794735369,-0.18669346917180268,0.3369441877507119
463,0,1,0,-0.26696646537713153,1.6109597485315268,0.07846425575047651,-1.2150093022760016,0.5787957804233375,-0.25044293940228374,-1.1259950725459646,1.2267542891246999,-0.9052221163691483,-0.5973556541215028,-0.42559820917812835
464,0,1,0,-0.721388673701519,0.950318535195616,0.13195765699811762,0.3844360091558277,2.6434372586092576,-0.6965875059934621,-0.2771696679747195,0.9695620586166548,2.2573154944847595,-0.18669346917180268,-0.42559820917812835
465,0,0,1,0.3136841341484747,-0.591177629254842,0.5506818667641394,2.533690646392348,2.8846062062036246,0.6418461937800731,0.880856638029671,0.8152467203118278,-1.0130358985573495,-1.0080178390712031,-0.42559820917812835
466,0,1,0,1.777933472082612,1.2439368522337986,0.8052366727011918,-1.165026636293757,-0.3329404848724391,0.8897042863307277,-0.9940430955012464,-0.5221528783300068,-0.006773931467470169,-0.5973556541215028,1.099486584679552
467,0,0,0,0.08647302998628094,-0.591177629254842,-0.2830773526818597,0.43441867513807236,-0.878021520898731,-0.4983010319529384,-0.6375758142311876,0.8666851664134367,0.1729157055128655,1.455955270626998,-0.42559820917812835
468,0,0,0,1.6264594026411496,-0.591177629254842,-0.53578755857589,-1.2649919682582462,-0.1388288929062414,-0.3495861764225456,2.1728043535719843,-0.3678375400251797,0.02916399592859748,-1.0080178390712031,-0.42559820917812835
469,0,0,1,0.08647302998628094,-0.591177629254842,1.0081426774336253,1.384089328800721,1.8218942582674722,-0.3991577949326765,-0.3421609402504758,-1.087975785447706,-0.1505256410517382,0.6346309007275976,-1.1881406061069686
470,0,0,0,0.23794709942774345,-0.591177629254842,-2.2918467995329497,0.08454001326235971,-0.695674267839576,1.1871339973915134,-0.011296281392078902,0.4037391514989556,-0.006773931467470169,0.22396871577789748,-0.42559820917812835
471,1,0,0,-0.26696646537713153,-0.591177629254842,0.7794122720988825,-0.1653733166488636,0.07096848426934624,1.6828501824928228,0.28608802508183806,2.7699076721729705,-0.6536566245966782,-0.18669346917180268,-0.42559820917812835
472,0,0,0,0.33892981238871844,-0.591177629254842,-0.183468950358665,-0.7651653084357996,-2.770119361781364,-0.6965875059934621,-0.4327548349378939,1.2267542891246999,-1.0130358985573495,1.455955270626998,-0.42559820917812835
473,0,0,0,0.21270142118749968,-0.591177629254842,0.725918870851241,0.2344880112090937,1.955223432547284,-0.6470158874833312,-0.8404273610312766,0.5066160437021736,0.38854326988926885,-0.18669346917180268,0.3369441877507119
474,0,0,0,-0.21647510889664406,-0.591177629254842,-0.05988074747618258,-0.7651653084357996,-2.0936698746264333,1.2367056159016443,0.11671683066622954,0.3523007053973466,-0.22240149584387287,-1.4186800240209032,0.3369441877507119
475,0,1,0,-0.4689318912990815,1.537555169271981,0.5101006658176525,0.5343840071025617,1.0572122293097235,1.8315650380232156,-0.6296980842583685,-0.41927598612678874,-0.25833942323993986,0.22396871577789748,0.3369441877507119
476,0,0,0,-0.26696646537713153,-0.591177629254842,0.4824316651723206,1.8839159886231676,-0.7505745160724396,-0.845302361523855,1.3476121389191953,0.19798536709251952,0.8197983986420742,0.6346309007275976,0.3369441877507119
477,0,1,0,-0.3427035000978628,1.4641505900124354,-0.5191861581886908,-0.26533864861335293,-0.9368432154339423,-0.15129970238202184,0.9616033702510653,0.45517759760056464,-3.672442525866318,-1.8293422089706033,-0.42559820917812835
478,0,0,0,0.591386594791156,-0.591177629254842,-0.4066655555643416,-1.5149052981694695,-1.3623201392386384,-1.0435888355643788,-0.15506485339602497,-0.1106453095171346,-0.22240149584387287,-0.18669346917180268,1.099486584679552
479,0,0,0,-0.41844053481859406,-0.591177629254842,-0.37899655491900974,-1.015078638347023,-0.6329311270020168,1.385420471432037,-0.6631784366428495,0.04367002878769246,0.7479225438499402,0.22396871577789748,-0.42559820917812835
480,0,1,0,-0.6456516389807878,2.7854330166842565,0.637378068786179,-1.914766626027427,0.014107512885308454,0.5427029567598112,0.896612097975309,1.329631181327918,-0.3661532054281415,0.6346309007275976,-1.1881406061069686
481,0,0,0,0.03598167350579344,-0.591177629254842,-1.4193509791834862,-0.5652346445068209,0.898393654064653,-1.1427320725846406,-0.6060648943399117,2.0497694267504443,-0.40209113282420855,-0.18669346917180268,0.3369441877507119
482,1,0,1,-0.9738454561039566,-0.591177629254842,-0.3660843546178551,-0.7151826424535549,-0.0525570742545979,-1.1923036910947715,-1.5691173835170322,0.24942381319412854,1.3229293821870143,0.6346309007275976,-1.1881406061069686
483,0,0,0,1.0710544813557872,-0.591177629254842,0.42893826392467954,0.43441867513807236,-0.6741063131766647,0.1957016271888947,-1.1299339375323738,-1.499483354260578,-2.01929786564723,-0.18669346917180268,-0.42559820917812835
484,0,0,0,-1.2010565602661503,-0.591177629254842,-2.2512655985864627,-0.26533864861335293,1.280734668543527,1.5341353269624298,0.8473762856451904,1.432508073531136,0.49635705207746983,0.6346309007275976,1.099486584679552
485,0,0,1,0.2884384559082309,-0.591177629254842,2.8767225210150342,-1.165026636293757,0.24155139842145906,0.4435597197395494,1.2550488117385725,1.638261857937572,0.8916742534342083,1.455955270626998,0.3369441877507119
486,0,0,0,0.7176149859923747,-0.591177629254842,-0.7386935633083234,0.934245334960519,1.747386778522871,0.24527324569902562,-1.415501649047062,-0.1620837556187436,1.0354259630184768,1.455955270626998,-1.1881406061069686
487,0,0,0,-1.832198516272244,-0.591177629254842,0.15224825747136136,-0.3153213145955976,0.9493724559951694,-0.6965875059934621,0.1482277505575059,1.2267542891246999,0.1369777781167985,0.22396871577789748,-1.1881406061069686
488,0,0,0,-0.26696646537713153,-0.591177629254842,0.2610796600096661,-0.8651306404002889,-0.9015501987128158,-1.0435888355643788,1.924655859428186,-2.0653062613782773,0.8916742534342083,-0.5973556541215028,-0.42559820917812835
489,0,0,0,1.273019907277737,-0.591177629254842,-0.4269561560375848,0.3844360091558277,0.6513425370167653,0.8897042863307277,-0.10976790605231616,2.1012078728520533,-0.9052221163691483,0.6346309007275976,1.8620289816083926
490,0,1,0,-1.5040046991490752,2.124791803348346,1.1114402798428644,0.484401341120317,0.4258593746317882,0.740989430800335,-0.23975045060382924,-0.007768417313916559,-1.048973825953417,-1.4186800240209032,0.3369441877507119
491,0,1,0,-1.327284951467369,2.56521927890562,-0.13919854932613399,0.5343840071025617,0.0003824508270921277,-1.7871631132163426,0.6267998464062586,-0.21352220172035263,-0.7974083341809469,0.22396871577789748,-0.42559820917812835
492,0,0,0,1.3235112637582247,-0.591177629254842,0.29243786074104244,0.33445334317358305,-0.8937073061081209,-0.2008713208921528,-1.1515976949576259,-0.1620837556187436,0.49635705207746983,0.6346309007275976,-0.42559820917812835
493,1,0,1,0.23794709942774345,-0.591177629254842,2.0983013028596993,-1.0650613043292676,-0.22902215786023208,-0.4983010319529384,1.2924680291094621,-0.47071443222839776,1.538556946563417,-0.18669346917180268,-1.1881406061069686
494,0,0,0,1.5759680461606622,-0.591177629254842,0.2168092589771356,-0.5652346445068209,-0.12314310769685147,-0.6470158874833312,1.3220095165075334,1.0724389508198728,0.9276121808302759,-0.18669346917180268,-0.42559820917812835
495,0,0,0,0.6418779512716434,-0.591177629254842,-1.054120170665106,-0.6152173104890656,-1.1054654064348817,0.5427029567598112,-0.8719382809225523,0.30086225929573757,0.46041912468140284,-0.5973556541215028,-0.42559820917812835
496,0,0,0,0.6418779512716434,-0.591177629254842,-0.33472615388647875,0.484401341120317,0.4003699736665297,1.2367056159016443,0.9438784778122226,-1.139414231549315,-1.839608228666894,-1.0080178390712031,-1.1881406061069686
497,0,0,0,-0.0902467176954253,-0.591177629254842,-0.6519973612862839,-0.4652693125423316,0.5199740858881261,1.8315650380232156,-1.116147910079941,-1.448044908158969,1.2869914547909471,-0.18669346917180268,1.099486584679552
498,1,1,1,-0.1407380741759128,2.124791803348346,0.7498986714105282,0.43441867513807236,-0.29176529869779066,-0.052156465361759975,0.07535874830893,-0.9336604471428789,-2.198987502627565,-1.0080178390712031,-1.1881406061069686
499,0,0,0,-0.3427035000978628,-0.591177629254842,1.4139546868984918,0.2344880112090937,-0.7741031938865245,0.09655839016863282,0.9478173427986324,-1.036537339346097,-1.0130358985573495,-1.0080178390712031,1.8620289816083926
500,0,0,0,-0.0902467176954253,-0.591177629254842,-1.2330463748382519,0.934245334960519,0.3435090022824919,0.4435597197395494,-0.9684404730895849,-1.2422911237525331,-1.336477245121954,0.22396871577789748,-0.42559820917812835
501,0,0,1,-0.620405960740544,-0.591177629254842,2.2126665055270704,1.234141330853987,0.5199740858881261,-0.3991577949326765,0.1856469679283956,1.7411387501407902,1.2510535273948795,-0.18669346917180268,-1.1881406061069686
502,0,0,0,0.995317446635056,-0.591177629254842,0.28137026048290986,0.33445334317358305,-0.5741094324668055,-0.052156465361759975,0.469245246949879,-0.3678375400251797,1.3229293821870143,-0.18669346917180268,-1.1881406061069686
503,0,0,0,1.7274421156021247,-0.591177629254842,-1.4525537799578843,0.5843666730848064,0.5846779498768588,-1.539305020665688,-0.1511259884096157,-0.26496064782196166,-0.25833942323993986,-1.0080178390712031,-1.1881406061069686
504,0,1,0,-0.822371386662494,1.0237231144551617,-1.7901155878309325,-0.1653733166488636,1.7591511174299126,-0.30001455791241466,-0.41896880748546095,0.7123698281086097,-1.9474220108550953,-0.18669346917180268,1.099486584679552
505,0,1,0,0.5408952383106684,1.9045780655697093,-0.611416160339797,0.18450534522684905,-2.1662166312198607,0.14613000867876375,0.36880418979643714,-0.47071443222839776,1.9338741479201553,-0.18669346917180268,0.3369441877507119
506,0,0,0,-1.630233090350294,-0.591177629254842,-0.03036714678782874,1.4340719947829657,0.4787988997134782,-0.6470158874833312,2.0684244314321325,0.09510847488930148,0.20885363290893316,0.6346309007275976,0.3369441877507119
507,0,1,0,0.4904038818301809,1.39074601075289,-0.4804495572852264,-0.8151479744180442,-0.12118238454567785,-1.3410185466251643,1.0876470498161692,-0.3163990939235707,-0.006773931467470169,1.0452930856772977,2.6245713785372327
508,0,1,0,-0.923354099623469,0.8035093766765248,0.010214054158657716,0.2844706771913384,-1.425063280076197,-0.3991577949326765,0.711485443614063,0.9181236125150458,-0.9770979711612826,-0.5973556541215028,-1.1881406061069686
509,0,1,0,-2.2108836898759003,1.6843643277910723,1.5818132908135052,-0.3153213145955976,-1.0309579266902809,-0.25044293940228374,1.1427911596259022,0.8666851664134367,0.9635501082263429,-1.4186800240209032,-0.42559820917812835
510,0,0,0,0.13696438646676845,-0.591177629254842,-0.9397549679977347,-0.8651306404002889,-1.2976162752499056,0.691417812290204,0.183677535435191,0.6609313820070007,0.42448119728533584,-1.0080178390712031,-1.1881406061069686
511,0,0,0,-0.6708973172210315,-0.591177629254842,-0.2627867522086159,0.9842280009427636,-0.03294984274286077,0.29484486420915657,0.14231945307789146,0.09510847488930148,-0.1505256410517382,-0.5973556541215028,-0.42559820917812835
512,0,0,0,-0.4436862130588378,-0.591177629254842,0.28505946056895387,-0.4152866465600869,0.2023369353979848,-0.845302361523855,-0.40715221252623257,-0.41927598612678874,0.28072948770106715,3.5092661953754987,-1.1881406061069686
513,0,0,0,-1.3020392732271253,-0.591177629254842,0.6318442686571129,-1.0650613043292676,1.2728917759388325,-0.3495861764225456,0.7587518234509769,1.432508073531136,1.9338741479201553,1.0452930856772977,-1.1881406061069686
514,0,1,0,0.2631927776679872,1.1705322729742529,0.4787424650862766,0.6843320050492957,0.3748805727012718,-0.052156465361759975,0.2880574575750427,-0.26496064782196166,1.3588673095830812,-0.18669346917180268,-0.42559820917812835
515,0,1,0,-1.2767935949868816,1.0237231144551617,1.3530828854787622,0.5843666730848064,-0.43685881188464554,-0.052156465361759975,-0.8443662260176857,2.3584001033600983,-0.6177186972006112,-0.18669346917180268,1.099486584679552
516,0,0,0,-0.31745782185761906,-0.591177629254842,0.22972145927829024,-0.4652693125423316,-1.4231025569250235,1.3358488529219061,-0.8995103358274189,1.278192735226309,-0.9770979711612826,0.22396871577789748,-0.42559820917812835
517,0,1,0,0.7681063424728621,2.271600961867437,-2.037291993595897,1.084193332907253,-1.9387727456837098,1.7819934195130847,-1.8999820423754294,-0.3163990939235707,-0.40209113282420855,-0.18669346917180268,-1.1881406061069686
518,0,0,1,-0.5446689260198128,-0.591177629254842,1.5154076892647086,-0.1653733166488636,0.2042976585491584,-2.5803090093784378,1.0915859148025784,-0.8822220010412699,-1.5161668821022896,-0.5973556541215028,1.099486584679552
519,0,0,0,0.995317446635056,-0.591177629254842,1.032122477992913,-0.9650959723647783,1.1179946469961086,1.484563708452299,-1.93346239475991,0.5580544898037827,0.46041912468140284,-0.18669346917180268,0.3369441877507119
520,0,0,0,0.11171870822652469,-0.591177629254842,0.6244658684850243,-0.015425318702129613,0.09253643893225698,-2.382022535337914,-0.4248771049650754,-0.3678375400251797,-0.25833942323993986,0.6346309007275976,-0.42559820917812835
521,0,1,0,-0.3427035000978628,1.0237231144551617,1.5541442901681735,-1.7648186280806928,-1.8975975595090617,0.740989430800335,0.13444172310507235,0.45517759760056464,-0.6177186972006112,-0.5973556541215028,1.099486584679552
522,0,1,0,-0.11549239593566905,1.6843643277910723,0.07108585557838792,1.2841239968362317,-0.09177153727807216,0.29484486420915657,-0.4169993749922563,-0.3678375400251797,0.10103985072073149,0.22396871577789748,-0.42559820917812835
523,0,0,0,0.7428606642326184,-0.591177629254842,1.1612444810044615,0.03455734728011505,-1.9093618984161043,0.691417812290204,-1.159475424930445,-0.5735913244316158,-0.3302152780320739,-1.0080178390712031,0.3369441877507119
524,0,0,0,-1.6807244468307816,-0.591177629254842,-0.5265645583607794,0.08454001326235971,-1.348595077180422,0.04698677165850189,-0.28898626293394786,-0.7279066627364429,-0.11458771365567119,1.0452930856772977,-1.1881406061069686
525,0,0,0,0.9700717683948121,-0.591177629254842,-0.7645179639106332,0.13452267924460437,-0.6995957141419232,-0.0025848468516290433,-1.307182861920801,-1.9109909230734503,-0.6895945519927452,-1.0080178390712031,-0.42559820917812835
526,0,0,0,-0.9485997778637127,-0.591177629254842,0.5838846675385373,-1.015078638347023,0.7356536325172345,-0.3495861764225456,1.140821727132697,-2.1681831535814955,0.7479225438499402,-1.0080178390712031,-1.1881406061069686
527,0,0,0,1.298265585517981,-0.591177629254842,0.3237960614724183,1.2841239968362317,-1.3740844781456807,-1.1923036910947715,-2.4258205180610966,-0.007768417313916559,-1.0130358985573495,-0.18669346917180268,1.099486584679552
528,0,0,0,1.1720371943167622,-0.591177629254842,0.4750532650002326,-0.26533864861335293,-0.6564598048161018,1.385420471432037,0.7745072833966146,-0.8307835549396608,-0.8692841889730812,-0.18669346917180268,-0.42559820917812835
529,0,1,0,0.2884384559082309,1.0237231144551617,0.04157225489003409,0.484401341120317,0.5474242100045582,1.1375623788813825,1.209751864394863,2.1012078728520533,-0.3661532054281415,-0.18669346917180268,0.3369441877507119
530,0,0,0,0.4904038818301809,-0.591177629254842,1.336481485091563,0.9842280009427636,-0.9799791247597645,0.29484486420915657,-0.9743487705691989,-0.21352220172035263,-0.22240149584387287,-1.4186800240209032,0.3369441877507119
531,0,0,0,1.777933472082612,-0.591177629254842,0.9528046761429615,1.7339679906764336,-0.22510071155788489,-1.2914469281150334,0.11080853318661564,1.2267542891246999,0.7479225438499402,-1.4186800240209032,-0.42559820917812835
532,0,1,0,0.010735995265549692,1.8311734863101636,0.379134062763082,0.3844360091558277,-0.2211792652555371,1.0879907603712515,0.07535874830893,-0.5221528783300068,1.8979362205240882,-0.18669346917180268,-1.1881406061069686
533,0,0,0,1.273019907277737,-0.591177629254842,-0.07832674790640379,0.2844706771913384,-1.095661790679013,-0.6470158874833312,-0.8089164411400007,-0.6250297705332248,0.5682329068696045,0.22396871577789748,-1.1881406061069686
534,0,0,0,-1.024336812584444,-0.591177629254842,-1.0043159695035089,-0.06540798468437428,0.9532939022975171,-1.8863063502366044,0.19746356288762454,-1.087975785447706,0.3526053424932012,-0.5973556541215028,1.099486584679552
535,0,0,0,-1.4787590209088315,-0.591177629254842,1.1372646804451736,1.683985324694189,-1.6407428267053055,0.691417812290204,-0.9664710405963803,-0.47071443222839776,0.1369777781167985,-0.18669346917180268,-1.1881406061069686
536,0,0,0,-0.41844053481859406,-0.591177629254842,0.6927160700768425,-0.06540798468437428,0.7023213389472817,-1.588876639175819,-1.6341086557927889,1.0210005047182638,-0.29427735063600685,-0.18669346917180268,-0.42559820917812835
537,0,0,0,-0.8981084213832253,-0.591177629254842,0.29243786074104244,0.484401341120317,-0.37215494789591336,0.4435597197395494,-0.4485102948835321,0.24942381319412854,-0.47396698761634254,-0.18669346917180268,-1.1881406061069686
538,1,0,1,-0.6456516389807878,-0.591177629254842,0.7904798723570152,-1.1150439703115123,2.4865794065153604,0.5427029567598112,0.13247229061186772,0.19798536709251952,-0.5458428424084772,1.8666174555766981,-0.42559820917812835
539,0,1,0,2.2323556804069997,2.198196382607892,1.4231776871136024,-0.11539065066661894,-0.9740969553062431,0.9888475233509896,-1.5415453286121656,-0.6764682166348338,0.42448119728533584,-0.5973556541215028,1.099486584679552
540,0,1,0,-0.9485997778637127,1.757768907050618,-2.7419292100303467,0.634349339067051,-0.2584330051278378,0.6418461937800731,0.5815028990625498,0.04367002878769246,-0.5817807698045442,1.0452930856772977,-0.42559820917812835
541,0,0,0,0.18745574294725595,-0.591177629254842,0.14486985729927276,0.03455734728011505,-0.005499718626428677,1.2862772344117752,0.29199632256145197,0.3523007053973466,0.8557363260381412,1.455955270626998,-0.42559820917812835
542,0,0,0,-0.7466343519417628,-0.591177629254842,1.806854496062204,0.18450534522684905,-1.340752184575727,1.0384191418611206,-1.4647374613771806,0.04367002878769246,-0.7255324793888128,-1.0080178390712031,-0.42559820917812835
543,0,0,0,0.9195804119143247,-0.591177629254842,-0.5966593599956203,0.934245334960519,-0.1447110623597622,-0.4487294134428074,-0.5627373794894076,0.24942381319412854,-0.006773931467470169,-0.18669346917180268,-0.42559820917812835
544,0,0,0,-0.4689318912990815,-0.591177629254842,0.11535625661091894,-3.214315941565788,1.4964142151726354,1.6828501824928228,-0.18066747580768688,0.19798536709251952,-1.623980664290491,1.0452930856772977,1.8620289816083926
545,0,0,0,-0.11549239593566905,-0.591177629254842,-1.5115809813345922,-0.11539065066661894,-1.8564223733344138,0.8897042863307277,0.3727430547828464,0.24942381319412854,0.49635705207746983,1.8666174555766981,-0.42559820917812835
546,0,0,0,-1.6049874121100502,-0.591177629254842,0.48796546530138724,-0.5652346445068209,-0.2780402366395749,-0.5974442689732002,2.0841798913777705,-0.7279066627364429,-0.6536566245966782,2.6879418254760985,-1.1881406061069686
547,0,0,0,-0.06500103945518156,-0.591177629254842,0.6871822699477765,-0.7151826424535549,-0.18392552538323645,0.691417812290204,-0.27126137049510507,-1.087975785447706,0.28072948770106715,1.8666174555766981,-1.1881406061069686
548,0,0,0,0.5156495600704247,-0.591177629254842,-1.4064387788823314,0.484401341120317,-1.3936917096574177,-0.8948739800339859,-0.6730255991088732,0.6609313820070007,0.1729157055128655,-0.5973556541215028,-1.1881406061069686
549,0,0,0,-0.16598375241615657,-0.591177629254842,-0.7405381633513454,-0.26533864861335293,-0.8054747643053038,-0.3991577949326765,-1.4391348389655192,1.483946519632745,-0.9052221163691483,-0.5973556541215028,-1.1881406061069686
550,0,0,0,-0.03975536121493781,-0.591177629254842,0.21496465893411307,0.484401341120317,-0.7113600530489654,0.09655839016863282,0.8335902581927569,0.7123698281086097,1.3948052369791482,-0.5973556541215028,-0.42559820917812835
551,0,1,0,1.5759680461606622,1.0971276937147072,-0.36055055448878853,0.18450534522684905,-0.21137564949966856,-1.7871631132163426,0.563778006623707,0.9181236125150458,0.06510192332466448,1.0452930856772977,-0.42559820917812835
552,0,0,0,1.5254766896801746,-0.591177629254842,0.7775676720558601,-0.26533864861335293,-0.140789616057415,-0.8948739800339859,-0.14127882594359198,0.6609313820070007,-1.336477245121954,-0.18669346917180268,1.099486584679552
553,0,0,0,-0.03975536121493781,-0.591177629254842,-2.151657196263268,-0.9650959723647783,0.604285181388596,-1.7871631132163426,-0.6375758142311876,1.0724389508198728,-0.6177186972006112,0.22396871577789748,-0.42559820917812835
554,0,0,0,0.18745574294725595,-0.591177629254842,0.6650470694315107,-1.1150439703115123,-0.09569298358041936,0.9392759048408587,-0.1353705284639775,-1.8081140308702324,-2.378677139607901,0.22396871577789748,-0.42559820917812835
555,0,1,0,-0.41844053481859406,2.491814699646074,-0.2627867522086159,-0.1653733166488636,0.4572309450505675,0.8897042863307277,1.1723326470239734,-1.448044908158969,-0.9411600437652156,1.0452930856772977,1.099486584679552
556,0,0,0,0.9700717683948121,-0.591177629254842,0.4363166640967676,-0.9650959723647783,-0.9348824922827688,-0.052156465361759975,-0.06840982369501607,-1.2422911237525331,-0.18646356844780584,-0.5973556541215028,0.3369441877507119
557,0,0,0,-0.7971257084222503,-0.591177629254842,0.29059326069802044,-1.5149052981694695,0.32390177077075477,0.3939881012294184,1.15460775458513,0.9695620586166548,0.8197983986420742,-0.18669346917180268,1.099486584679552
558,0,0,0,0.7176149859923747,-0.591177629254842,-0.6612203615013945,0.6843320050492957,1.9140482463726365,-0.10172808387189092,0.2230661852992859,-0.7279066627364429,0.42448119728533584,1.455955270626998,1.8620289816083926
559,0,0,0,0.13696438646676845,-0.591177629254842,-1.2016881741068757,0.18450534522684905,-2.389739070453664,0.04698677165850189,0.6189221164334395,-1.139414231549315,-3.672442525866318,-1.8293422089706033,0.3369441877507119
560,0,1,0,1.702196437361881,1.0237231144551617,-0.06725914764827116,-1.5149052981694695,0.22586561321206913,0.24527324569902562,-0.5272875946117219,-0.985098893244488,-1.048973825953417,0.22396871577789748,0.3369441877507119
561,1,1,0,-1.1000738473051752,1.6109597485315268,1.0136764775626919,1.4840546607652103,-0.09765370673159353,0.7905610493104659,1.329887246480353,-0.3163990939235707,0.42448119728533584,-0.18669346917180268,0.3369441877507119
562,0,0,0,-0.8476170649027378,-0.591177629254842,0.5746616673234267,0.784297337013785,0.3729198495500976,-0.6965875059934621,-0.4248771049650754,-0.8822220010412699,-1.0849117533494839,0.6346309007275976,-0.42559820917812835
563,0,0,0,0.6671236295118872,-0.591177629254842,0.050795255105144696,1.1841586648717424,-0.5937166639785426,0.4931313382496803,-0.34019150775727114,0.8152467203118278,-0.3302152780320739,-0.5973556541215028,-0.42559820917812835
564,0,0,0,-0.5699146042600566,-0.591177629254842,0.1983632585469144,-0.6152173104890656,-0.11137876878980929,-0.5478726504630693,1.0876470498161692,0.45517759760056464,0.5322949794735369,0.22396871577789748,0.3369441877507119
565,0,1,0,-0.01450968297469406,2.198196382607892,-0.04512394713200592,-0.6152173104890656,-0.7152814993513131,0.3939881012294184,0.8158653657539141,-1.448044908158969,-1.0130358985573495,-1.0080178390712031,-1.1881406061069686
566,0,0,0,0.3136841341484747,-0.591177629254842,0.6650470694315107,-0.21535598263110828,-0.13294672345272002,1.3358488529219061,-1.8881654474162008,0.7638082742102187,1.1791776726027456,-0.5973556541215028,-0.42559820917812835
567,0,0,0,-0.5699146042600566,-0.591177629254842,-0.7774301642117878,0.43441867513807236,0.7336929093660609,-2.530737390868307,0.10686966820020581,1.8440156423440082,1.3588673095830812,2.6879418254760985,1.099486584679552
568,0,1,0,0.7176149859923747,2.0513872240888005,0.24447825962246741,0.13452267924460437,-0.45450532024520907,-0.845302361523855,0.2998740525342711,0.9181236125150458,2.221377567088692,0.22396871577789748,-0.42559820917812835
569,0,0,0,-1.1000738473051752,-0.591177629254842,-0.5579227590921553,-0.015425318702129613,0.0003824508270921277,0.4931313382496803,0.5992277915013922,0.04367002878769246,0.6041708342656715,-0.5973556541215028,0.3369441877507119
570,0,0,0,-0.4689318912990815,-0.591177629254842,-0.6612203615013945,0.784297337013785,-0.5780308787691533,-0.052156465361759975,1.7021099876960495,-0.26496064782196166,-0.8692841889730812,0.22396871577789748,-0.42559820917812835
571,0,0,1,-0.16598375241615657,-0.591177629254842,1.69064469335181,0.2344880112090937,0.04743980645526135,0.24527324569902562,0.40031510968771294,-2.5282522762927586,0.46041912468140284,-0.5973556541215028,1.099486584679552
572,0,0,0,-0.26696646537713153,-0.591177629254842,0.5101006658176525,1.0342106669250084,1.8101299193604294,0.1957016271888947,0.4928784368683363,0.1465469209909105,-0.7974083341809469,-1.4186800240209032,0.3369441877507119
573,0,0,0,-1.327284951467369,-0.591177629254842,2.229267905914269,-0.3153213145955976,-1.3133020604592955,0.14613000867876375,-0.07628755366783516,-0.3163990939235707,-1.0849117533494839,0.22396871577789748,0.3369441877507119
574,0,1,0,-0.3931948565783503,2.124791803348346,0.9232910754546078,1.1341759988894977,-1.3309485688198586,-0.4983010319529384,0.2092801578468529,-1.2422911237525331,-0.25833942323993986,1.455955270626998,0.3369441877507119
575,1,1,0,-0.1912294306564003,0.8769139559360705,0.1467144573422948,0.484401341120317,-0.5956773871297162,-0.30001455791241466,-0.5115321346660837,1.3810696274295269,0.6760466890578055,-0.18669346917180268,-0.42559820917812835
576,1,0,0,1.7274421156021247,-0.591177629254842,-2.258643998758551,-0.11539065066661894,-0.009421164928776437,-1.0931604540745097,1.4460837635794326,0.1465469209909105,-1.336477245121954,0.6346309007275976,1.099486584679552
577,0,0,1,-0.822371386662494,-0.591177629254842,-0.3218139535853241,-0.7151826424535549,-0.8858644135034259,-0.6965875059934621,-0.22793385564460086,-0.6764682166348338,0.28072948770106715,1.8666174555766981,2.6245713785372327
578,1,0,1,-0.2417207871368878,-0.591177629254842,-0.6372405609421067,-0.5652346445068209,-0.4780339980592934,0.09655839016863282,0.4416731920450125,2.6155923338681433,2.3291913492768934,-0.5973556541215028,0.3369441877507119
579,0,0,0,-0.822371386662494,-0.591177629254842,-0.36977355470389917,1.1341759988894977,0.7964360502036201,-0.3495861764225456,0.1777692379555771,-1.2422911237525331,0.42448119728533584,-0.5973556541215028,-0.42559820917812835
580,0,0,0,0.010735995265549692,-0.591177629254842,0.20574165871900246,-1.4149399662049802,0.16508319552568412,0.14613000867876375,0.04975612589726865,0.5580544898037827,-0.5099049150124095,1.455955270626998,-0.42559820917812835
581,0,1,0,-0.8476170649027378,0.8769139559360705,0.9417370758848289,-3.0143852776368094,-0.2172578189531899,-2.084592824277128,-0.7695277912759058,0.7638082742102187,-0.29427735063600685,-1.0080178390712031,-0.42559820917812835
582,0,0,0,-0.8728627431429815,-0.591177629254842,-2.684746608696661,1.6340026587119443,1.537589401347284,-1.9358779687467356,-1.4115627840606526,1.0210005047182638,0.46041912468140284,-0.5973556541215028,-1.1881406061069686
583,0,1,0,0.3894211688692059,0.6567002181574335,0.2555458598806,0.5843666730848064,0.7925146039012724,1.5341353269624298,0.9222147203869704,-0.1106453095171346,0.42448119728533584,-0.5973556541215028,2.6245713785372327
584,0,0,0,1.4497396549594435,-0.591177629254842,0.41418146358050234,1.2841239968362317,-0.7192029456536604,-0.6965875059934621,-0.11567620353193006,-0.8307835549396608,0.06510192332466448,0.6346309007275976,-0.42559820917812835
585,0,0,0,-0.5699146042600566,-0.591177629254842,0.22418765914922367,1.084193332907253,0.8082003891106623,-0.5974442689732002,0.04384782841765419,-0.7279066627364429,-0.40209113282420855,0.22396871577789748,-0.42559820917812835
586,0,1,0,0.4651582035899372,1.3173414314933443,-0.33657075392950075,-0.1653733166488636,0.9827047495651228,0.4931313382496803,-1.159475424930445,-0.41927598612678874,-1.3005393177258868,1.455955270626998,-0.42559820917812835
587,0,0,0,0.4904038818301809,-0.591177629254842,-0.533942958532868,-0.7651653084357996,-1.5917247479259626,1.385420471432037,0.6228609814198494,1.175315843023091,-1.372415172518021,-1.0080178390712031,-0.42559820917812835
588,0,0,0,1.3740026202387121,-0.591177629254842,0.09322105609465317,0.08454001326235971,-0.0819679215222036,0.8401326678205968,0.4968173018547456,1.123877396921482,-0.8692841889730812,-1.4186800240209032,-0.42559820917812835
589,0,0,0,0.13696438646676845,-0.591177629254842,0.7591216716256388,0.9842280009427636,1.3728886566486913,-0.25044293940228374,-1.5691173835170322,0.6609313820070007,-0.5458428424084772,0.22396871577789748,-0.42559820917812835
590,0,1,0,1.1467915160765185,1.757768907050618,-0.4712265570701158,-1.015078638347023,-0.28784385239544347,-0.4487294134428074,-1.04524834032457,0.3523007053973466,-0.7255324793888128,-0.18669346917180268,1.099486584679552
591,0,1,0,0.010735995265549692,1.537555169271981,-1.0780999712243937,0.784297337013785,-0.27019734403487994,-0.0025848468516290433,0.7961710408218666,-1.293729569854142,-0.04271185886353718,0.6346309007275976,-1.1881406061069686
592,0,1,0,-1.9836725857137065,1.0971276937147072,0.04710605501910014,-0.3153213145955976,-0.6976349909907497,-2.035021205766997,-1.4273182440062904,0.09510847488930148,0.8916742534342083,-0.18669346917180268,1.099486584679552
593,0,0,0,-1.5040046991490752,-0.591177629254842,0.55990486697925,0.2344880112090937,-1.5348637765419249,0.24527324569902562,1.032502940006436,0.19798536709251952,-0.22240149584387287,-0.18669346917180268,-0.42559820917812835
594,0,0,0,-0.7971257084222503,-0.591177629254842,-0.22220555126212946,-1.2150093022760016,0.821925451168878,-0.3991577949326765,-1.9708816121308002,0.1465469209909105,0.42448119728533584,-0.18669346917180268,0.3369441877507119
595,0,0,0,-1.7059701250710253,-0.591177629254842,0.6336888687001349,-0.6152173104890656,0.7768288186918829,0.9392759048408587,-1.0354011778585464,-1.499483354260578,-0.1505256410517382,3.9199283803251985,0.3369441877507119
596,0,0,0,0.2884384559082309,-0.591177629254842,-1.175863773504566,0.3844360091558277,0.8454541289829629,0.5427029567598112,-0.32837491279804276,-1.139414231549315,1.0354259630184768,0.22396871577789748,-0.42559820917812835
597,0,1,0,0.8943347336740809,0.950318535195616,-0.002698146142496922,-0.6152173104890656,-0.374115671047087,-0.15129970238202184,2.3520227104536153,1.0210005047182638,-0.25833942323993986,-0.18669346917180268,0.3369441877507119
598,0,0,0,0.6923693077521309,-0.591177629254842,0.14302525725625076,-0.8151479744180442,1.384652995555734,-0.25044293940228374,0.10096137072059191,-1.6537986925654051,-0.04271185886353718,0.22396871577789748,-0.42559820917812835
599,0,0,0,-1.8574441945124878,-0.591177629254842,0.3994246632363252,1.384089328800721,0.5297777016439946,-0.0025848468516290433,-1.0925147201614835,-0.47071443222839776,-0.6536566245966782,-0.5973556541215028,0.3369441877507119
600,1,0,0,1.5254766896801746,-0.591177629254842,0.18545105824575922,-1.1150439703115123,1.317988408415827,0.8401326678205968,-0.3303443452912474,1.8954540884456172,-3.2052494697174447,0.6346309007275976,-0.42559820917812835
601,0,1,0,0.4904038818301809,1.6843643277910723,-0.4804495572852264,-0.8651306404002889,0.37095912639892403,-0.2008713208921528,0.711485443614063,-1.2422911237525331,0.42448119728533584,-0.18669346917180268,-1.1881406061069686
602,0,0,0,0.3136841341484747,-0.591177629254842,0.1485590573853168,-0.1653733166488636,0.15724030292098917,0.8897042863307277,-0.834519063551662,0.04367002878769246,-0.5458428424084772,0.6346309007275976,0.3369441877507119
603,1,0,1,0.5408952383106684,-0.591177629254842,0.9472708760138955,1.5840199927296996,0.8434934058317888,-0.052156465361759975,-0.37170242764854694,-2.2196215996831046,0.28072948770106715,-1.0080178390712031,-1.1881406061069686
604,0,1,0,1.197282872557006,1.3173414314933443,1.2055148820369925,2.4837079804101037,-1.6113319794377,1.8811366565333465,0.6839133887091964,-0.47071443222839776,1.7901224383358867,-0.18669346917180268,0.3369441877507119
605,0,0,0,-0.6708973172210315,-0.591177629254842,0.9472708760138955,-0.36530398057784225,0.4474273292946989,-1.0931604540745097,-0.8561828209769141,0.04367002878769246,-0.18646356844780584,-1.0080178390712031,1.099486584679552
606,0,0,0,0.13696438646676845,-0.591177629254842,0.1393360571702062,0.18450534522684905,0.9807440264139486,0.8401326678205968,-1.1102396126003264,-0.985098893244488,0.28072948770106715,-0.5973556541215028,-0.42559820917812835
607,0,0,0,1.9798988980045622,-0.591177629254842,-0.1631783498854218,-2.3146279538853842,-0.17804335592971565,0.3939881012294184,0.2624548351633808,0.3523007053973466,1.1073018178106115,-0.18669346917180268,-0.42559820917812835
608,0,0,0,-0.5951602825003003,-0.591177629254842,0.18360645820273722,0.5843666730848064,0.13371162510690485,-0.25044293940228374,0.25260767269735707,-0.47071443222839776,-0.3661532054281415,1.0452930856772977,-1.1881406061069686
609,1,0,1,0.6671236295118872,-0.591177629254842,-0.048813147218049954,0.484401341120317,-0.6329311270020168,-0.0025848468516290433,-0.37564129263495677,1.946892534547226,-0.9052221163691483,-1.0080178390712031,-0.42559820917812835
610,0,0,0,-0.519423247779569,-0.591177629254842,-0.3402599540155453,-0.06540798468437428,-0.02706767328933941,-0.9444455985441168,0.5342365192256359,0.8152467203118278,0.1369777781167985,-0.18669346917180268,-0.42559820917812835
611,0,1,0,-0.9990911343442003,0.8769139559360705,1.380751886124094,1.6340026587119443,-0.7544959623747874,-0.2008713208921528,0.9872059926627272,-0.47071443222839776,0.10103985072073149,-0.18669346917180268,-1.1881406061069686
612,1,1,0,0.8690890554338372,1.1705322729742529,-0.9563563683849337,-2.3146279538853842,0.2905694772008019,0.24527324569902562,0.6504330363247159,-0.8307835549396608,-1.5880427368944239,-0.18669346917180268,0.3369441877507119
613,0,1,0,0.3641754906289622,1.3173414314933443,-0.1668675499714658,0.33445334317358305,0.33370538652662335,-1.1427320725846406,0.4810618419091074,-1.499483354260578,1.2151155999988126,0.22396871577789748,3.387113775466073
614,1,0,0,0.16221006470701219,-0.591177629254842,1.733070494341319,0.18450534522684905,-0.32117614596539634,-1.588876639175819,-0.9349601207051039,-1.7052371386670142,0.28072948770106715,1.8666174555766981,0.3369441877507119
615,1,0,0,0.2884384559082309,-0.591177629254842,-0.3255031536713681,1.8839159886231676,0.014107512885308454,0.691417812290204,-1.3249077543596437,1.7411387501407902,0.1729157055128655,-0.18669346917180268,-0.42559820917812835
616,1,0,0,0.06122735174603719,-0.591177629254842,-2.1535017963062906,1.1841586648717424,-0.583913048222674,-1.6880198761960807,1.5544025507056936,-1.139414231549315,-0.29427735063600685,-0.18669346917180268,1.099486584679552
617,0,0,0,-0.7971257084222503,-0.591177629254842,0.8974666748522979,-1.5149052981694695,1.2454416518223999,-0.9940172170542477,-1.1555365599440357,-2.0653062613782773,0.1729157055128655,0.22396871577789748,1.099486584679552
618,0,0,0,-0.3931948565783503,-0.591177629254842,0.558060266936228,-0.9151133063825336,-0.11137876878980929,-0.30001455791241466,-0.017204578871692803,-0.7793451088380519,0.38854326988926885,-0.5973556541215028,-1.1881406061069686
619,0,0,1,-1.9331812292332191,-0.591177629254842,1.5873470909425718,-0.7151826424535549,0.1690046418280319,0.09655839016863282,-0.3697329951553423,0.24942381319412854,0.3166674150971342,0.6346309007275976,0.3369441877507119
620,0,0,0,-0.26696646537713153,-0.591177629254842,0.6521348691303561,-0.1653733166488636,-1.6152534257400473,0.8401326678205968,-1.3308160518392582,-1.139414231549315,0.5682329068696045,-1.0080178390712031,0.3369441877507119
621,0,0,0,0.9195804119143247,-0.591177629254842,-1.2736275757847386,-1.0650613043292676,0.4513487755970461,0.5427029567598112,-0.6257592192719592,-1.8595524769718412,0.10103985072073149,-0.5973556541215028,1.099486584679552
622,1,1,1,-0.7971257084222503,1.8311734863101636,1.6961784934808766,-0.11539065066661894,1.0434871672515078,0.09655839016863282,-0.7065059514933536,-0.7793451088380519,-0.7255324793888128,-1.0080178390712031,-0.42559820917812835
623,0,0,0,-1.4030219861881004,-0.591177629254842,-1.2312017747952297,0.3844360091558277,0.3650769569454032,0.9888475233509896,0.7666295534237955,0.30086225929573757,-0.43802906022027555,-0.5973556541215028,0.3369441877507119
624,0,0,0,-0.6961429954612753,-0.591177629254842,0.14302525725625076,0.8842626689782743,0.7748680955407088,-0.4983010319529384,-0.6651478691360541,0.4037391514989556,1.7541845109398195,-1.0080178390712031,-0.42559820917812835
625,0,0,0,-0.21647510889664406,-0.591177629254842,0.3219514614293963,-0.8151479744180442,1.3552421482881283,0.24527324569902562,-0.834519063551662,0.24942381319412854,0.20885363290893316,-0.18669346917180268,-0.42559820917812835
626,0,1,0,0.3136841341484747,1.757768907050618,0.01574785428772429,-0.5652346445068209,-1.3878095402038964,1.1871339973915134,-0.6769644640952824,1.2267542891246999,-0.6536566245966782,-1.0080178390712031,-0.42559820917812835
627,0,1,0,0.8690890554338372,1.0237231144551617,0.3237960614724183,0.634349339067051,1.16113055632193,-0.25044293940228374,-1.3111217269072108,1.792577196242399,1.574494873959484,0.22396871577789748,0.3369441877507119
628,0,1,0,-0.01450968297469406,1.3173414314933443,-0.47676035719918236,0.7343146710315404,-1.2231087955053044,2.277709604614394,0.24079107773812872,0.19798536709251952,2.041687930108357,0.22396871577789748,-0.42559820917812835
629,0,1,0,-0.11549239593566905,1.39074601075289,1.5080292890926204,-0.21535598263110828,0.4062521431200511,0.04698677165850189,-0.4307854024446893,-0.1620837556187436,0.38854326988926885,-1.0080178390712031,-0.42559820917812835
630,0,0,0,0.18745574294725595,-0.591177629254842,1.2294946825962798,0.08454001326235971,0.04351836015291415,1.6828501824928228,-0.4169993749922563,-0.26496064782196166,-0.29427735063600685,0.22396871577789748,-0.42559820917812835
631,0,0,0,-0.41844053481859406,-0.591177629254842,0.21127545884806903,-0.6152173104890656,2.3258001081191164,0.9392759048408587,0.9064592604413328,-1.087975785447706,-1.336477245121954,-0.18669346917180268,-1.1881406061069686
632,0,0,0,0.8438433771935934,-0.591177629254842,0.5303912662908962,-0.7151826424535549,1.047408613553855,-0.5478726504630693,1.7671012599718063,-0.7279066627364429,0.8557363260381412,-0.5973556541215028,-0.42559820917812835
633,0,0,0,-0.721388673701519,-0.591177629254842,1.354927485521784,-1.3649573002227355,0.3748805727012718,-1.0931604540745097,0.1876164004216008,-0.5735913244316158,-0.1505256410517382,-0.18669346917180268,-1.1881406061069686
634,0,0,0,-0.4436862130588378,-0.591177629254842,0.41971526370956896,-0.6651999764713102,0.02587185179235062,0.5427029567598112,-1.9610344496647765,-0.9336604471428789,-1.2286634629337525,-0.18669346917180268,-1.1881406061069686
635,0,0,0,0.9195804119143247,-0.591177629254842,-0.09492814829360298,0.9842280009427636,-0.8603750125381675,-0.10172808387189092,-1.275671942029525,1.0724389508198728,-0.006773931467470169,0.22396871577789748,-1.1881406061069686
636,0,1,0,-1.1253195255454191,1.6109597485315268,-0.9674239686430666,-0.5652346445068209,-0.5505807546527212,0.7905610493104659,-0.13143166347756824,0.5580544898037827,0.6760466890578055,-0.5973556541215028,-0.42559820917812835
637,1,1,0,-0.9990911343442003,0.5832956388978879,-0.6649095615874385,-1.2150093022760016,0.8317290669247466,-2.084592824277128,-1.055095502790594,-0.26496064782196166,0.38854326988926885,-0.5973556541215028,-1.1881406061069686
638,0,1,0,1.777933472082612,0.6567002181574335,0.13564685708416216,-0.3153213145955976,0.7807502649942302,1.8811366565333465,-0.007357416405669077,-1.8595524769718412,-1.5880427368944239,-0.5973556541215028,-0.42559820917812835
639,0,0,0,-1.0748281690649315,-0.591177629254842,1.0192102776917584,-0.5652346445068209,-1.8309329723691556,1.5341353269624298,-0.4485102948835321,1.123877396921482,-0.11458771365567119,0.6346309007275976,-1.1881406061069686
640,0,0,0,1.3992482984789558,-0.591177629254842,-1.0301403701058185,-0.21535598263110828,-1.9054404521137567,-0.9940172170542477,-0.23384215312421477,-0.9336604471428789,1.0354259630184768,-0.18669346917180268,-0.42559820917812835
641,0,0,0,1.6517050808813933,-0.591177629254842,-0.10415114850871358,0.13452267924460437,1.4944534920214612,-0.845302361523855,-0.20627009821934822,0.6609313820070007,1.8260603657319543,0.22396871577789748,-1.1881406061069686
642,0,0,1,-0.6456516389807878,-0.591177629254842,2.491201112023411,0.08454001326235971,-0.5956773871297162,-0.6965875059934621,1.6509047428727268,-0.007768417313916559,-1.623980664290491,-0.5973556541215028,0.3369441877507119
643,0,0,0,-0.4436862130588378,-0.591177629254842,0.8919328747232319,-1.1150439703115123,0.1435152408627734,0.740989430800335,0.20534129286044306,-0.007768417313916559,0.6760466890578055,0.22396871577789748,-0.42559820917812835
644,0,0,0,3.5956223053801626,-0.591177629254842,-1.5503175822380566,-0.4152866465600869,-0.7152814993513131,-1.8367347317264735,1.2392933517929343,0.9181236125150458,-1.3005393177258868,0.6346309007275976,0.3369441877507119
645,0,0,0,1.2477742290374934,-0.591177629254842,-0.613260760382819,1.6340026587119443,0.049400529606434956,-0.25044293940228374,0.6583107662975345,0.1465469209909105,1.0354259630184768,-0.5973556541215028,-0.42559820917812835
646,0,1,0,-0.21647510889664406,0.5832956388978879,0.08215345583652055,-0.06540798468437428,-2.4269928103259644,1.6828501824928228,-0.318527750332019,-0.21352220172035263,0.8916742534342083,-0.5973556541215028,0.3369441877507119
647,0,0,0,-0.519423247779569,-0.591177629254842,-1.3603237778067783,0.484401341120317,-3.064227834457421,-0.5974442689732002,-0.2299032881378055,-0.6764682166348338,1.0354259630184768,0.22396871577789748,-1.1881406061069686
648,0,0,0,0.8438433771935934,-0.591177629254842,-0.028522546744806723,0.484401341120317,-0.9093930913175103,-1.7871631132163426,0.6957299836684248,0.24942381319412854,0.5322949794735369,-0.18669346917180268,-0.42559820917812835
649,0,1,0,-0.5951602825003003,1.1705322729742529,-0.5560781590491333,-1.3149746342404909,-1.4956493135184505,-1.3905901651352952,-0.5312264595981312,-0.8307835549396608,-0.04271185886353718,0.6346309007275976,-0.42559820917812835
650,0,0,0,1.1720371943167622,-0.591177629254842,0.5506818667641394,0.18450534522684905,-1.3270271225175114,-1.0931604540745097,-1.0216151504061128,1.175315843023091,0.38854326988926885,-0.5973556541215028,0.3369441877507119
651,0,0,0,-0.6708973172210315,-0.591177629254842,-0.13735394928311198,0.2344880112090937,0.22586561321206913,-0.052156465361759975,-0.37564129263495677,0.24942381319412854,0.49635705207746983,0.6346309007275976,-0.42559820917812835
652,1,0,0,0.9448260901545684,-0.591177629254842,-0.18900275048773105,-0.9151133063825336,0.3474304485848397,2.327281223124525,-0.33625264277086186,-1.190852677650924,-0.29427735063600685,1.8666174555766981,-0.42559820917812835
653,0,0,0,-0.923354099623469,-0.591177629254842,0.2703026602247767,2.3337599824633695,-0.5250913536874626,-0.6470158874833312,1.327917813987148,0.7123698281086097,-1.6958565190826254,-1.0080178390712031,0.3369441877507119
654,0,0,0,0.4904038818301809,-0.591177629254842,0.3551542622037947,-2.214662621920895,0.5866386730280324,-1.3410185466251643,-1.6045671683947176,-0.985098893244488,-0.11458771365567119,-0.5973556541215028,0.3369441877507119
655,1,0,1,0.5156495600704247,-0.591177629254842,-0.21851635117608542,-0.3153213145955976,-2.087787705172912,1.0384191418611206,0.7882933108490481,0.7638082742102187,1.1432397452066785,-1.4186800240209032,1.099486584679552
656,0,0,0,-0.31745782185761906,-0.591177629254842,0.4178706636665464,-0.7151826424535549,0.32586249392192895,-0.3495861764225456,0.7508740934781578,-0.05920686341552558,0.5682329068696045,-1.0080178390712031,0.3369441877507119
657,0,0,0,0.08647302998628094,-0.591177629254842,-1.9026361904552818,0.784297337013785,-1.658389335065869,-1.2914469281150334,0.4928784368683363,-0.3163990939235707,-0.29427735063600685,-0.5973556541215028,1.099486584679552
658,0,0,0,-1.8574441945124878,-0.591177629254842,-1.9708863920471003,-1.2649919682582462,0.16508319552568412,0.8401326678205968,-2.66806071472528,-1.499483354260578,-0.11458771365567119,-0.5973556541215028,-0.42559820917812835
659,0,1,0,-0.4941775695393253,1.6843643277910723,0.5691278671943607,-0.015425318702129613,0.49644540807404175,-0.15129970238202184,-0.6415146792175974,1.0210005047182638,-0.18646356844780584,-0.18669346917180268,-1.1881406061069686
660,1,1,0,-0.923354099623469,1.8311734863101636,-0.9655793686000442,-0.36530398057784225,-0.7309672845607025,0.1957016271888947,0.9084286929345374,0.45517759760056464,-0.7614704067848799,3.5092661953754987,-1.1881406061069686
661,0,1,0,0.16221006470701219,1.4641505900124354,0.41049226349445833,-1.0650613043292676,2.0532595901059696,1.385420471432037,0.47909240941590275,1.6897003040391811,0.6041708342656715,1.455955270626998,-0.42559820917812835
662,0,1,0,-0.31745782185761906,0.6567002181574335,0.7369864711093735,-1.1150439703115123,0.4297808209341354,-0.30001455791241466,-0.25550591054946686,-0.41927598612678874,2.113563784900492,0.22396871577789748,-0.42559820917812835
663,0,0,0,0.2631927776679872,-0.591177629254842,-1.4802227806032162,0.5843666730848064,1.3787708261022127,1.7819934195130847,0.47318411193628884,-0.3163990939235707,-0.43802906022027555,0.6346309007275976,1.099486584679552
664,0,0,0,-0.5951602825003003,-0.591177629254842,1.1003726795847313,0.6843320050492957,-0.9839005710621116,0.740989430800335,-0.7970998461807718,-0.985098893244488,0.02916399592859748,-1.0080178390712031,2.6245713785372327
665,1,0,0,-0.8476170649027378,-0.591177629254842,-1.0817891713104377,-2.1146972899564056,0.6827141074355445,-0.5974442689732002,-2.09101699421629,1.5353849657343541,0.42448119728533584,2.6879418254760985,0.3369441877507119
666,0,0,0,0.03598167350579344,-0.591177629254842,0.8329056733465237,-0.9650959723647783,-1.3878095402038964,0.5922745752699422,-0.6631784366428495,0.45517759760056464,2.00575000271229,0.6346309007275976,-0.42559820917812835
667,0,1,0,1.1467915160765185,0.8035093766765248,-0.05434694734711652,-0.6152173104890656,-0.7348887308630503,-1.6880198761960807,0.2801797276022236,-0.1106453095171346,1.574494873959484,0.6346309007275976,-0.42559820917812835
668,0,0,1,-0.11549239593566905,-0.591177629254842,0.019437054373768324,-0.4152866465600869,-0.18196480223206285,0.691417812290204,1.857695154659225,1.278192735226309,0.02916399592859748,-0.18669346917180268,-0.42559820917812835
669,0,0,0,1.2225285507972496,-0.591177629254842,1.0708590788963774,-1.0650613043292676,-0.15255395496445714,0.3444164827192875,0.12065569565263937,0.5580544898037827,-0.40209113282420855,1.8666174555766981,-1.1881406061069686
670,0,0,0,0.7176149859923747,-0.591177629254842,0.34777586203170613,-0.4652693125423316,1.2650488833341371,0.29484486420915657,-1.769999497823916,0.04367002878769246,-0.3661532054281415,-1.0080178390712031,0.3369441877507119
671,0,0,0,1.6517050808813933,-0.591177629254842,1.7478272946854962,0.484401341120317,-2.887762750851787,0.4435597197395494,0.8828260705228755,0.9695620586166548,0.24479156030500016,0.22396871577789748,-1.1881406061069686
672,0,0,0,1.2225285507972496,-0.591177629254842,0.7037836703349751,-0.4652693125423316,1.437592520637424,-1.2914469281150334,0.5046950318275647,-0.05920686341552558,-0.22240149584387287,-0.5973556541215028,1.099486584679552
673,0,0,0,-0.7718800301820066,-0.591177629254842,-0.8272343653733855,-0.21535598263110828,0.700360615796108,-0.4983010319529384,1.1605160520647444,0.6609313820070007,-0.9411600437652156,0.6346309007275976,1.099486584679552
674,0,0,0,-0.8728627431429815,-0.591177629254842,1.4157992869415144,1.7339679906764336,-0.3917621794076505,0.29484486420915657,-0.2752002354815143,1.792577196242399,-1.4442910273101552,1.0452930856772977,0.3369441877507119
675,0,0,0,1.5002310114399309,-0.591177629254842,-0.061725347519205116,-0.5152519785245763,-0.0819679215222036,0.740989430800335,1.2333850543133198,-0.26496064782196166,-0.3661532054281415,-0.18669346917180268,-0.42559820917812835
676,0,1,0,0.7176149859923747,2.124791803348346,0.469519464871166,-0.3153213145955976,-0.6819492057813596,0.14613000867876375,-0.32049718282522366,-0.985098893244488,0.5322949794735369,1.455955270626998,-0.42559820917812835
677,0,0,1,-0.1912294306564003,-0.591177629254842,1.6297728919320797,0.6843320050492957,0.4474273292946989,-1.2914469281150334,1.209751864394863,-0.5221528783300068,0.38854326988926885,-0.5973556541215028,1.099486584679552
678,0,0,0,1.7274421156021247,-0.591177629254842,-0.0063873462285414795,0.5343840071025617,-0.4897983369663361,1.484563708452299,0.5381753842120451,-0.41927598612678874,-0.11458771365567119,0.6346309007275976,0.3369441877507119
679,0,0,0,-1.0748281690649315,-0.591177629254842,-0.5560781590491333,2.23379465049888,-0.07216430576633504,0.24527324569902562,0.1620137780099389,0.4037391514989556,1.6823086561476857,-0.5973556541215028,-0.42559820917812835
680,0,0,0,-1.4030219861881004,-0.591177629254842,0.517479065989741,-1.4649226321872248,-0.9309610459804216,-0.30001455791241466,0.32547667494593296,1.278192735226309,0.7838604712460072,3.5092661953754987,-0.42559820917812835
681,0,0,0,1.3740026202387121,-0.591177629254842,-0.2609421521655939,0.3844360091558277,-0.3231368691165705,0.14613000867876375,-2.3844624357037967,0.4037391514989556,-0.47396698761634254,-0.18669346917180268,1.099486584679552
682,0,0,0,-1.226302238506394,-0.591177629254842,0.558060266936228,0.6843320050492957,-0.5662665398621105,-0.8948739800339859,-0.9192046607594664,0.9695620586166548,-0.11458771365567119,1.8666174555766981,1.8620289816083926
683,0,1,0,0.4651582035899372,1.39074601075289,0.7480540713675062,1.384089328800721,1.333674193625217,1.6332785639826917,-1.0787286927090507,-1.036537339346097,0.3166674150971342,-0.5973556541215028,-1.1881406061069686
684,0,0,0,-0.36794917833810653,-0.591177629254842,-0.705490762533925,-1.4149399662049802,-0.8995894755616417,-0.25044293940228374,0.183677535435191,-0.47071443222839776,-0.7255324793888128,0.22396871577789748,-0.42559820917812835
685,0,0,0,-1.4787590209088315,-0.591177629254842,0.3127284612142857,-0.5652346445068209,0.8062396659594886,1.1375623788813825,-1.1437199649848073,0.24942381319412854,-2.2349254300236323,1.0452930856772977,-1.1881406061069686
686,0,0,0,0.5661409165509121,-0.591177629254842,-1.3750805781509552,2.4837079804101037,1.0081941505303809,-0.4983010319529384,1.1171885372142403,-0.3678375400251797,1.6823086561476857,0.22396871577789748,-1.1881406061069686
687,0,0,1,-0.06500103945518156,-0.591177629254842,1.694333893437854,0.934245334960519,-0.19176841798793143,0.09655839016863282,1.6430270128999072,0.9181236125150458,0.3166674150971342,0.6346309007275976,1.8620289816083926
688,0,1,0,1.2225285507972496,2.56521927890562,0.5008776656025419,-1.0650613043292676,-0.5015626758733783,1.0879907603712515,0.7922321758354574,-1.036537339346097,0.24479156030500016,-0.5973556541215028,-0.42559820917812835
689,0,0,0,1.5002310114399309,-0.591177629254842,-0.2351177515632841,0.43441867513807236,0.7023213389472817,0.8401326678205968,2.0940270538437944,-1.190852677650924,-0.3302152780320739,-1.4186800240209032,-0.42559820917812835
690,0,0,0,0.06122735174603719,-0.591177629254842,0.46767486482814397,0.33445334317358305,-1.2740875974358215,0.09655839016863282,0.136411155598277,0.30086225929573757,0.06510192332466448,-0.5973556541215028,2.6245713785372327
691,0,1,0,0.793352020713106,0.5098910596383424,-0.4601589568119832,1.384089328800721,0.8905507614599579,0.29484486420915657,-1.037370610351751,-0.5221528783300068,-0.40209113282420855,-0.18669346917180268,-0.42559820917812835
692,0,0,0,0.9195804119143247,-0.591177629254842,-0.9692685686860886,0.33445334317358305,2.4120719267707593,-1.2418753096049024,-1.1299339375323738,1.3810696274295269,-0.9770979711612826,-1.0080178390712031,-0.42559820917812835
693,1,0,0,0.7176149859923747,-0.591177629254842,1.6205498917169692,-1.1150439703115123,0.07881137687404065,-0.746159124503593,-1.764091200344302,2.3584001033600983,-1.5521048094983565,-0.18669346917180268,-0.42559820917812835
694,0,0,0,-0.9738454561039566,-0.591177629254842,1.8714154975679782,-1.7148359620984481,-0.7760639170376982,0.3939881012294184,-2.4297593830475055,-1.345168015955751,-3.672442525866318,-1.8293422089706033,-0.42559820917812835
695,0,0,0,-1.731215803311269,-0.591177629254842,-0.1539553496703112,-0.9151133063825336,-0.2858831292442699,0.09655839016863282,0.03990896343124492,-1.8595524769718412,-0.006773931467470169,1.0452930856772977,-0.42559820917812835
696,0,0,0,-0.36794917833810653,-0.591177629254842,-1.0227619699337303,-0.9151133063825336,0.04743980645526135,0.9888475233509896,1.7395292050669402,0.9695620586166548,-1.2646013903298197,1.455955270626998,1.099486584679552
697,0,0,0,0.7428606642326184,-0.591177629254842,-0.3089017532841689,0.634349339067051,1.766994010034608,0.5427029567598112,-1.70106936056175,2.0497694267504443,-1.0849117533494839,-0.5973556541215028,-0.42559820917812835
698,0,0,0,-1.4787590209088315,-0.591177629254842,-0.613260760382819,-0.8151479744180442,1.0925052460308506,0.6418461937800731,-3.077702673311867,0.8666851664134367,-0.7974083341809469,3.098604010425799,-0.42559820917812835
699,0,0,0,-0.6961429954612753,-0.591177629254842,1.3881302862961826,-0.7651653084357996,-1.1133082990395766,-0.9940172170542477,-0.9329906882118993,0.09510847488930148,1.7182465835437526,1.0452930856772977,0.3369441877507119
700,0,1,0,-0.8728627431429815,1.3173414314933443,1.3899748863392045,0.3844360091558277,0.8434934058317888,1.7324218010029537,-0.20627009821934822,-0.26496064782196166,-1.7317944464786923,-0.5973556541215028,0.3369441877507119
701,0,1,0,0.06122735174603719,1.6843643277910723,-1.3252763769893579,1.1841586648717424,-0.2211792652555371,0.1957016271888947,-0.09992074358629244,-0.1106453095171346,-0.47396698761634254,-0.5973556541215028,-1.1881406061069686
702,0,0,0,0.6923693077521309,-0.591177629254842,-0.3826857550050538,-1.2649919682582462,1.2670096064853111,-0.4487294134428074,1.3535204363988098,-1.190852677650924,-0.9411600437652156,1.0452930856772977,-0.42559820917812835
703,0,0,0,0.08647302998628094,-0.591177629254842,0.06186285536327732,0.634349339067051,0.7729073723895352,-0.746159124503593,0.5618085741305024,0.19798536709251952,-1.6958565190826254,-0.18669346917180268,0.3369441877507119
704,0,0,0,0.06122735174603719,-0.591177629254842,0.34962046207472813,0.5843666730848064,-3.091677958573853,-0.4983010319529384,-0.4347242674310991,1.2267542891246999,0.7838604712460072,0.22396871577789748,-1.1881406061069686
705,0,0,0,-0.3427035000978628,-0.591177629254842,-1.26624917561265,-0.4652693125423316,-0.817239103212346,0.740989430800335,0.12262512814584399,1.586823411835963,-1.4442910273101552,0.22396871577789748,-0.42559820917812835
706,0,1,1,0.21270142118749968,1.39074601075289,-0.23327315152026207,-0.7651653084357996,0.41213431257357186,-0.3991577949326765,-0.0782569861610398,-0.1620837556187436,0.7479225438499402,-0.18669346917180268,-0.42559820917812835
707,0,0,1,-0.0902467176954253,-0.591177629254842,-1.08363377135346,-0.21535598263110828,-0.5956773871297162,0.04698677165850189,-0.14127882594359198,-1.9109909230734503,0.6041708342656715,-0.5973556541215028,1.8620289816083926
708,0,0,0,0.13696438646676845,-0.591177629254842,-0.2627867522086159,0.8842626689782743,0.19253331964211623,0.04698677165850189,-0.2771696679747195,-0.3678375400251797,-0.6177186972006112,-0.5973556541215028,0.3369441877507119
709,0,0,0,0.6166322730313997,-0.591177629254842,-0.9748023688151548,0.634349339067051,-0.8760607977475574,1.5341353269624298,0.09702250573418209,0.6094929359053917,1.5026190191673499,1.0452930856772977,0.3369441877507119
710,0,1,0,0.18745574294725595,1.9779826448292548,0.6705808695605773,0.2844706771913384,0.008225343431787092,0.3444164827192875,-0.11567620353193006,0.3523007053973466,1.8979362205240882,1.0452930856772977,-1.1881406061069686
711,0,0,0,0.6166322730313997,-0.591177629254842,-0.7276259630501908,1.5840199927296996,0.18469042703742128,1.2862772344117752,1.2373239192997303,-1.190852677650924,-0.7974083341809469,-1.0080178390712031,-0.42559820917812835
712,1,1,0,-0.721388673701519,1.537555169271981,-0.7331597631792568,0.6843320050492957,-1.2152659029006099,-0.4487294134428074,0.3884985147284846,-0.6250297705332248,-1.6958565190826254,0.6346309007275976,-1.1881406061069686
713,0,0,1,-1.9584269074734628,-0.591177629254842,2.6203231150349597,0.33445334317358305,1.0081941505303809,0.740989430800335,-1.185078047342107,2.9756614565794064,0.38854326988926885,-0.5973556541215028,0.3369441877507119
714,0,0,0,1.2225285507972496,-0.591177629254842,-0.23880695164932864,-1.9647492920096716,0.3650769569454032,0.3444164827192875,0.13838058809148218,1.586823411835963,-0.7255324793888128,0.6346309007275976,4.149656172394914
715,0,0,0,-0.6961429954612753,-0.591177629254842,0.639222668829201,-0.5152519785245763,-0.06628213631281367,-1.0931604540745097,-0.8542133884837095,0.6094929359053917,-1.5521048094983565,1.455955270626998,-1.1881406061069686
716,0,0,1,-0.9990911343442003,-0.591177629254842,1.4840494885333326,1.1341759988894977,0.2023369353979848,1.3358488529219061,0.6583107662975345,-1.5509218003621872,-0.43802906022027555,-0.5973556541215028,-0.42559820917812835
717,0,0,1,1.5254766896801746,-0.591177629254842,0.22787685923526824,0.634349339067051,-2.5348325836405183,-0.6470158874833312,0.0694504508293161,0.3523007053973466,1.1432397452066785,-0.18669346917180268,1.8620289816083926
718,0,1,0,0.43991252534969344,1.1705322729742529,-1.1334379725150574,-0.8651306404002889,-1.7760327241362919,-1.3905901651352952,0.8710094755636472,-1.3966064620573602,2.4010672040690277,-1.0080178390712031,-0.42559820917812835
719,0,0,0,-1.9584269074734628,-0.591177629254842,0.19651865850389186,-0.5652346445068209,-0.6623419742696226,0.3939881012294184,0.36486532481002787,-1.3966064620573602,1.7182465835437526,-0.18669346917180268,3.387113775466073
720,0,1,0,0.6671236295118872,1.2439368522337986,-1.7956493879599988,-0.26533864861335293,-0.7231243919560075,0.4435597197395494,1.2530793792453674,0.19798536709251952,-1.839608228666894,0.6346309007275976,-1.1881406061069686
721,0,1,0,-1.4787590209088315,1.757768907050618,-0.2904557528539477,-1.015078638347023,-0.43881953503581916,1.1375623788813825,-0.21414782819216732,0.30086225929573757,-0.7614704067848799,0.22396871577789748,-1.1881406061069686
722,0,0,1,0.43991252534969344,-0.591177629254842,1.6279282918890583,2.23379465049888,2.2787427524909467,1.0384191418611206,0.1442888855710961,-0.47071443222839776,1.5026190191673499,2.6879418254760985,2.6245713785372327
723,0,0,0,-1.4030219861881004,-0.591177629254842,-0.3642397545748326,-0.4652693125423316,-1.5642746238095306,-0.6965875059934621,-0.7537723313302677,-0.3678375400251797,0.1369777781167985,-0.5973556541215028,0.3369441877507119
724,0,1,0,-1.2767935949868816,1.1705322729742529,0.6410672688722234,1.4340719947829657,1.7571903942787395,-2.233307679807521,2.1905292460108265,1.5353849657343541,0.1369777781167985,-0.18669346917180268,-0.42559820917812835
725,0,0,1,1.9798988980045622,-0.591177629254842,1.987625300278372,1.1341759988894977,1.7218973775576125,0.691417812290204,1.27474313667062,0.6094929359053917,0.10103985072073149,-0.18669346917180268,-1.1881406061069686
726,0,0,0,1.298265585517981,-0.591177629254842,-1.4451753797857958,1.084193332907253,-1.1486013157607036,-0.6470158874833312,-0.054623796242583074,1.2267542891246999,-0.9770979711612826,-0.5973556541215028,0.3369441877507119
727,0,0,0,0.11171870822652469,-0.591177629254842,-1.415661779097442,-1.3149746342404909,1.5983718190336682,1.2367056159016443,0.5283282217460213,0.6609313820070007,1.071363890414544,0.22396871577789748,0.3369441877507119
728,0,0,0,-0.721388673701519,-0.591177629254842,-1.2994519763870482,-0.1653733166488636,-1.6564286119146951,-0.2008713208921528,1.8616340196456342,-0.8307835549396608,-0.6895945519927452,0.6346309007275976,-1.1881406061069686
729,0,0,0,-1.226302238506394,-0.591177629254842,0.6705808695605773,-1.6648532961162035,0.32978394022427615,0.3939881012294184,2.7872672914518644,1.5353849657343541,-1.8036703012708266,-1.0080178390712031,-0.42559820917812835
730,0,0,0,0.6166322730313997,-0.591177629254842,0.4400058641828122,0.484401341120317,-1.4015346022621127,-0.15129970238202184,-0.21217839569896269,0.6609313820070007,0.28072948770106715,-0.18669346917180268,-0.42559820917812835
731,0,0,0,1.0710544813557872,-0.591177629254842,-1.281005975956827,0.634349339067051,-0.6113631723391061,-2.035021205766997,-0.6809033290816923,-0.3163990939235707,-0.3661532054281415,-1.0080178390712031,-0.42559820917812835
732,0,0,0,-0.8981084213832253,-0.591177629254842,-1.2644045755696278,-2.464575951832118,0.3846841884571403,-0.7957307430137239,0.014306341019583009,-0.5735913244316158,-2.0911737204393637,3.9199283803251985,-0.42559820917812835
733,0,0,0,-0.519423247779569,-0.591177629254842,1.1132848798858863,1.0342106669250084,-1.1348762537024872,-2.431594153848045,3.210695277490885,0.30086225929573757,-0.3302152780320739,0.22396871577789748,-0.42559820917812835
734,0,0,0,-1.4535133426685878,-0.591177629254842,-1.7587573870995563,1.683985324694189,-2.340720991674321,0.14613000867876375,-0.10189017607949707,-1.087975785447706,0.20885363290893316,-1.0080178390712031,-0.42559820917812835
735,0,0,0,1.0710544813557872,-0.591177629254842,0.5451480666350729,1.3341066628184763,-1.8446580344273718,-0.9940172170542477,-0.42684653745828005,-0.5221528783300068,1.3588673095830812,0.6346309007275976,-1.1881406061069686
736,0,1,0,-0.4941775695393253,1.1705322729742529,-0.9120859673524029,0.8342800029960297,-0.0819679215222036,-1.9358779687467356,-1.220527832219792,1.175315843023091,0.42448119728533584,0.22396871577789748,-1.1881406061069686
737,0,1,0,2.6362865322508995,1.1705322729742529,-0.06910374769129318,1.9338986546054122,-0.8858644135034259,-0.10172808387189092,-0.40518278003302793,-1.8595524769718412,-0.8692841889730812,0.22396871577789748,0.3369441877507119
738,0,0,0,-1.9331812292332191,-0.591177629254842,1.1501768807463288,0.18450534522684905,-1.0780152823184501,0.5922745752699422,0.26048540267017617,0.24942381319412854,-1.3005393177258868,0.22396871577789748,-0.42559820917812835
739,0,0,0,-0.6708973172210315,-0.591177629254842,-0.790342364512943,0.2844706771913384,0.5572278257604267,0.24527324569902562,1.260957109218187,0.7123698281086097,-0.1505256410517382,-0.18669346917180268,-1.1881406061069686
740,0,0,0,-0.6708973172210315,-0.591177629254842,0.38466786289214855,-0.6651999764713102,2.1375706856064394,0.24527324569902562,-0.9684404730895849,0.9181236125150458,-0.07864978625960418,-1.0080178390712031,-0.42559820917812835
741,1,0,1,-0.6708973172210315,-0.591177629254842,-0.9914037692023541,0.13452267924460437,0.1474366871651206,-0.2008713208921528,0.12065569565263937,2.2040847650552715,1.3948052369791482,-0.18669346917180268,-0.42559820917812835
742,0,0,0,2.5100581410496807,-0.591177629254842,-0.9471333681698233,-0.6651999764713102,-1.3133020604592955,0.24527324569902562,-0.46623518732237496,1.175315843023091,0.3526053424932012,-1.0080178390712031,-0.42559820917812835
743,0,0,0,-0.36794917833810653,-0.591177629254842,0.8624192740348781,-0.6152173104890656,0.4474273292946989,0.3444164827192875,1.0699221573773263,-0.41927598612678874,0.9994880356224098,-0.5973556541215028,1.8620289816083926
744,0,1,0,-0.2417207871368878,2.124791803348346,-0.31812475349927954,0.33445334317358305,0.6611461527726338,0.740989430800335,1.4992584408959604,-0.3163990939235707,-0.3661532054281415,-0.18669346917180268,-1.1881406061069686
745,0,0,0,0.7428606642326184,-0.591177629254842,-1.0891675714825264,1.3341066628184763,-0.20549348004614773,-2.382022535337914,1.355489868892015,0.3523007053973466,1.466681091771283,-1.0080178390712031,-0.42559820917812835
746,0,0,0,-1.1253195255454191,-0.591177629254842,-1.6314799841310301,-0.5152519785245763,-0.40940868776821343,0.740989430800335,1.9581362118126664,-0.5735913244316158,0.6041708342656715,1.455955270626998,0.3369441877507119
747,0,0,0,0.4146668471094497,-0.591177629254842,-0.19822575070284165,1.833933322640923,0.8082003891106623,0.3444164827192875,0.0694504508293161,0.30086225929573757,1.8979362205240882,-0.18669346917180268,-1.1881406061069686
748,0,0,0,0.6418779512716434,-0.591177629254842,0.8605746739918555,-0.6152173104890656,-1.1740907167259615,0.691417812290204,0.15019718305071053,0.5066160437021736,-1.372415172518021,-1.0080178390712031,-1.1881406061069686
749,0,0,0,0.793352020713106,-0.591177629254842,0.22787685923526824,0.33445334317358305,0.13175090195573125,1.3358488529219061,1.3929090862629045,-0.6250297705332248,0.8557363260381412,-1.0080178390712031,-0.42559820917812835
750,0,1,1,-0.4941775695393253,1.4641505900124354,-0.21482715109004086,2.3337599824633695,-0.1858862485344106,0.24527324569902562,-0.16294258336884407,0.1465469209909105,-0.3661532054281415,0.6346309007275976,1.8620289816083926
751,0,0,0,0.5408952383106684,-0.591177629254842,0.0083694541156357,-0.6152173104890656,-1.0819367286207973,-1.1427320725846406,0.638616441365487,1.0210005047182638,0.46041912468140284,0.6346309007275976,0.3369441877507119
752,0,0,1,-1.3777763079478564,-0.591177629254842,1.4360898874147572,-1.6648532961162035,1.1944628498918841,-0.4487294134428074,0.061572720856497,0.3523007053973466,1.1432397452066785,0.22396871577789748,0.3369441877507119
753,0,0,0,-0.03975536121493781,-0.591177629254842,-0.3660843546178551,-0.8651306404002889,-0.878021520898731,1.0384191418611206,1.071891589870531,0.7123698281086097,-0.6536566245966782,-0.5973556541215028,-0.42559820917812835
754,0,0,0,-0.3427035000978628,-0.591177629254842,1.0634806787242888,1.1841586648717424,0.43958443669000397,-0.6470158874833312,-0.5509207845301787,-0.985098893244488,0.28072948770106715,-0.5973556541215028,-0.42559820917812835
755,0,0,0,0.18745574294725595,-0.591177629254842,-1.4119725790113977,1.4340719947829657,0.8258468974712257,0.14613000867876375,-0.6119731918195261,-0.5735913244316158,-0.8333462615770139,-0.5973556541215028,-0.42559820917812835
756,0,0,0,-1.2010565602661503,-0.591177629254842,0.47136406491418803,-0.7151826424535549,-0.7780246401888717,-0.25044293940228374,-1.0196457179129081,2.1526463189536624,0.1729157055128655,-1.0080178390712031,1.099486584679552
757,1,0,0,1.0963001595960309,-0.591177629254842,-0.5450105587910007,-1.5648879641517142,1.680722191382964,-1.3410185466251643,-0.21020896320575805,1.0724389508198728,-0.29427735063600685,4.330590565274899,-1.1881406061069686
758,0,1,0,-0.2417207871368878,1.0971276937147072,0.9749398766592273,-0.1653733166488636,-0.2780402366395749,-0.5974442689732002,-0.21217839569896269,1.432508073531136,0.7479225438499402,-0.5973556541215028,1.099486584679552
759,0,0,0,-1.0748281690649315,-0.591177629254842,-0.2609421521655939,-0.015425318702129613,-1.6564286119146951,-0.6470158874833312,-0.14718712342320586,0.9181236125150458,0.9276121808302759,0.22396871577789748,0.3369441877507119
760,0,0,0,-2.4128491157978504,-0.591177629254842,0.3625326623758828,0.2844706771913384,-0.2525508356743164,-4.364887275743151,0.25063824020415243,-0.7793451088380519,1.1073018178106115,-0.5973556541215028,1.099486584679552
761,0,0,0,-0.0902467176954253,-0.591177629254842,0.7019390702919531,-0.9650959723647783,2.3591324016890693,-2.431594153848045,-0.9960125279944515,0.5066160437021736,-2.163049575231498,-0.5973556541215028,-1.1881406061069686
762,0,1,0,1.0458088031155435,1.6109597485315268,-0.4712265570701158,-1.2649919682582462,-0.6741063131766647,-0.15129970238202184,1.3535204363988098,-0.8822220010412699,0.20885363290893316,0.22396871577789748,-0.42559820917812835
763,0,1,0,-2.311866402836875,1.6843643277910723,0.26292426005268865,1.4840546607652103,0.04743980645526135,-0.10172808387189092,-0.1983923682465297,0.09510847488930148,1.1073018178106115,-1.0080178390712031,-0.42559820917812835
764,0,0,0,-0.6961429954612753,-0.591177629254842,-0.07648214786338177,1.4840546607652103,0.9395688402393008,0.24527324569902562,-1.553361923571394,-0.7793451088380519,0.7119846164538726,-0.18669346917180268,-1.1881406061069686
765,0,0,0,-1.4535133426685878,-0.591177629254842,0.9343586757127403,2.3337599824633695,-0.2643151745813591,1.0384191418611206,-1.4351959739791094,-0.007768417313916559,-0.3661532054281415,-0.5973556541215028,-1.1881406061069686
766,0,1,1,0.5408952383106684,1.8311734863101636,-0.08570514807849237,0.13452267924460437,0.9415295633904744,0.24527324569902562,-0.7222614114389918,0.8152467203118278,1.1791776726027456,-0.5973556541215028,-0.42559820917812835
767,0,0,0,-0.1912294306564003,-0.591177629254842,0.19651865850389186,-1.6148706301339588,1.2160308045547943,-1.7871631132163426,-1.4036850540878336,-0.41927598612678874,-0.5099049150124095,-0.18669346917180268,-1.1881406061069686
768,0,0,0,-0.3931948565783503,-0.591177629254842,-0.05803614743316056,1.084193332907253,0.4846810691669996,1.1375623788813825,0.36092645982361804,-2.5796907223943677,0.46041912468140284,-1.4186800240209032,-0.42559820917812835
769,0,0,0,-0.3427035000978628,-0.591177629254842,0.9066896750674085,-0.5152519785245763,-0.7290065614095289,-0.052156465361759975,-0.9290518232254901,-0.5221528783300068,0.5682329068696045,-0.5973556541215028,-0.42559820917812835
770,0,0,0,0.9195804119143247,-0.591177629254842,-0.655686561372328,-0.5152519785245763,-0.3643120552912184,-0.0025848468516290433,-1.4411042714587239,-0.3678375400251797,0.7479225438499402,-1.0080178390712031,-1.1881406061069686
771,0,1,0,-2.0089182639539502,1.6843643277910723,-0.8050991648571196,-0.5152519785245763,1.3885744418580812,-0.7957307430137239,-0.43669369992430374,-0.5735913244316158,-0.25833942323993986,1.0452930856772977,3.387113775466073
772,0,0,0,0.08647302998628094,-0.591177629254842,-0.9047075671803143,-1.165026636293757,-1.3525165234827699,0.8401326678205968,1.249140514258958,-1.9109909230734503,0.9994880356224098,0.6346309007275976,-1.1881406061069686
773,0,1,1,-0.1912294306564003,0.950318535195616,-0.836457365588496,0.2344880112090937,-0.7388101771653974,1.385420471432037,-0.28898626293394786,-0.5221528783300068,0.5682329068696045,-1.0080178390712031,1.8620289816083926
774,0,0,1,-0.9485997778637127,-0.591177629254842,1.8160774962773145,0.08454001326235971,1.29838117690409,0.691417812290204,0.4495509220178316,0.9181236125150458,1.0354259630184768,-0.18669346917180268,1.8620289816083926
775,0,0,0,1.5254766896801746,-0.591177629254842,-1.3677021779788665,-1.5149052981694695,0.2866480308984547,1.0879907603712515,0.43970375955180785,1.329631181327918,-0.8692841889730812,0.22396871577789748,-1.1881406061069686
776,0,1,0,0.06122735174603719,1.1705322729742529,-1.2496477752254511,-0.7651653084357996,0.7729073723895352,0.09655839016863282,1.3200400840143294,-0.985098893244488,-1.1927255355376853,-0.18669346917180268,-0.42559820917812835
777,0,1,0,-0.41844053481859406,1.8311734863101636,-0.37715195487598774,0.2844706771913384,-0.9878220173644588,0.04698677165850189,0.23882164524492408,0.4037391514989556,0.9994880356224098,5.562577120124,-0.42559820917812835
778,0,0,0,-0.21647510889664406,-0.591177629254842,0.6060198680548031,0.2344880112090937,0.4787988997134782,0.8897042863307277,0.39440681220809903,0.24942381319412854,-0.43802906022027555,-0.18669346917180268,-0.42559820917812835
779,0,0,0,-0.5951602825003003,-0.591177629254842,-0.6870447621037038,0.5843666730848064,2.0807097142224023,0.5427029567598112,-0.09401244610667797,-0.9336604471428789,-0.11458771365567119,-1.4186800240209032,-0.42559820917812835
780,1,0,1,-0.923354099623469,-0.591177629254842,3.085162325876534,-2.2646452879031393,0.9670189643557329,-1.0435888355643788,1.4598697910318656,0.09510847488930148,1.1073018178106115,1.8666174555766981,-0.42559820917812835
781,0,1,0,1.4749853331996872,0.5098910596383424,-1.2109111743219863,0.08454001326235971,-1.0760545591672759,2.277709604614394,-0.11961506851833989,1.8954540884456172,0.5682329068696045,1.8666174555766981,-0.42559820917812835
782,1,1,1,0.23794709942774345,1.39074601075289,1.6297728919320797,0.13452267924460437,1.2375987592177056,-1.2914469281150334,-0.4563880248563512,0.30086225929573757,-0.6895945519927452,-1.0080178390712031,-0.42559820917812835
783,0,0,0,0.9448260901545684,-0.591177629254842,-0.15026614958426662,0.8342800029960297,-1.6662322276705637,1.385420471432037,0.4574286519906507,0.7638082742102187,2.4370051314650953,-0.18669346917180268,1.099486584679552
784,0,0,0,1.9546532197643185,-0.591177629254842,1.7681178951587389,2.4837079804101037,-0.2486293893719692,-1.8863063502366044,-1.0669120977498223,1.329631181327918,1.2151155999988126,-0.5973556541215028,-0.42559820917812835
785,0,1,0,-1.5797417338698065,1.6843643277910723,0.32564066151544035,0.8842626689782743,0.9748618569604278,-1.489733402155557,1.9226864269349806,0.19798536709251952,-2.2708633574196995,-1.0080178390712031,-1.1881406061069686
786,0,1,0,-1.4030219861881004,1.3173414314933443,-1.6204123838728972,0.18450534522684905,-0.9721362321550694,0.9392759048408587,-2.7172965270553986,0.1465469209909105,-0.9052221163691483,0.22396871577789748,-0.42559820917812835
787,0,0,0,-0.7718800301820066,-0.591177629254842,-0.9821807689872434,-0.06540798468437428,-1.1486013157607036,0.29484486420915657,1.0758304548569408,-0.21352220172035263,-0.22240149584387287,-1.0080178390712031,-1.1881406061069686
788,0,1,0,1.1720371943167622,1.8311734863101636,1.3272584848764524,0.33445334317358305,0.6650675990749809,0.4931313382496803,0.23882164524492408,-0.6764682166348338,0.06510192332466448,0.6346309007275976,1.099486584679552
789,0,0,0,-0.16598375241615657,-0.591177629254842,0.20389705867598043,0.3844360091558277,-0.938803938585116,-0.25044293940228374,-1.1141784775867363,-0.1620837556187436,-0.9770979711612826,0.22396871577789748,-0.42559820917812835
790,0,0,0,1.9798988980045622,-0.591177629254842,-1.1703299733755,0.03455734728011505,0.03175402124587198,-0.052156465361759975,-0.3815495901145707,0.1465469209909105,0.49635705207746983,0.22396871577789748,-1.1881406061069686
791,0,0,0,-1.0495824908246878,-0.591177629254842,-0.002698146142496922,-1.015078638347023,0.6336960286562017,-0.052156465361759975,-0.50168497220006,0.24942381319412854,1.610432801355551,-0.5973556541215028,-1.1881406061069686
792,0,0,0,1.6264594026411496,-0.591177629254842,0.519323666032763,0.43441867513807236,-0.6937135446884019,-0.30001455791241466,-2.890606586457416,-0.47071443222839776,-0.8333462615770139,-0.5973556541215028,-1.1881406061069686
793,0,0,1,0.8185976989533497,-0.591177629254842,1.80316529597616,1.8839159886231676,0.5533063794580796,0.8401326678205968,-1.6538029807248362,0.1465469209909105,0.9276121808302759,-0.18669346917180268,0.3369441877507119
794,0,0,0,0.995317446635056,-0.591177629254842,-1.0006267694174646,-0.8151479744180442,-0.6388132964555382,1.0384191418611206,1.168393782037564,-0.3163990939235707,-0.6536566245966782,-0.18669346917180268,-0.42559820917812835
795,0,1,0,-0.1912294306564003,1.757768907050618,-0.7645179639106332,-0.4652693125423316,-0.644695465909059,-1.3905901651352952,0.7410269310121341,0.7638082742102187,-1.2286634629337525,-0.5973556541215028,0.3369441877507119
796,0,1,0,-0.923354099623469,1.39074601075289,0.4012692632793477,0.03455734728011505,-1.1054654064348817,-0.5478726504630693,-1.0058596904604753,1.3810696274295269,0.7479225438499402,-0.5973556541215028,-0.42559820917812835
797,0,0,0,-1.327284951467369,-0.591177629254842,0.20020785858993642,-0.4152866465600869,2.3003107071538578,-0.746159124503593,-1.336724349318872,0.6609313820070007,-0.6895945519927452,-0.18669346917180268,0.3369441877507119
798,0,0,0,2.0303902544850496,-0.591177629254842,-0.6685987616734825,-0.4652693125423316,-0.09177153727807216,-2.084592824277128,0.43379546207219394,-0.26496064782196166,-1.5161668821022896,1.0452930856772977,-0.42559820917812835
799,0,1,0,1.702196437361881,2.491814699646074,-1.5152701814206364,-2.16467995593865,0.06704703796699849,-0.10172808387189092,-0.5391041895709503,1.2267542891246999,0.42448119728533584,-1.0080178390712031,0.3369441877507119
800,0,0,0,1.3740026202387121,-0.591177629254842,0.034193854717945504,0.5343840071025617,-0.6368525733043646,-0.3991577949326765,-0.6454535442040067,1.123877396921482,0.38854326988926885,-0.5973556541215028,1.099486584679552
801,0,0,0,-2.2613750463563878,-0.591177629254842,-0.6667541616304605,1.4840546607652103,1.749347501674044,-2.481165772358176,-0.14324825843679662,-0.007768417313916559,-0.18646356844780584,0.6346309007275976,0.3369441877507119
802,0,0,0,2.0556359327252935,-0.591177629254842,-1.3769251781939773,0.5343840071025617,-0.03294984274286077,0.9888475233509896,1.1211274022006497,-0.47071443222839776,-0.7974083341809469,0.22396871577789748,0.3369441877507119
803,0,0,0,0.03598167350579344,-0.591177629254842,-1.1943097739347874,1.234141330853987,-2.31915303701141,1.2862772344117752,2.0290357815680378,0.04367002878769246,0.6401087616617385,-0.18669346917180268,-1.1881406061069686
804,0,0,0,0.5408952383106684,-0.591177629254842,0.9767844767022493,-0.21535598263110828,0.10430077783929914,0.9888475233509896,0.24472994272453796,-0.47071443222839776,0.6041708342656715,-1.0080178390712031,-1.1881406061069686
805,0,0,0,-1.5040046991490752,-0.591177629254842,-0.6630649615444165,0.8342800029960297,-0.9368432154339423,0.3939881012294184,-0.1353705284639775,0.5066160437021736,-0.5817807698045442,-0.5973556541215028,-0.42559820917812835
806,0,0,0,0.793352020713106,-0.591177629254842,-0.05250234730409451,1.5840199927296996,0.8611399141923523,-0.9940172170542477,-0.4918378097340363,1.0210005047182638,-0.40209113282420855,-0.18669346917180268,0.3369441877507119
807,0,0,1,-0.620405960740544,-0.591177629254842,1.5467658899960843,2.3837426484456143,0.5905601193303802,-1.539305020665688,-0.6040954618467071,0.04367002878769246,0.42448119728533584,0.22396871577789748,-0.42559820917812835
808,0,1,0,0.3641754906289622,1.8311734863101636,-0.6372405609421067,-1.4149399662049802,-0.11137876878980929,2.822997408225834,0.8079876357810956,1.946892534547226,1.4307431643752153,-0.5973556541215028,0.3369441877507119
809,0,0,0,1.3487569419984684,-0.591177629254842,-0.23327315152026207,-0.06540798468437428,-0.8878251366545996,-0.15129970238202184,-0.23384215312421477,-0.5735913244316158,-1.0849117533494839,0.22396871577789748,-1.1881406061069686
810,0,0,0,-0.01450968297469406,-0.591177629254842,-0.6833555620176598,-0.6651999764713102,-0.08785009097572496,-0.5974442689732002,-1.5592702210510085,0.8666851664134367,-0.8692841889730812,1.455955270626998,0.3369441877507119
811,1,0,0,1.1467915160765185,-0.591177629254842,-0.8585925661047613,-1.7648186280806928,1.227795143461837,-0.3495861764225456,0.2565465376837669,1.432508073531136,0.3526053424932012,-0.5973556541215028,-0.42559820917812835
812,0,1,0,-0.8476170649027378,1.4641505900124354,-1.5595405824531674,-0.3153213145955976,1.784640518395171,-1.3410185466251643,-0.8207330360992291,0.7123698281086097,-0.07864978625960418,-1.0080178390712031,0.3369441877507119
813,1,0,1,1.5254766896801746,-0.591177629254842,0.2703026602247767,0.2844706771913384,0.9650582412045593,0.24527324569902562,1.0561361299248933,1.483946519632745,0.9635501082263429,-1.4186800240209032,-0.42559820917812835
814,0,0,0,-0.7718800301820066,-0.591177629254842,0.7978582725291038,0.6843320050492957,0.3082159855613654,0.6418461937800731,0.4377343270586032,1.123877396921482,-3.672442525866318,-1.8293422089706033,-0.42559820917812835
815,0,1,1,-0.03975536121493781,2.491814699646074,0.6724254696035993,1.234141330853987,0.6297745823538544,0.1957016271888947,0.2801797276022236,-0.007768417313916559,-0.3302152780320739,-0.18669346917180268,0.3369441877507119
816,0,0,0,-0.3427035000978628,-0.591177629254842,-0.613260760382819,0.3844360091558277,-0.556462924106242,0.09655839016863282,-0.6651478691360541,-1.7566755847686233,-1.7677323738747597,1.8666174555766981,-0.42559820917812835
817,0,0,0,-0.3427035000978628,-0.591177629254842,1.0192102776917584,-0.7651653084357996,-1.1623263778189195,-0.4487294134428074,0.05960328836329237,-0.3678375400251797,-0.25833942323993986,0.22396871577789748,-0.42559820917812835
818,0,0,0,-0.7718800301820066,-0.591177629254842,0.35146506211775014,0.5343840071025617,0.26900152253789117,0.740989430800335,-0.5922788668874788,0.24942381319412854,0.1369777781167985,0.6346309007275976,0.3369441877507119
819,0,1,0,0.4651582035899372,1.757768907050618,-0.6815109619746378,-1.165026636293757,0.15724030292098917,1.2862772344117752,-0.596217731873888,0.09510847488930148,0.6401087616617385,-1.0080178390712031,1.099486584679552
820,1,0,0,-0.3427035000978628,-0.591177629254842,-0.836457365588496,-1.015078638347023,-0.6897920983860546,-1.4401617836454261,-0.5548596495165885,0.09510847488930148,0.1729157055128655,0.22396871577789748,-1.1881406061069686
821,0,0,1,0.2884384559082309,-0.591177629254842,-1.2478031751824288,-0.4152866465600869,-1.6897609054846483,2.128994749084001,-1.0728203952294362,-1.087975785447706,1.3948052369791482,-0.5973556541215028,2.6245713785372327
822,0,0,0,-0.6456516389807878,-0.591177629254842,-1.0467417704930178,-0.5652346445068209,0.21802272060737474,0.1957016271888947,1.1841492419832012,-0.47071443222839776,0.1729157055128655,-1.0080178390712031,0.3369441877507119
823,0,0,0,1.2477742290374934,-0.591177629254842,0.17991725811669318,-1.165026636293757,0.4062521431200511,0.24527324569902562,0.7370880660257243,0.8666851664134367,-0.3661532054281415,0.22396871577789748,1.8620289816083926
824,0,1,0,1.5254766896801746,2.198196382607892,1.1225078801009971,0.5843666730848064,0.03175402124587198,0.09655839016863282,0.09505307324097745,0.6094929359053917,2.113563784900492,0.6346309007275976,-1.1881406061069686
825,1,1,0,-0.2417207871368878,1.1705322729742529,-1.5872095830984991,0.5843666730848064,-0.32901903857009135,1.385420471432037,0.7764767158898191,1.6897003040391811,-0.11458771365567119,-0.5973556541215028,-1.1881406061069686
826,0,0,0,0.591386594791156,-0.591177629254842,-0.3863749550910983,0.18450534522684905,0.21606199745620056,-1.1427320725846406,-0.4327548349378939,0.19798536709251952,-0.006773931467470169,1.455955270626998,1.099486584679552
827,0,0,0,1.4497396549594435,-0.591177629254842,0.7628108717116834,1.4340719947829657,0.8238861743200516,0.3939881012294184,0.6307387113926685,-1.293729569854142,-1.372415172518021,0.22396871577789748,-1.1881406061069686
828,0,0,0,0.03598167350579344,-0.591177629254842,-0.6483081612002394,-0.6651999764713102,1.300341900055264,1.385420471432037,0.32153780995952314,-2.1167447074798864,-1.1208496807455512,1.0452930856772977,-1.1881406061069686
829,0,0,0,-0.3931948565783503,-0.591177629254842,0.604175268011781,0.33445334317358305,0.5533063794580796,0.14613000867876375,-0.7478640338506531,0.8152467203118278,-0.9052221163691483,-0.5973556541215028,-1.1881406061069686
830,0,0,0,-0.5446689260198128,-0.591177629254842,-0.6003485600816643,-1.4149399662049802,-0.6760670363278389,0.09655839016863282,0.8257125282199378,0.3523007053973466,-0.6536566245966782,1.8666174555766981,-0.42559820917812835
831,0,1,0,0.9700717683948121,1.2439368522337986,-1.5374053819369018,0.5843666730848064,-0.41725158037290844,-1.489733402155557,-0.3776107251281614,-0.8307835549396608,0.9635501082263429,2.277279640526398,0.3369441877507119
832,0,0,0,0.06122735174603719,-0.591177629254842,1.5467658899960843,0.8842626689782743,-0.41333013407056124,-1.539305020665688,0.26442426765658544,0.6094929359053917,0.02916399592859748,-1.0080178390712031,-1.1881406061069686
833,1,0,0,-0.06500103945518156,-0.591177629254842,-3.0813356179464173,-1.6648532961162035,1.106230308089067,-0.4983010319529384,-0.6277286517651638,-0.6250297705332248,-0.9052221163691483,1.8666174555766981,-0.42559820917812835
834,0,0,0,-0.5699146042600566,-0.591177629254842,-0.31812475349927954,0.784297337013785,-0.15255395496445714,-0.6965875059934621,0.7745072833966146,-0.007768417313916559,-0.04271185886353718,-0.5973556541215028,0.3369441877507119
835,0,0,0,-1.2767935949868816,-0.591177629254842,0.07477505566443196,0.33445334317358305,-2.7760015312348854,0.8897042863307277,0.02612293597881137,-0.05920686341552558,-0.5458428424084772,-0.5973556541215028,-0.42559820917812835
836,0,1,0,-0.36794917833810653,2.198196382607892,-1.0430525704069733,2.883569308268061,-1.2995769984010792,0.9392759048408587,-1.2421915896450446,0.1465469209909105,1.1073018178106115,-0.18669346917180268,-0.42559820917812835
837,0,0,0,-0.21647510889664406,-0.591177629254842,0.5248574661618296,1.234141330853987,-0.025106950138165808,-1.1923036910947715,-2.4593008704455768,-0.1620837556187436,-0.5817807698045442,0.6346309007275976,-1.1881406061069686
838,0,0,0,1.8536705068033434,-0.591177629254842,1.1003726795847313,-1.4149399662049802,-0.22902215786023208,1.1871339973915134,-1.8842265824297915,0.8152467203118278,-0.5099049150124095,-0.5973556541215028,-0.42559820917812835
839,0,0,0,0.591386594791156,-0.591177629254842,0.24816745970851145,-0.1653733166488636,-2.1642559080686867,-0.052156465361759975,-0.5607679469962024,0.19798536709251952,1.8260603657319543,-0.5973556541215028,-0.42559820917812835
840,0,1,0,2.257601358647243,1.3173414314933443,-1.159262373117367,-1.4649226321872248,-1.0642902202602338,-0.5974442689732002,-0.5154709996524935,0.1465469209909105,-0.11458771365567119,-0.5973556541215028,-0.42559820917812835
841,0,0,0,0.010735995265549692,-0.591177629254842,-1.5816757829694328,1.3341066628184763,-0.9839005710621116,0.1957016271888947,0.7843544458626382,0.8152467203118278,0.1729157055128655,-1.0080178390712031,-0.42559820917812835
842,1,1,0,2.1313729674460244,1.6109597485315268,-0.4693819570270938,0.6843320050492957,-1.5976069173794838,0.29484486420915657,1.1250662671870588,0.24942381319412854,0.9635501082263429,-0.5973556541215028,0.3369441877507119
843,0,1,0,-0.822371386662494,1.537555169271981,1.1059064797137979,-0.9151133063825336,0.07096848426934624,0.24527324569902562,-0.6592395716564396,-1.5509218003621872,-0.11458771365567119,0.6346309007275976,-1.1881406061069686
844,0,1,0,0.4146668471094497,1.2439368522337986,0.6724254696035993,1.9838813205876569,0.46899528395760964,-1.539305020665688,1.3121623540415097,0.6094929359053917,0.5682329068696045,-0.18669346917180268,-1.1881406061069686
845,0,0,0,0.43991252534969344,-0.591177629254842,0.14486985729927276,-0.1653733166488636,-0.43881953503581916,-0.5478726504630693,0.6327081438858732,-0.1620837556187436,0.7119846164538726,0.6346309007275976,-0.42559820917812835
846,0,0,0,0.591386594791156,-0.591177629254842,-0.22405015130515146,0.934245334960519,0.6474210907144174,2.128994749084001,-1.8054492827016018,0.7638082742102187,0.02916399592859748,0.22396871577789748,-1.1881406061069686
847,0,0,0,-1.9836725857137065,-0.591177629254842,-0.35317215431669996,0.3844360091558277,0.3513518948871869,-0.5974442689732002,-0.1649120158620487,0.7638082742102187,0.8197983986420742,-0.18669346917180268,-0.42559820917812835
848,0,0,0,-0.6456516389807878,-0.591177629254842,-0.6704433617165051,-0.4152866465600869,0.1748868112815527,2.07942313057387,-0.5568290820097931,-0.21352220172035263,0.6041708342656715,1.8666174555766981,-0.42559820917812835
849,0,1,0,1.601213724400906,1.2439368522337986,0.729608070937285,-0.6152173104890656,-0.9544897237945059,-0.052156465361759975,-2.977261616158425,-2.0653062613782773,1.466681091771283,0.6346309007275976,-0.42559820917812835
850,0,0,0,1.9294075415240746,-0.591177629254842,0.9823182768313159,0.2844706771913384,-0.4897983369663361,-0.15129970238202184,0.2151884553264668,-1.190852677650924,0.8197983986420742,1.0452930856772977,0.3369441877507119
851,0,0,0,0.23794709942774345,-0.591177629254842,-0.3236585536283461,-0.9650959723647783,0.9278045013322587,-0.5478726504630693,-0.9014797683206235,-0.05920686341552558,-0.47396698761634254,1.455955270626998,-1.1881406061069686
852,0,0,0,1.4497396549594435,-0.591177629254842,0.55990486697925,0.5843666730848064,0.41409503572474604,-0.8948739800339859,0.17186094047596262,-0.3678375400251797,-0.7255324793888128,-0.5973556541215028,-0.42559820917812835
853,0,0,0,0.33892981238871844,-0.591177629254842,0.22049845906317964,-0.6152173104890656,-0.4897983369663361,-1.0931604540745097,0.3747124872760516,0.9181236125150458,-3.672442525866318,-1.8293422089706033,-1.1881406061069686
854,0,1,0,-0.923354099623469,0.8035093766765248,2.0577201019132128,2.4837079804101037,0.5199740858881261,1.1375623788813825,0.35107929735759436,-1.7052371386670142,-0.9770979711612826,-1.0080178390712031,-0.42559820917812835
855,0,0,0,0.2631927776679872,-0.591177629254842,1.408420886769426,-0.1653733166488636,0.07685065372286705,1.434992089942168,-0.5903094343942735,-0.8307835549396608,0.7479225438499402,0.22396871577789748,1.099486584679552
856,0,0,0,-1.024336812584444,-0.591177629254842,1.3493936853927175,-0.1653733166488636,0.4101735894223983,1.0384191418611206,-1.7995409852219872,-0.007768417313916559,0.7838604712460072,-0.18669346917180268,0.3369441877507119
857,0,0,0,0.3136841341484747,-0.591177629254842,-0.8751939664919605,-1.4149399662049802,0.9278045013322587,0.3444164827192875,0.8847955030160801,1.175315843023091,-1.1927255355376853,0.6346309007275976,1.099486584679552
858,0,0,0,0.21270142118749968,-0.591177629254842,0.6908714700338205,0.7343146710315404,0.13371162510690485,2.07942313057387,1.3141317865347149,0.30086225929573757,-0.7255324793888128,-0.18669346917180268,-0.42559820917812835
859,0,1,0,0.11171870822652469,2.491814699646074,-1.4322631794846408,-1.0650613043292676,0.44938805244587254,-0.15129970238202184,0.794201608328662,-1.190852677650924,0.9635501082263429,-1.0080178390712031,-1.1881406061069686
860,0,0,0,-0.3931948565783503,-0.591177629254842,0.5894184676676039,-0.015425318702129613,-0.305490360756007,-0.5974442689732002,-0.7281697089186057,1.586823411835963,1.1073018178106115,-0.18669346917180268,0.3369441877507119
861,0,0,0,0.7681063424728621,-0.591177629254842,-0.48229415732824843,-0.7151826424535549,-0.03294984274286077,-0.9444455985441168,-0.7262002764254011,-0.8822220010412699,0.06510192332466448,-0.5973556541215028,-1.1881406061069686
862,0,0,0,-1.0495824908246878,-0.591177629254842,-0.2443407517783947,-0.26533864861335293,0.7670252029360144,-0.6470158874833312,-1.5376064636257563,0.4037391514989556,-0.07864978625960418,-0.5973556541215028,0.3369441877507119
863,0,0,0,1.197282872557006,-0.591177629254842,0.1042886563527858,-0.6651999764713102,-0.583913048222674,-0.2008713208921528,-0.7124142489729681,0.19798536709251952,-0.25833942323993986,3.5092661953754987,-0.42559820917812835
864,0,0,0,2.7625149234521182,-0.591177629254842,-1.3824589783230439,1.0342106669250084,-0.9937041868179802,-1.4401617836454261,1.0600749949113026,-1.7052371386670142,-1.336477245121954,1.455955270626998,0.3369441877507119
865,0,0,0,0.13696438646676845,-0.591177629254842,1.7496718947285177,0.9842280009427636,-0.03098911959168717,-0.8948739800339859,-0.7970998461807718,-1.9624293691750594,-1.5161668821022896,-0.5973556541215028,-0.42559820917812835
866,0,1,0,-1.1000738473051752,1.537555169271981,1.8511248970947343,1.0342106669250084,0.44938805244587254,0.4435597197395494,0.9931142901423412,-0.3163990939235707,0.9994880356224098,-1.0080178390712031,-0.42559820917812835
867,0,0,0,-0.06500103945518156,-0.591177629254842,0.14118065721322823,1.3341066628184763,-0.08981081412689856,-0.5974442689732002,-0.3835190226077753,1.483946519632745,-1.839608228666894,-0.18669346917180268,-0.42559820917812835
868,0,0,0,1.4244939767191998,-0.591177629254842,1.782874695502916,-0.26533864861335293,-0.6741063131766647,0.9392759048408587,-0.9782876355556087,-1.087975785447706,-2.881808123152841,-0.18669346917180268,1.099486584679552
869,0,1,0,0.3894211688692059,1.9779826448292548,0.38466786289214855,0.18450534522684905,1.4238674585792082,-0.5478726504630693,0.26048540267017617,-0.007768417313916559,-0.6895945519927452,-0.18669346917180268,-0.42559820917812835
870,0,0,0,-1.7817071597917564,-0.591177629254842,-0.31812475349927954,-0.21535598263110828,0.8591791910411787,1.0879907603712515,-0.4169993749922563,-0.5735913244316158,-0.40209113282420855,-0.18669346917180268,0.3369441877507119
871,0,0,1,0.2631927776679872,-0.591177629254842,-0.048813147218049954,1.384089328800721,-1.9093618984161043,-2.18373606129739,0.24472994272453796,-0.8307835549396608,0.10103985072073149,-1.0080178390712031,1.8620289816083926
872,0,0,0,-1.226302238506394,-0.591177629254842,-0.25909755212257185,-1.1150439703115123,0.10430077783929914,-0.5478726504630693,0.24276051023133335,1.2267542891246999,0.7119846164538726,0.6346309007275976,-1.1881406061069686
873,0,1,1,0.8690890554338372,1.4641505900124354,0.40311386332236976,-0.015425318702129613,0.9081972698205215,0.8401326678205968,-0.9152657957730566,1.586823411835963,0.9635501082263429,-0.18669346917180268,0.3369441877507119
874,0,0,0,-0.36794917833810653,-0.591177629254842,0.20205245863295843,0.7343146710315404,-0.40352651831469266,1.484563708452299,1.127035699680264,-0.5735913244316158,-0.04271185886353718,0.22396871577789748,1.099486584679552
875,0,0,0,1.273019907277737,-0.591177629254842,1.0395008781650015,0.18450534522684905,-2.3446424379766686,-0.4487294134428074,0.2270050502856957,0.8152467203118278,-1.5880427368944239,-1.0080178390712031,1.099486584679552
876,0,0,0,0.4146668471094497,-0.591177629254842,-0.6446189611141953,0.7343146710315404,1.1493662174148884,-1.6880198761960807,1.0226557775404124,0.6609313820070007,-1.0130358985573495,1.8666174555766981,0.3369441877507119
877,0,0,0,-0.4689318912990815,-0.591177629254842,-1.44886457987184,-0.36530398057784225,-0.8741000745963838,0.1957016271888947,2.0310052140612416,-0.3678375400251797,1.1073018178106115,-1.0080178390712031,-1.1881406061069686
878,0,0,0,1.298265585517981,-0.591177629254842,0.4934992654304538,-0.11539065066661894,1.8160120888139508,-0.8948739800339859,-3.103305295723529,1.0724389508198728,0.1369777781167985,-0.18669346917180268,-0.42559820917812835
879,0,1,0,0.18745574294725595,0.5098910596383424,-0.2664759522946605,-0.7651653084357996,1.3101455158111326,-0.3495861764225456,0.9734199652102937,0.7123698281086097,0.24479156030500016,-0.18669346917180268,-0.42559820917812835
880,0,0,1,-0.06500103945518156,-0.591177629254842,-0.2683205523376825,1.4340719947829657,0.04743980645526135,0.6418461937800731,-0.570615109462226,-0.3163990939235707,0.8197983986420742,1.0452930856772977,-0.42559820917812835
881,0,0,0,-1.3525306297076127,-0.591177629254842,-0.447246756510828,0.784297337013785,-0.23490432731375344,-0.746159124503593,0.9005509629617183,-1.3966064620573602,0.7479225438499402,-0.18669346917180268,1.099486584679552
882,0,0,0,2.2323556804069997,-0.591177629254842,0.5303912662908962,0.2844706771913384,0.7160464010054974,1.1375623788813825,-0.43669369992430374,1.0210005047182638,0.38854326988926885,0.22396871577789748,1.099486584679552
883,0,0,1,1.4749853331996872,-0.591177629254842,0.17622805803064862,0.2344880112090937,0.9003543772158266,2.327281223124525,0.8020793383014811,0.30086225929573757,0.06510192332466448,0.22396871577789748,-0.42559820917812835
884,0,1,0,-2.2613750463563878,1.1705322729742529,-0.886261566750093,-0.11539065066661894,0.5885993961792061,0.5427029567598112,1.6233326879678596,-0.6764682166348338,-0.07864978625960418,-0.5973556541215028,0.3369441877507119
885,0,0,0,0.2631927776679872,-0.591177629254842,-0.6870447621037038,-1.2649919682582462,-1.5172172681813616,0.29484486420915657,0.5559002766508879,-0.3163990939235707,0.9276121808302759,1.8666174555766981,0.3369441877507119
886,0,1,0,-0.03975536121493781,0.8035093766765248,-1.694196385593782,0.13452267924460437,0.4474273292946989,-0.6965875059934621,-0.3736718601417516,0.6094929359053917,-1.048973825953417,-0.18669346917180268,0.3369441877507119
887,1,1,0,0.33892981238871844,1.6843643277910723,-0.09308354825058096,0.18450534522684905,0.47095600710878327,-0.3991577949326765,-1.6734973056568836,-0.47071443222839776,0.7479225438499402,2.277279640526398,0.3369441877507119
888,0,0,0,-0.7466343519417628,-0.591177629254842,-1.4064387788823314,0.13452267924460437,-1.2093837334470887,-1.0435888355643788,-0.718322546452582,-0.1106453095171346,-0.43802906022027555,-1.0080178390712031,0.3369441877507119
889,0,1,0,-0.01450968297469406,1.2439368522337986,1.2368730827683683,-0.3153213145955976,-1.152522762063051,0.5922745752699422,-0.22596442315139567,0.45517759760056464,0.9994880356224098,0.22396871577789748,-0.42559820917812835
890,0,1,0,-0.4436862130588378,2.124791803348346,-1.8638995895518173,0.43441867513807236,0.2023369353979848,0.04698677165850189,-0.4248771049650754,0.09510847488930148,0.5682329068696045,-0.18669346917180268,-0.42559820917812835
891,0,0,1,-0.923354099623469,-0.591177629254842,-0.5800579596084211,-1.3649573002227355,-0.6917528215372283,0.04698677165850189,0.29002689006824733,1.278192735226309,0.7479225438499402,-1.0080178390712031,2.6245713785372327
892,0,0,0,0.11171870822652469,-0.591177629254842,0.49165466538743124,-0.8151479744180442,1.1023088617867187,1.8811366565333465,-1.6577418457112458,-0.47071443222839776,-0.43802906022027555,-0.5973556541215028,-0.42559820917812835
893,0,1,0,1.0963001595960309,1.8311734863101636,1.3291030849194743,-0.6651999764713102,-0.0505963511034243,0.8897042863307277,0.15610548053032444,-0.1620837556187436,0.7119846164538726,-0.5973556541215028,0.3369441877507119
894,1,1,1,0.13696438646676845,1.3173414314933443,1.6740432929646114,0.5343840071025617,0.2944909235031491,-0.4983010319529384,1.0384112374860506,1.6897003040391811,1.5026190191673499,1.0452930856772977,-0.42559820917812835
895,0,1,0,-2.0594096204344376,1.9045780655697093,-0.4232669559515408,-0.1653733166488636,0.47095600710878327,-0.15129970238202184,1.1743020795171775,1.792577196242399,0.38854326988926885,-1.4186800240209032,-0.42559820917812835
896,0,0,0,-1.3777763079478564,-0.591177629254842,-0.7405381633513454,-0.9650959723647783,0.4611523913529147,0.6418461937800731,-0.5548596495165885,-1.190852677650924,1.2151155999988126,0.6346309007275976,-0.42559820917812835
897,0,0,0,0.6671236295118872,-0.591177629254842,0.7498986714105282,0.3844360091558277,-0.23098288101140568,1.1871339973915134,-0.5627373794894076,0.6609313820070007,0.5322949794735369,-0.5973556541215028,0.3369441877507119
898,0,1,0,-2.311866402836875,2.271600961867437,0.637378068786179,0.3844360091558277,-0.6074417260367589,0.740989430800335,-0.22793385564460086,0.8666851664134367,-0.04271185886353718,-0.5973556541215028,-0.42559820917812835
899,0,0,0,1.4244939767191998,-0.591177629254842,0.3035054609991751,-1.3149746342404909,0.2591979067820226,-0.2008713208921528,-0.08810414862706352,-0.985098893244488,-0.8333462615770139,0.6346309007275976,-0.42559820917812835
900,0,0,1,0.11171870822652469,-0.591177629254842,-1.3492561775486454,-1.4649226321872248,0.7827109881454037,-0.845302361523855,-1.055095502790594,0.7123698281086097,-1.7677323738747597,-0.18669346917180268,3.387113775466073
901,0,0,0,-1.7564614815515127,-0.591177629254842,-0.04143474704596136,1.4340719947829657,-0.9290003228292474,0.24527324569902562,-0.7557417638234722,-0.41927598612678874,-1.839608228666894,-1.0080178390712031,-1.1881406061069686
902,0,1,0,-0.1407380741759128,1.757768907050618,1.5246306894798192,1.1341759988894977,-0.6858706520837075,-0.8948739800339859,-0.13733996095718215,-2.2196215996831046,0.1369777781167985,0.22396871577789748,-1.1881406061069686
903,0,0,1,0.793352020713106,-0.591177629254842,0.253701259837578,0.2844706771913384,-1.4093774948668072,-0.30001455791241466,-0.7714972237691105,0.9695620586166548,0.49635705207746983,-0.18669346917180268,2.6245713785372327
904,0,1,0,0.4651582035899372,1.1705322729742529,0.6945606701198646,-0.3153213145955976,-1.2054622871447414,-2.382022535337914,-1.220527832219792,-0.7793451088380519,0.38854326988926885,-0.18669346917180268,-1.1881406061069686
905,0,0,0,-2.135146655155169,-0.591177629254842,0.5525264668071614,-0.5652346445068209,-0.5368556925945048,-0.746159124503593,-2.1107113191483373,0.09510847488930148,-0.5099049150124095,-0.18669346917180268,-0.42559820917812835
906,0,0,0,-0.03975536121493781,-0.591177629254842,-1.5521621822810787,0.2344880112090937,0.13763307140925204,0.04698677165850189,-1.2855191044955487,0.8666851664134367,-1.6599185916865582,0.22396871577789748,-0.42559820917812835
907,0,1,0,-0.620405960740544,1.3173414314933443,0.6466010690012896,0.484401341120317,0.09841860838577778,-0.6470158874833312,-1.3130911594004153,2.0497694267504443,-0.7614704067848799,-1.0080178390712031,-0.42559820917812835
908,0,0,1,1.676950759121637,-0.591177629254842,-0.884416966707071,0.9842280009427636,0.21802272060737474,-0.2008713208921528,-0.6493924091904159,-0.1620837556187436,0.3166674150971342,-0.18669346917180268,1.8620289816083926
909,0,0,0,0.7176149859923747,-0.591177629254842,-0.20560415087493025,0.8342800029960297,0.3317446633754497,1.434992089942168,-2.3568903807989305,-0.007768417313916559,0.5682329068696045,1.0452930856772977,-0.42559820917812835
910,0,0,0,0.3894211688692059,-0.591177629254842,-0.611416160339797,1.1341759988894977,-0.46234821284990407,0.6418461937800731,0.2230661852992859,0.09510847488930148,-0.8692841889730812,0.22396871577789748,-0.42559820917812835
911,1,0,0,-1.024336812584444,-0.591177629254842,0.06370745540629934,0.484401341120317,0.12782945565338347,-0.3495861764225456,0.04975612589726865,0.9695620586166548,0.3166674150971342,0.6346309007275976,-0.42559820917812835
912,0,1,0,-1.3525306297076127,1.4641505900124354,-1.2422693750533624,-1.5149052981694695,-0.8897858598057732,0.29484486420915657,-0.6809033290816923,0.24942381319412854,0.1369777781167985,-1.0080178390712031,-1.1881406061069686
913,1,0,0,-1.5292503773893191,-0.591177629254842,-0.1631783498854218,-2.2646452879031393,-0.41333013407056124,0.3939881012294184,1.587882903090174,-0.5735913244316158,-0.7255324793888128,1.8666174555766981,1.099486584679552
914,0,0,0,1.8284248285630997,-0.591177629254842,-0.12997554911102338,-1.1150439703115123,-1.1289940842489665,-0.4487294134428074,-1.9551261521851622,-1.9109909230734503,0.24479156030500016,-1.0080178390712031,-1.1881406061069686
915,0,1,0,1.4244939767191998,1.6109597485315268,0.27214726026779923,0.33445334317358305,0.8434934058317888,0.3939881012294184,2.3815641978516866,0.7123698281086097,-1.1208496807455512,0.22396871577789748,-0.42559820917812835
916,0,1,0,-0.8728627431429815,1.757768907050618,0.15224825747136136,0.8342800029960297,-1.3799666475992014,-0.4983010319529384,-1.3583881067441241,0.6609313820070007,0.6401087616617385,-0.5973556541215028,0.3369441877507119
917,1,1,0,-1.2767935949868816,1.3173414314933443,2.352856108796752,-0.3153213145955976,1.749347501674044,-1.0931604540745097,-0.5194098646389028,0.45517759760056464,-0.7974083341809469,-0.5973556541215028,-1.1881406061069686
918,0,0,0,-0.721388673701519,-0.591177629254842,-1.131593372472035,0.2844706771913384,-0.6466561890602331,1.7819934195130847,0.2545771051905617,0.30086225929573757,0.7119846164538726,-0.5973556541215028,1.099486584679552
919,0,0,0,0.7428606642326184,-0.591177629254842,-0.4712265570701158,-0.26533864861335293,0.1121436704439941,0.29484486420915657,0.638616441365487,-1.293729569854142,0.9635501082263429,-1.4186800240209032,-0.42559820917812835
920,0,0,0,1.0710544813557872,-0.591177629254842,-0.443557556424784,0.03455734728011505,0.2591979067820226,-0.5478726504630693,0.7213326060800866,-2.0138678152766682,-0.9411600437652156,2.6879418254760985,-0.42559820917812835
921,0,0,0,-1.731215803311269,-0.591177629254842,-0.39928715539225296,-0.6152173104890656,-0.37999784050060775,1.5837069454725607,-1.354449241757715,0.09510847488930148,0.9276121808302759,-0.5973556541215028,-0.42559820917812835
922,0,0,0,1.6517050808813933,-0.591177629254842,0.4400058641828122,-0.9650959723647783,-0.6368525733043646,0.4931313382496803,-1.3642964042237387,1.2267542891246999,-0.3661532054281415,0.22396871577789748,0.3369441877507119
923,0,1,0,-0.721388673701519,2.271600961867437,-1.600121783399654,-0.11539065066661894,1.3924958881604284,0.740989430800335,-0.6730255991088732,-0.8822220010412699,-1.5880427368944239,1.0452930856772977,-0.42559820917812835
924,0,1,0,0.8438433771935934,1.757768907050618,0.6871822699477765,-1.1150439703115123,-1.9211262373231464,0.5427029567598112,-0.5371347570777456,-0.8822220010412699,-0.5817807698045442,-1.0080178390712031,-1.1881406061069686
925,0,0,0,-2.2108836898759003,-0.591177629254842,0.2518566597945555,-0.5652346445068209,-0.11333949194098289,-0.4983010319529384,-0.2909556954271525,0.19798536709251952,-0.18646356844780584,-1.0080178390712031,1.8620289816083926
926,0,0,0,-0.26696646537713153,-0.591177629254842,-1.2238233746231413,0.3844360091558277,-0.21333637265084215,-1.8367347317264735,1.3889702212764954,1.2267542891246999,1.3948052369791482,-0.18669346917180268,1.099486584679552
927,0,1,0,0.2631927776679872,2.0513872240888005,-0.24618535182141724,-2.3146279538853842,0.7572215871801459,0.4435597197395494,-1.8212047426472395,-0.41927598612678874,0.3526053424932012,-1.0080178390712031,1.099486584679552
928,0,1,0,0.010735995265549692,1.0971276937147072,1.5246306894798192,0.03455734728011505,-0.8466499504799517,-0.9940172170542477,-1.4214099465266763,-0.007768417313916559,-1.048973825953417,3.9199283803251985,-0.42559820917812835
929,0,0,0,-0.721388673701519,-0.591177629254842,0.5211682660757856,-0.4152866465600869,-0.08785009097572496,0.4931313382496803,-0.32443604781163293,1.2267542891246999,1.0354259630184768,-0.18669346917180268,-1.1881406061069686
930,0,1,0,-0.8476170649027378,1.9779826448292548,1.214737882252103,-0.5652346445068209,-1.0191935877832388,0.09655839016863282,1.4322977361269995,1.8440156423440082,-0.9770979711612826,0.6346309007275976,-0.42559820917812835
931,0,0,1,1.8031791503228558,-0.591177629254842,1.983936100192328,0.3844360091558277,-0.42705519612877696,1.2367056159016443,-0.9467767156643329,-0.1106453095171346,1.5026190191673499,-1.0080178390712031,1.099486584679552
932,0,1,0,1.3487569419984684,1.757768907050618,0.2352552594073568,-0.9151133063825336,-0.6839099289325333,1.6828501824928228,0.07338931581572536,-1.345168015955751,-0.43802906022027555,-1.4186800240209032,0.3369441877507119
933,0,0,0,-0.7971257084222503,-0.591177629254842,0.2703026602247767,1.084193332907253,0.821925451168878,-0.9444455985441168,0.28608802508183806,-1.036537339346097,-0.18646356844780584,-0.5973556541215028,0.3369441877507119
934,0,0,0,0.5661409165509121,-0.591177629254842,0.5801954674524933,-0.4152866465600869,0.32978394022427615,0.09655839016863282,0.26639370014979064,0.19798536709251952,-0.1505256410517382,1.0452930856772977,1.099486584679552
935,0,1,0,0.7428606642326184,0.28967732185970546,-0.6944231622757924,-0.4152866465600869,0.5631099952139481,0.09655839016863282,-0.12158450101154453,0.04367002878769246,-0.5458428424084772,0.22396871577789748,-1.1881406061069686
936,0,1,0,1.0458088031155435,1.3173414314933443,0.7554324715395948,-0.3153213145955976,0.7709466492383615,1.2862772344117752,1.0443195349656649,0.45517759760056464,-1.5521048094983565,1.8666174555766981,0.3369441877507119
937,0,1,0,-0.3427035000978628,1.4641505900124354,-0.6649095615874385,0.2844706771913384,0.4572309450505675,2.327281223124525,-0.5095627021728791,-1.6023602464637963,0.3526053424932012,0.22396871577789748,-1.1881406061069686
938,0,0,0,1.2225285507972496,-0.591177629254842,-0.4343345562096734,-2.214662621920895,-2.8269803331654018,0.7905610493104659,-0.7478640338506531,0.19798536709251952,-0.47396698761634254,1.455955270626998,-1.1881406061069686
939,1,0,0,1.1467915160765185,-0.591177629254842,-0.35870595444576653,-1.864783960045182,0.16116174922333693,0.5922745752699422,-0.46623518732237496,-0.1106453095171346,-0.3661532054281415,-0.5973556541215028,0.3369441877507119
940,1,0,1,-0.31745782185761906,-0.591177629254842,1.0247440778208243,-0.11539065066661894,1.0121155968327284,-1.0435888355643788,1.6666602028183637,-1.2422911237525331,-1.0849117533494839,-1.0080178390712031,1.8620289816083926
941,0,0,0,-1.327284951467369,-0.591177629254842,0.16331585772949397,-1.864783960045182,-0.6721455900254911,-0.5478726504630693,0.08717534326815836,-1.499483354260578,1.071363890414544,-1.0080178390712031,-0.42559820917812835
942,0,0,0,0.8690890554338372,-0.591177629254842,0.28137026048290986,-0.1653733166488636,0.6885962768890659,0.8897042863307277,-0.5292570271049266,1.329631181327918,0.28072948770106715,-0.5973556541215028,-0.42559820917812835
943,0,0,0,-0.01450968297469406,-0.591177629254842,1.259008283284634,0.8342800029960297,-1.3760452012968543,-0.25044293940228374,-1.3189994568800292,1.278192735226309,-1.1927255355376853,-1.0080178390712031,-0.42559820917812835
944,0,0,0,-0.06500103945518156,-0.591177629254842,0.7683446718407494,-1.015078638347023,0.2631193530843698,0.1957016271888947,1.7828567199174445,-0.5735913244316158,0.6041708342656715,-0.5973556541215028,1.8620289816083926
945,0,1,0,-0.6456516389807878,1.3173414314933443,-1.126059572342969,-0.7151826424535549,0.26900152253789117,0.8897042863307277,-1.3524798092645103,-0.05920686341552558,1.1432397452066785,-0.5973556541215028,0.3369441877507119
946,0,1,0,2.0051445762448057,1.8311734863101636,0.9638722764010947,-1.1150439703115123,0.6415389212608966,-1.0435888355643788,0.11080853318661564,1.0724389508198728,-0.9411600437652156,-0.18669346917180268,-0.42559820917812835
947,0,1,0,-0.01450968297469406,1.2439368522337986,0.6705808695605773,-0.5152519785245763,1.1317197090543243,-0.3991577949326765,-0.4150299424990517,2.9242230104777978,0.49635705207746983,-0.18669346917180268,-0.42559820917812835
948,0,1,0,0.4651582035899372,1.9779826448292548,0.6927160700768425,-0.4152866465600869,0.40429141996887746,1.6828501824928228,0.949786775291837,-0.3678375400251797,-0.7974083341809469,0.22396871577789748,0.3369441877507119
949,0,1,0,1.3740026202387121,2.271600961867437,0.0692412555353659,0.2844706771913384,0.09645788523460418,0.04698677165850189,1.2294461893269106,-0.5221528783300068,-1.839608228666894,1.0452930856772977,-0.42559820917812835
950,1,0,1,-0.5699146042600566,-0.591177629254842,1.0561022785522007,2.0338639865699015,1.2768132222411799,0.04698677165850189,-0.9625321756099705,-1.190852677650924,-0.25833942323993986,-1.0080178390712031,-0.42559820917812835
951,0,0,0,1.3235112637582247,-0.591177629254842,0.26292426005268865,-0.5152519785245763,-0.09569298358041936,1.0384191418611206,-0.36579413016893303,0.4037391514989556,-0.6177186972006112,-0.5973556541215028,-0.42559820917812835
952,0,0,0,1.3487569419984684,-0.591177629254842,0.21865385902015763,-0.36530398057784225,0.10234005468812554,0.9392759048408587,0.08717534326815836,1.0724389508198728,-0.006773931467470169,-0.5973556541215028,1.099486584679552
953,0,0,0,-1.327284951467369,-0.591177629254842,1.7644286950726948,-1.6648532961162035,-0.3917621794076505,0.3939881012294184,-0.8325496310584575,0.5066160437021736,-0.8333462615770139,-1.0080178390712031,-0.42559820917812835
954,0,0,0,-0.16598375241615657,-0.591177629254842,-0.10230654846569157,-0.7651653084357996,0.8023182196571409,0.691417812290204,0.12853342562545844,-0.3163990939235707,-0.8333462615770139,-1.4186800240209032,-0.42559820917812835
955,0,0,0,0.9700717683948121,-0.591177629254842,-0.2683205523376825,1.5840199927296996,0.9709404106580801,-0.6965875059934621,-0.610003759326321,1.432508073531136,0.8557363260381412,1.455955270626998,-0.42559820917812835
956,0,0,0,0.6418779512716434,-0.591177629254842,0.9066896750674085,0.08454001326235971,-0.6172453417926275,-0.052156465361759975,0.4377343270586032,-0.007768417313916559,0.5682329068696045,-0.18669346917180268,-0.42559820917812835
957,0,0,0,0.5408952383106684,-0.591177629254842,-1.3215871769033136,-0.6152173104890656,0.6983998926449344,0.4435597197395494,0.5381753842120451,0.9695620586166548,-0.25833942323993986,-0.5973556541215028,0.3369441877507119
958,0,1,0,0.7681063424728621,1.4641505900124354,1.292211084059032,-0.6651999764713102,0.5297777016439946,1.8811366565333465,0.7607212559441816,-0.41927598612678874,-0.9411600437652156,-0.5973556541215028,1.099486584679552
959,0,0,0,-1.630233090350294,-0.591177629254842,-0.017454946486674103,-0.8651306404002889,0.2533157373285012,0.14613000867876375,-0.0644709587086068,0.9695620586166548,0.24479156030500016,0.22396871577789748,-0.42559820917812835
960,0,0,0,2.0051445762448057,-0.591177629254842,-0.7479165635234339,-0.21535598263110828,0.4846810691669996,-1.7871631132163426,-0.6001565968602973,0.9181236125150458,1.9698120753162223,0.22396871577789748,0.3369441877507119
961,0,0,0,-1.9079355509929752,-0.591177629254842,-0.8346127655454735,-0.11539065066661894,0.04155763700174055,0.4435597197395494,-0.10582904106590633,-0.007768417313916559,0.8557363260381412,0.22396871577789748,0.3369441877507119
962,0,0,0,0.4904038818301809,-0.591177629254842,-0.021144146572718136,-0.1653733166488636,-0.6250882343973219,0.6418461937800731,-1.5907811409422843,-0.3678375400251797,-0.3302152780320739,1.8666174555766981,-0.42559820917812835
963,0,0,0,0.21270142118749968,-0.591177629254842,-0.1631783498854218,0.03455734728011505,0.7846717112965773,-0.8948739800339859,-1.6203226283403556,0.6094929359053917,0.42448119728533584,-0.18669346917180268,0.3369441877507119
964,0,1,0,1.5507223679204185,1.8311734863101636,0.09137645605163115,1.9338986546054122,-0.3329404848724391,-1.0931604540745097,-1.4548902989111567,0.30086225929573757,0.7479225438499402,0.6346309007275976,-1.1881406061069686
965,0,1,0,0.591386594791156,2.124791803348346,-0.3384153539725233,0.43441867513807236,0.07881137687404065,-1.0435888355643788,0.5952889265149829,-0.6764682166348338,-0.47396698761634254,-0.18669346917180268,-0.42559820917812835
966,0,0,0,1.9294075415240746,-0.591177629254842,-1.7458451867984015,-1.165026636293757,1.12387681644963,0.4435597197395494,0.18170810294198636,-1.7566755847686233,-0.9770979711612826,0.22396871577789748,0.3369441877507119
967,0,0,0,-0.2417207871368878,-0.591177629254842,0.7074728704210197,-1.4649226321872248,0.5866386730280324,0.7905610493104659,0.6071055214742112,0.5066160437021736,0.1369777781167985,-1.0080178390712031,-0.42559820917812835
968,0,0,1,0.11171870822652469,-0.591177629254842,1.6851108932227434,-0.11539065066661894,0.5101704701322576,0.4931313382496803,-0.44260199740391765,-2.0653062613782773,-0.5099049150124095,0.22396871577789748,-1.1881406061069686
969,0,0,1,-1.9331812292332191,-0.591177629254842,1.1704674812195721,-0.4652693125423316,-0.31921542281422277,-1.1427320725846406,-0.3342832102776567,0.45517759760056464,1.8260603657319543,0.6346309007275976,-1.1881406061069686
970,0,0,0,-0.36794917833810653,-0.591177629254842,-0.9821807689872434,0.7343146710315404,-0.6152846186414533,0.5922745752699422,-0.9192046607594664,-0.26496064782196166,-0.1505256410517382,1.0452930856772977,0.3369441877507119
971,0,0,0,-0.2417207871368878,-0.591177629254842,-0.37899655491900974,0.43441867513807236,1.0768194608214607,2.07942313057387,-2.341134920853292,-1.3966064620573602,-0.04271185886353718,-0.18669346917180268,-1.1881406061069686
972,1,1,0,1.1720371943167622,1.1705322729742529,0.7443648712814621,0.8842626689782743,0.16312247237451052,0.7905610493104659,2.9783022432927244,0.5580544898037827,-0.7614704067848799,-0.18669346917180268,1.099486584679552
973,0,1,1,0.18745574294725595,1.9045780655697093,-0.3218139535853241,-0.8651306404002889,-0.556462924106242,0.8401326678205968,1.152638322091926,-1.2422911237525331,-0.22240149584387287,-0.5973556541215028,1.8620289816083926
974,0,0,0,1.4749853331996872,-0.591177629254842,0.3551542622037947,0.33445334317358305,-0.09177153727807216,-0.4487294134428074,0.23685221275171944,1.0210005047182638,2.2573154944847595,1.0452930856772977,2.6245713785372327
975,1,0,0,0.8943347336740809,-0.591177629254842,1.425022287156625,-0.5152519785245763,0.5866386730280324,0.1957016271888947,-1.1358422350119883,-0.9336604471428789,-0.40209113282420855,2.277279640526398,1.099486584679552
976,0,1,0,-1.4030219861881004,2.198196382607892,0.3182622613433523,-0.4152866465600869,1.0591729524608973,0.3939881012294184,1.1920269719560208,-0.7793451088380519,-0.9052221163691483,-1.0080178390712031,-0.42559820917812835
977,0,0,0,0.5408952383106684,-0.591177629254842,-0.7276259630501908,0.9842280009427636,0.6121280739932909,1.385420471432037,-0.2594447755358767,1.3810696274295269,0.3526053424932012,0.22396871577789748,0.3369441877507119
978,0,0,0,0.9448260901545684,-0.591177629254842,0.27214726026779923,-0.8651306404002889,-0.20157203374379998,-0.15129970238202184,0.6090749539674158,0.09510847488930148,-0.43802906022027555,-0.5973556541215028,2.6245713785372327
979,0,0,0,0.793352020713106,-0.591177629254842,-1.142660972730168,-1.7148359620984481,0.27096224568906474,0.3939881012294184,0.7528435259713625,-0.3163990939235707,-0.5099049150124095,0.22396871577789748,-0.42559820917812835
980,0,0,0,-1.0748281690649315,-0.591177629254842,1.172312081262594,0.2344880112090937,0.6121280739932909,0.3939881012294184,-0.4012439150466181,1.0210005047182638,-0.8692841889730812,-0.18669346917180268,0.3369441877507119
981,0,0,0,-0.4941775695393253,-0.591177629254842,-0.6298621607700181,1.5840199927296996,-1.38977026335507,-0.4487294134428074,-0.29292512792035713,0.45517759760056464,-1.8036703012708266,-0.18669346917180268,-0.42559820917812835
982,0,0,0,-0.3427035000978628,-0.591177629254842,-0.1926919505737756,0.2344880112090937,-0.5937166639785426,0.09655839016863282,0.8591928806044188,0.30086225929573757,-0.11458771365567119,2.277279640526398,1.099486584679552
983,0,0,0,0.3894211688692059,-0.591177629254842,0.9177572753255416,-0.36530398057784225,-0.3074510839071806,0.5427029567598112,-0.6513618416836211,-0.47071443222839776,-0.5099049150124095,-0.5973556541215028,0.3369441877507119
984,0,1,1,-0.9738454561039566,1.8311734863101636,0.12642385686905155,-0.8151479744180442,0.016068236036482057,1.7819934195130847,1.682415662764002,0.1465469209909105,0.3166674150971342,-0.5973556541215028,0.3369441877507119
985,0,0,0,-0.06500103945518156,-0.591177629254842,-0.3089017532841689,-1.7648186280806928,-0.29764746815131204,0.4435597197395494,0.3589570273304134,0.19798536709251952,-1.5161668821022896,-0.5973556541215028,0.3369441877507119
986,1,0,0,0.16221006470701219,-0.591177629254842,0.27399186031082123,-0.8651306404002889,0.93368667078578,-0.7957307430137239,0.8690400430704426,-0.3678375400251797,0.3526053424932012,1.0452930856772977,0.3369441877507119
987,0,0,0,-1.7817071597917564,-0.591177629254842,-0.6372405609421067,-1.2150093022760016,0.794475327052446,0.5922745752699422,-0.08219585114744962,1.7411387501407902,-1.1208496807455512,-0.18669346917180268,1.099486584679552
988,0,1,1,-1.5292503773893191,1.6843643277910723,0.8329056733465237,-1.5648879641517142,-1.2878126594940371,-0.9444455985441168,-1.594720005928694,0.19798536709251952,-0.9770979711612826,0.22396871577789748,-0.42559820917812835
989,0,0,0,-0.721388673701519,-0.591177629254842,-0.6003485600816643,-1.0650613043292676,-0.7427316234677447,0.14613000867876375,-0.7557417638234722,-1.036537339346097,0.10103985072073149,-0.18669346917180268,-0.42559820917812835
990,0,1,0,-0.1407380741759128,2.271600961867437,1.4988062888775098,1.4840546607652103,0.2591979067820226,0.5427029567598112,-0.1117373385455208,-0.1620837556187436,-0.04271185886353718,0.22396871577789748,-0.42559820917812835
991,0,0,0,-1.4787590209088315,-0.591177629254842,-0.445402156467806,1.3341066628184763,-0.7074386067466182,-2.7290238649088305,-0.8581522534701194,1.432508073531136,-0.43802906022027555,-0.5973556541215028,-1.1881406061069686
992,0,0,0,-0.36794917833810653,-0.591177629254842,-0.24618535182141724,0.5843666730848064,1.0807409071238085,-0.9444455985441168,0.5283282217460213,-0.1620837556187436,-1.7317944464786923,1.0452930856772977,-0.42559820917812835
993,0,1,1,-1.1505652037856628,2.7120284374247112,-0.9047075671803143,0.6843320050492957,0.16116174922333693,-0.30001455791241466,-1.1752308848760833,0.7123698281086097,0.28072948770106715,0.22396871577789748,1.8620289816083926
994,0,0,0,-0.6708973172210315,-0.591177629254842,-0.31074635332719147,0.08454001326235971,1.800326303604561,0.24527324569902562,-0.3539775352097041,-1.036537339346097,-0.5458428424084772,0.6346309007275976,-1.1881406061069686
995,1,1,0,-0.4941775695393253,2.124791803348346,1.0616360786812669,-1.2150093022760016,1.2552452675782686,1.2367056159016443,1.3791230588104717,1.0210005047182638,-0.8333462615770139,-0.5973556541215028,-0.42559820917812835
996,0,0,0,-0.4941775695393253,-0.591177629254842,-0.24618535182141724,0.08454001326235971,0.3415482791313183,0.5922745752699422,0.3727430547828464,-1.6537986925654051,1.071363890414544,-1.0080178390712031,1.8620289816083926
997,0,0,1,-1.832198516272244,-0.591177629254842,-1.0670323709662608,-2.614523949778852,-1.4583955736461502,0.5922745752699422,1.1880881069696116,1.123877396921482,-0.6895945519927452,-1.0080178390712031,3.387113775466073
998,0,0,0,0.2631927776679872,-0.591177629254842,-0.05803614743316056,-1.914766626027427,0.016068236036482057,1.1871339973915134,-1.0019208254740655,1.946892534547226,0.3526053424932012,-1.0080178390712031,-1.1881406061069686
999,0,1,0,-2.463340472278338,1.39074601075289,-2.068650194327273,0.784297337013785,0.8591791910411787,-1.0931604540745097,1.572127443144537,-0.3678375400251797,0.42448119728533584,-1.0080178390712031,0.3369441877507119
1000,0,1,0,-0.822371386662494,1.1705322729742529,-0.06541454760524915,0.8842626689782743,1.523864339289067,0.7905610493104659,-0.5233487296253126,-1.499483354260578,1.610432801355551,1.0452930856772977,-0.42559820917812835
1001,0,0,1,1.5759680461606622,-0.591177629254842,1.2571636832416115,-1.165026636293757,1.3591635945904754,0.3939881012294184,-0.6690867341224633,-0.9336604471428789,-0.22240149584387287,1.0452930856772977,-1.1881406061069686
1002,0,0,0,-0.3427035000978628,-0.591177629254842,-1.1832421736766545,-0.5152519785245763,1.2238736971594897,-1.588876639175819,0.8749483405500564,-1.6023602464637963,1.0354259630184768,0.22396871577789748,0.3369441877507119
1003,0,0,1,-1.0748281690649315,-0.591177629254842,-1.2422693750533624,-0.26533864861335293,0.18469042703742128,0.3939881012294184,1.1743020795171775,-1.139414231549315,1.3229293821870143,-1.4186800240209032,-1.1881406061069686
1004,0,0,0,0.21270142118749968,-0.591177629254842,-0.3125909533702135,1.8839159886231676,-0.9054716450151631,0.4435597197395494,0.16595264299634815,0.9181236125150458,0.46041912468140284,-0.18669346917180268,-1.1881406061069686
1005,0,0,0,0.2631927776679872,-0.591177629254842,0.9196018753685636,0.33445334317358305,0.27292296884023837,-0.052156465361759975,1.7395292050669402,-0.26496064782196166,0.06510192332466448,0.6346309007275976,1.8620289816083926
1006,0,0,0,1.0963001595960309,-0.591177629254842,-0.7368489632653014,-0.21535598263110828,-1.4897671440649296,-0.3495861764225456,-2.081169831750266,-1.293729569854142,1.7182465835437526,-0.18669346917180268,0.3369441877507119
1007,0,0,1,0.8690890554338372,-0.591177629254842,1.5541442901681735,-1.7148359620984481,1.00231198107686,0.7905610493104659,-0.023112876351307262,0.6094929359053917,-0.6536566245966782,-1.0080178390712031,2.6245713785372327
1008,0,1,0,0.21270142118749968,2.7854330166842565,0.7000944702489311,1.1341759988894977,0.657224706470286,-0.7957307430137239,-0.7360474388914248,-0.05920686341552558,-0.43802906022027555,-0.5973556541215028,1.8620289816083926
1009,0,1,0,0.16221006470701219,0.4364864803787967,-1.203532774149898,1.5840199927296996,-0.0074604417776022785,-0.4487294134428074,-0.1294622309843636,-1.345168015955751,-0.9770979711612826,1.455955270626998,-0.42559820917812835
1010,0,0,0,1.2225285507972496,-0.591177629254842,0.30903926112824165,0.3844360091558277,-1.2427160270170414,-0.2008713208921528,-0.9172352282662617,-0.6764682166348338,-0.9052221163691483,-0.5973556541215028,0.3369441877507119
1011,0,0,0,-1.1253195255454191,-0.591177629254842,1.3586166856078281,-0.26533864861335293,-0.23882577361610063,0.7905610493104659,-1.167353154903264,1.6897003040391811,-2.0911737204393637,-0.18669346917180268,-0.42559820917812835
1012,0,0,0,0.7176149859923747,-0.591177629254842,-1.5042025811625037,-0.06540798468437428,0.794475327052446,-1.8863063502366044,1.0541666974316888,1.175315843023091,0.10103985072073149,-0.18669346917180268,-1.1881406061069686
1013,0,0,0,-0.21647510889664406,-0.591177629254842,1.288521883972988,0.8842626689782743,0.22194416690972193,-0.25044293940228374,-0.6356063817379829,0.8152467203118278,-0.40209113282420855,-0.5973556541215028,-1.1881406061069686
1014,0,1,0,-0.8476170649027378,1.6109597485315268,-0.9213089675675135,0.33445334317358305,0.6434996444120702,0.1957016271888947,1.885267209564091,-0.3678375400251797,1.538556946563417,0.22396871577789748,-0.42559820917812835
1015,0,0,0,0.4904038818301809,-0.591177629254842,0.770189271883772,0.2844706771913384,1.3219098547181753,-0.10172808387189092,-1.7680300653307115,-1.036537339346097,-0.3302152780320739,1.0452930856772977,-1.1881406061069686
1016,0,0,0,-0.620405960740544,-0.591177629254842,0.4436950642688562,-1.9647492920096716,-0.7544959623747874,1.3358488529219061,-0.4997155397068554,-0.1620837556187436,-0.6536566245966782,-0.5973556541215028,-1.1881406061069686
1017,0,0,0,-0.5446689260198128,-0.591177629254842,0.6281550685710683,0.484401341120317,0.6807533842843709,1.0384191418611206,0.5578697091440926,2.9242230104777978,-0.5099049150124095,-0.5973556541215028,0.3369441877507119
1018,0,1,0,-0.06500103945518156,1.6843643277910723,0.037883054803989534,0.5843666730848064,0.4023306968177033,-0.0025848468516290433,0.6898216861888108,1.0724389508198728,0.9635501082263429,-0.18669346917180268,0.3369441877507119
1019,0,1,0,1.0205631248752998,1.0237231144551617,0.6613578693454667,1.1341759988894977,2.5199117000853133,-0.10172808387189092,-0.8030081436603863,-0.5735913244316158,-0.8692841889730812,0.6346309007275976,-0.42559820917812835
1020,0,0,0,-1.3777763079478564,-0.591177629254842,0.3625326623758828,0.5343840071025617,-0.49175906011750975,-0.845302361523855,0.183677535435191,-0.8307835549396608,-0.006773931467470169,-1.0080178390712031,1.099486584679552
1021,0,0,0,0.9195804119143247,-0.591177629254842,-1.190620573848743,1.4840546607652103,-1.2231087955053044,-0.845302361523855,0.44758148952462695,-2.0138678152766682,-1.048973825953417,-0.18669346917180268,1.099486584679552
1022,0,0,1,1.777933472082612,-0.591177629254842,1.6777324930506554,-1.5648879641517142,0.5846779498768588,0.5922745752699422,-1.2855191044955487,0.5580544898037827,-0.22240149584387287,0.22396871577789748,-0.42559820917812835
1023,0,0,0,-2.2866207245966317,-0.591177629254842,0.7867906722709707,1.3341066628184763,-0.9231181533757267,1.2367056159016443,0.5145421942935884,-1.036537339346097,0.9635501082263429,-0.18669346917180268,-0.42559820917812835
1024,0,0,0,-0.31745782185761906,-0.591177629254842,-2.170103196693489,-1.1150439703115123,1.2238736971594897,0.691417812290204,0.22109675280608126,0.5066160437021736,-0.5099049150124095,-1.0080178390712031,1.099486584679552
1025,0,0,1,-0.4689318912990815,-0.591177629254842,0.17807265807367065,-0.9650959723647783,-0.3094118070583542,0.8401326678205968,1.0738610223637362,-0.8822220010412699,0.1369777781167985,0.22396871577789748,1.099486584679552
1026,0,0,0,0.9700717683948121,-0.591177629254842,0.3035054609991751,1.7339679906764336,-0.2780402366395749,2.277709604614394,-0.9507155806507421,-0.41927598612678874,-0.1505256410517382,-1.4186800240209032,1.099486584679552
1027,0,0,0,-0.3427035000978628,-0.591177629254842,-0.1465769494982226,0.934245334960519,0.09449716208343058,0.3444164827192875,-0.6040954618467071,0.7123698281086097,1.2869914547909471,-0.18669346917180268,-1.1881406061069686
1028,1,0,0,0.9195804119143247,-0.591177629254842,-0.10230654846569157,1.1341759988894977,-0.7623388549794818,0.740989430800335,1.1703632145307683,-0.1106453095171346,0.42448119728533584,-0.5973556541215028,0.3369441877507119
1029,0,0,1,-1.4030219861881004,-0.591177629254842,-1.8620549895087952,0.2844706771913384,-0.2525508356743164,0.4931313382496803,-0.33625264277086186,0.5580544898037827,-1.0130358985573495,0.22396871577789748,-0.42559820917812835
1030,0,0,0,0.06122735174603719,-0.591177629254842,-0.705490762533925,1.1341759988894977,1.047408613553855,-0.6470158874833312,0.28608802508183806,-0.21352220172035263,-1.372415172518021,-1.0080178390712031,-0.42559820917812835
1031,0,0,0,-0.01450968297469406,-0.591177629254842,1.0376562781219796,1.4840546607652103,-0.4741125517569462,-1.539305020665688,-2.7113882295757845,1.123877396921482,-1.048973825953417,-1.4186800240209032,0.3369441877507119
1032,0,0,0,0.23794709942774345,-0.591177629254842,0.10244405630976378,-0.015425318702129613,-0.687831375234881,-0.5974442689732002,-1.7660606328375068,0.19798536709251952,-1.4083530999140883,-0.18669346917180268,1.099486584679552
1033,0,0,0,0.591386594791156,-0.591177629254842,1.378907286081072,0.634349339067051,-2.3779747315466215,0.1957016271888947,-0.9467767156643329,-1.6023602464637963,0.5682329068696045,-1.0080178390712031,0.3369441877507119
1034,0,0,0,-2.2866207245966317,-0.591177629254842,0.06370745540629934,0.13452267924460437,0.2866480308984547,-1.1427320725846406,0.10096137072059191,-1.3966064620573602,-0.5458428424084772,0.6346309007275976,0.3369441877507119
1035,0,1,0,-0.2922121436173753,1.537555169271981,-0.29598955298301427,-1.015078638347023,1.4630819216026825,1.7819934195130847,3.557315396294919,2.4098385494617074,-0.9770979711612826,0.22396871577789748,0.3369441877507119
1036,0,0,0,0.5156495600704247,-0.591177629254842,0.5230128661188076,-0.11539065066661894,0.2023369353979848,-0.2008713208921528,-1.8054492827016018,0.7123698281086097,-0.9052221163691483,-1.0080178390712031,0.3369441877507119
1037,0,0,0,0.010735995265549692,-0.591177629254842,1.2737650836288108,0.08454001326235971,-0.49568050641985695,-0.3495861764225456,0.11671683066622954,-0.7279066627364429,-1.4802289547062226,-0.5973556541215028,1.099486584679552
1038,0,1,0,0.06122735174603719,1.6843643277910723,0.10797785643883034,0.2344880112090937,-0.0505963511034243,1.2862772344117752,-1.0669120977498223,0.5066160437021736,1.538556946563417,-0.18669346917180268,0.3369441877507119
1039,0,0,0,-1.2515479167466377,-0.591177629254842,0.3367082617735735,-2.0147319579919163,0.40821286627122466,-1.7871631132163426,-0.643484111710802,1.7411387501407902,-0.47396698761634254,0.22396871577789748,-0.42559820917812835
1040,1,0,1,-2.4885861505185813,-0.591177629254842,-0.8751939664919605,-2.91441994567232,-1.2015408408423935,-0.5974442689732002,-0.17082031334166314,0.9695620586166548,-0.40209113282420855,-1.4186800240209032,0.3369441877507119
1041,0,0,0,0.2631927776679872,-0.591177629254842,0.3237960614724183,0.8342800029960297,0.5415420405510374,1.385420471432037,0.25063824020415243,0.04367002878769246,-0.3302152780320739,2.6879418254760985,-1.1881406061069686
1042,0,0,0,0.43991252534969344,-0.591177629254842,-0.4601589568119832,0.5843666730848064,-0.31333325336070195,0.24527324569902562,0.31759894497311386,0.09510847488930148,0.8557363260381412,0.22396871577789748,0.3369441877507119
1043,0,1,1,-2.109900976914925,1.6843643277910723,-0.487827957457315,0.7343146710315404,-0.2800009597907485,-2.035021205766997,0.4534897870042414,0.09510847488930148,-0.07864978625960418,-1.4186800240209032,3.387113775466073
1044,0,0,0,0.7428606642326184,-0.591177629254842,0.5838846675385373,0.934245334960519,0.6062459045397696,0.9888475233509896,0.38652908223528,-1.036537339346097,-1.4083530999140883,1.8666174555766981,0.3369441877507119
1045,0,0,0,0.9195804119143247,-0.591177629254842,-0.7091799626199695,-0.4652693125423316,-1.0388008192949758,-0.0025848468516290433,1.0521972649384834,-1.293729569854142,-0.7974083341809469,1.0452930856772977,0.3369441877507119
1046,0,1,0,2.1313729674460244,1.537555169271981,-0.5247199583177574,1.0342106669250084,0.8729042530993945,-0.5974442689732002,-0.9231435257458755,-0.47071443222839776,1.2869914547909471,-1.0080178390712031,0.3369441877507119
1047,0,0,0,0.010735995265549692,-0.591177629254842,0.5543710668501834,0.33445334317358305,0.5611492720627745,-0.2008713208921528,-0.5686456769690215,-0.7793451088380519,-0.9411600437652156,-1.0080178390712031,1.099486584679552
1048,0,1,0,-0.1407380741759128,1.757768907050618,1.244251482940457,0.43441867513807236,-1.4623170199484976,-0.4487294134428074,0.4968173018547456,-0.5221528783300068,0.10103985072073149,-0.18669346917180268,1.099486584679552
1049,0,0,1,0.6418779512716434,-0.591177629254842,2.614789314905893,-0.06540798468437428,-0.6329311270020168,-0.3495861764225456,-0.1511259884096157,0.30086225929573757,-0.7974083341809469,-0.18669346917180268,-0.42559820917812835
1050,0,0,0,0.591386594791156,-0.591177629254842,1.3272584848764524,-0.7651653084357996,0.27488369199141194,-0.10172808387189092,-0.2988334253999716,-1.499483354260578,0.3166674150971342,0.6346309007275976,1.099486584679552
1051,1,0,1,-0.0902467176954253,-0.591177629254842,1.0579468785952229,0.33445334317358305,-0.8348856115729095,0.24527324569902562,0.7823850133694337,1.0210005047182638,-1.048973825953417,-1.0080178390712031,-1.1881406061069686
1052,0,0,0,-1.832198516272244,-0.591177629254842,-0.3660843546178551,-1.0650613043292676,0.32390177077075477,1.5341353269624298,0.10686966820020581,0.8152467203118278,-0.3302152780320739,-0.5973556541215028,0.3369441877507119
1053,1,0,1,-0.26696646537713153,-0.591177629254842,-0.5782133595653991,-0.21535598263110828,0.3964485273641825,0.5427029567598112,-1.3209688893732345,-0.1620837556187436,-0.3661532054281415,-1.4186800240209032,1.8620289816083926
1054,0,0,0,2.257601358647243,-0.591177629254842,-0.5284091584038014,-0.7151826424535549,1.3415170862299126,1.434992089942168,-0.4209382399786656,-1.3966064620573602,1.610432801355551,-1.4186800240209032,-0.42559820917812835
1055,0,1,0,-1.226302238506394,1.1705322729742529,-0.15948914979937723,-1.4649226321872248,0.023911128641177018,-0.9940172170542477,-0.8325496310584575,1.2267542891246999,-2.198987502627565,0.22396871577789748,0.3369441877507119
1056,0,0,0,-0.6961429954612753,-0.591177629254842,1.38628568625316,-1.015078638347023,-2.156413015463992,-1.0435888355643788,-0.942837850677923,-2.0653062613782773,0.1369777781167985,1.455955270626998,-1.1881406061069686
1057,0,0,1,-0.06500103945518156,-0.591177629254842,-3.3119106233241826,-5.013691916926596,-0.7956711485494352,1.484563708452299,-0.6730255991088732,-0.6250297705332248,-1.2286634629337525,-1.4186800240209032,1.8620289816083926
1058,1,0,1,0.13696438646676845,-0.591177629254842,-0.8456803658036066,-2.7644719477255864,-0.24274721991844786,0.3444164827192875,-0.3815495901145707,-0.5735913244316158,0.1729157055128655,-1.0080178390712031,-0.42559820917812835
1059,0,0,0,0.2631927776679872,-0.591177629254842,0.8365948734325682,0.8342800029960297,-0.16235757072032572,1.3358488529219061,0.563778006623707,-0.1620837556187436,0.02916399592859748,-0.5973556541215028,-1.1881406061069686
1060,0,0,0,-1.0495824908246878,-0.591177629254842,-0.5118077580166023,-0.11539065066661894,0.19057259649094263,-0.3991577949326765,1.2924680291094621,-0.7279066627364429,0.6041708342656715,0.22396871577789748,-0.42559820917812835
1061,0,1,0,-0.7466343519417628,1.0237231144551617,-0.703646162490903,0.33445334317358305,-0.7290065614095289,0.24527324569902562,0.36880418979643714,-0.05920686341552558,-1.6599185916865582,-0.5973556541215028,0.3369441877507119
1062,0,0,1,-1.1505652037856628,-0.591177629254842,1.9581116995900176,1.1841586648717424,0.6023244582374224,0.29484486420915657,0.5795334665693447,2.0497694267504443,1.6463707287516185,1.0452930856772977,-1.1881406061069686
1063,0,0,0,-2.2108836898759003,-0.591177629254842,-2.2346641981992637,1.0342106669250084,1.2160308045547943,-1.7871631132163426,-0.8325496310584575,0.7638082742102187,0.6041708342656715,0.22396871577789748,-0.42559820917812835
1064,0,1,0,0.8943347336740809,0.5832956388978879,-1.6443921844321847,0.2344880112090937,0.021950405490003416,0.4435597197395494,0.508633896813974,0.7638082742102187,1.0354259630184768,-0.18669346917180268,-1.1881406061069686
1065,0,0,0,0.5661409165509121,-0.591177629254842,-1.2016881741068757,-0.4652693125423316,0.3219410476195812,1.1375623788813825,0.971450532717089,0.09510847488930148,0.28072948770106715,-0.5973556541215028,-1.1881406061069686
1066,0,0,0,0.11171870822652469,-0.591177629254842,-0.5874363597805097,0.13452267924460437,0.4415451598411776,-1.0931604540745097,-0.7439251688642439,0.09510847488930148,0.9276121808302759,-0.5973556541215028,0.3369441877507119
1067,0,1,0,-1.2767935949868816,1.6843643277910723,2.271693706903778,-0.36530398057784225,0.7905538807500987,0.9392759048408587,-0.14521769093000125,0.1465469209909105,1.2151155999988126,3.9199283803251985,1.099486584679552
1068,0,0,0,0.43991252534969344,-0.591177629254842,-0.8014099647710756,0.9842280009427636,0.07881137687404065,0.14613000867876375,0.530297654239226,-0.5221528783300068,0.38854326988926885,-0.18669346917180268,-0.42559820917812835
1069,0,0,1,-0.6961429954612753,-0.591177629254842,0.7056282703779977,-0.4652693125423316,0.4003699736665297,-0.15129970238202184,1.4972890084027564,-0.5735913244316158,0.02916399592859748,0.6346309007275976,-0.42559820917812835
1070,0,0,0,-1.6554787685905377,-0.591177629254842,-1.020917369890708,0.08454001326235971,-1.4956493135184505,0.740989430800335,-1.2914274019751633,-0.007768417313916559,1.0354259630184768,1.455955270626998,0.3369441877507119
1071,0,0,0,-0.923354099623469,-0.591177629254842,0.49165466538743124,-1.2150093022760016,0.6317353055050281,-1.1923036910947715,0.9911448576491365,-0.21352220172035263,1.2151155999988126,-1.0080178390712031,-0.42559820917812835
1072,0,0,0,-0.9485997778637127,-0.591177629254842,-0.8604371661477833,1.084193332907253,-2.6113007865362934,-1.8863063502366044,-0.8049775761535909,1.0724389508198728,-0.11458771365567119,-1.0080178390712031,1.099486584679552
1073,0,1,0,0.4146668471094497,1.6843643277910723,-1.3769251781939773,0.7343146710315404,0.7336929093660609,1.2367056159016443,1.223537891847296,0.19798536709251952,-0.9052221163691483,0.6346309007275976,1.099486584679552
1074,0,0,1,0.3641754906289622,-0.591177629254842,1.2073594820800144,-0.1653733166488636,0.9905476421698173,-1.2418753096049024,1.357459301385219,1.2267542891246999,1.2510535273948795,1.455955270626998,-0.42559820917812835
1075,0,0,0,1.5507223679204185,-0.591177629254842,0.09137645605163115,0.8842626689782743,0.46703456080643607,-0.25044293940228374,-0.4091216450194372,-0.9336604471428789,0.49635705207746983,-0.5973556541215028,-0.42559820917812835
1076,0,0,0,-0.2922121436173753,-0.591177629254842,-1.660993584819384,-1.7148359620984481,-0.40940868776821343,0.1957016271888947,0.469245246949879,0.8152467203118278,0.7479225438499402,-1.4186800240209032,1.099486584679552
1077,1,0,0,-0.16598375241615657,-0.591177629254842,1.033967078035935,1.534037326747455,-0.10549659933628794,0.3444164827192875,-0.6040954618467071,-0.3678375400251797,-0.5817807698045442,-0.18669346917180268,-0.42559820917812835
1078,0,0,0,0.7176149859923747,-0.591177629254842,0.11904545669696297,1.3341066628184763,1.2179915277059683,-0.2008713208921528,-2.0161785594745094,-1.9109909230734503,0.46041912468140284,0.6346309007275976,1.8620289816083926
1079,0,0,0,-0.11549239593566905,-0.591177629254842,-0.0008535460994749059,1.234141330853987,-0.7427316234677447,1.9307082750434774,1.2452016492725488,1.6897003040391811,-1.3005393177258868,-1.0080178390712031,-0.42559820917812835
1080,0,0,1,0.18745574294725595,-0.591177629254842,-1.2459585751394067,0.2344880112090937,-0.12706455399919922,0.4931313382496803,0.15019718305071053,-0.3678375400251797,-2.198987502627565,-0.18669346917180268,1.8620289816083926
1081,0,1,0,-0.0902467176954253,1.757768907050618,-0.20560415087493025,1.4340719947829657,0.5042883006787368,-0.15129970238202184,-0.18657577328730077,-0.26496064782196166,-0.6177186972006112,1.0452930856772977,-1.1881406061069686
1082,0,1,0,-0.41844053481859406,2.491814699646074,0.6410672688722234,0.5843666730848064,-0.23490432731375344,0.3444164827192875,2.604110069583823,0.8666851664134367,0.38854326988926885,2.277279640526398,-1.1881406061069686
1083,0,0,1,-0.8981084213832253,-0.591177629254842,1.220271682381169,1.9338986546054122,0.8180040048665308,0.6418461937800731,1.654843607859136,0.8666851664134367,-2.163049575231498,0.22396871577789748,1.8620289816083926
1084,0,1,0,0.7681063424728621,1.9045780655697093,-0.4232669559515408,1.683985324694189,-2.5328718604893448,-0.25044293940228374,1.1900575394628157,1.0210005047182638,1.1432397452066785,2.277279640526398,-0.42559820917812835
1085,1,1,0,-1.0748281690649315,2.56521927890562,-0.6778217618885932,-0.21535598263110828,1.4140638428233396,-0.0025848468516290433,-0.15506485339602497,0.24942381319412854,-0.47396698761634254,-0.18669346917180268,-0.42559820917812835
1086,0,0,0,-1.1758108820259066,-0.591177629254842,-1.157417773074345,0.934245334960519,-1.5113350987278404,1.1375623788813825,0.3195683774663185,0.04367002878769246,0.6401087616617385,-1.0080178390712031,-0.42559820917812835
1087,0,1,0,0.6166322730313997,2.271600961867437,1.0431900782510455,0.33445334317358305,1.7454260553716967,0.4931313382496803,-0.5095627021728791,0.3523007053973466,-0.40209113282420855,-0.18669346917180268,0.3369441877507119
1088,0,1,0,-0.721388673701519,0.950318535195616,-0.7645179639106332,0.634349339067051,1.1748556183801468,-0.845302361523855,-1.2973356994547771,0.9181236125150458,-0.7255324793888128,-1.0080178390712031,0.3369441877507119
1089,0,0,0,1.0205631248752998,-0.591177629254842,-2.3545632009957016,0.3844360091558277,-0.7486137929212661,-0.845302361523855,0.4377343270586032,0.7638082742102187,-0.04271185886353718,-0.5973556541215028,1.099486584679552
1090,0,0,0,0.3136841341484747,-0.591177629254842,-1.8122507883471979,0.784297337013785,0.4003699736665297,1.1871339973915134,0.678005091229582,0.6609313820070007,-0.47396698761634254,-0.5973556541215028,-1.1881406061069686
1091,0,1,0,-2.034163942194194,1.9779826448292548,-0.1484215495412446,-0.11539065066661894,-0.9231181533757267,1.3358488529219061,-0.7025670865069443,1.278192735226309,-1.1208496807455512,-0.5973556541215028,-1.1881406061069686
1092,0,0,0,2.8130062799326057,-0.591177629254842,-0.9877145691163097,-0.21535598263110828,-1.095661790679013,-0.9940172170542477,1.9994942941699665,0.09510847488930148,-0.9411600437652156,-0.5973556541215028,-0.42559820917812835
1093,1,0,0,-0.03975536121493781,-0.591177629254842,0.32564066151544035,1.3341066628184763,-0.8662571819916888,-0.3991577949326765,0.055664423376882544,-0.05920686341552558,-0.11458771365567119,0.6346309007275976,1.8620289816083926
1094,0,0,0,-0.16598375241615657,-0.591177629254842,0.26845806018175467,-1.914766626027427,0.5297777016439946,-2.282879298317652,-0.21414782819216732,0.7638082742102187,1.8260603657319543,-0.18669346917180268,-0.42559820917812835
1095,0,0,0,-1.5292503773893191,-0.591177629254842,-1.1777083735475882,0.2344880112090937,-1.419181110622676,0.6418461937800731,-1.8468073650589012,-0.47071443222839776,-0.3302152780320739,0.6346309007275976,-0.42559820917812835
1096,0,1,0,-0.36794917833810653,1.537555169271981,-0.41219935569340815,0.8842626689782743,-0.07608575206868223,1.7819934195130847,0.5007561668411549,0.45517759760056464,-0.6536566245966782,0.22396871577789748,1.099486584679552
1097,0,0,1,0.010735995265549692,-0.591177629254842,1.6629756927064783,-0.7651653084357996,0.145475964013947,-0.6965875059934621,0.2545771051905617,0.3523007053973466,-2.0552357930432965,4.330590565274899,1.099486584679552
1098,0,0,0,0.11171870822652469,-0.591177629254842,0.8827098745081212,1.0342106669250084,1.3395563630787384,-0.5478726504630693,-1.1417505324916022,-0.9336604471428789,0.9994880356224098,-0.18669346917180268,-0.42559820917812835
1099,1,1,0,0.995317446635056,1.39074601075289,0.17253885794460458,1.1841586648717424,-0.7701817475841768,0.09655839016863282,-0.07037925618822126,-0.007768417313916559,0.46041912468140284,0.22396871577789748,1.8620289816083926
1100,0,0,0,0.010735995265549692,-0.591177629254842,-3.3119106233241826,-5.013691916926596,-0.15843612441797852,0.9392759048408587,-0.6395452467243922,-0.26496064782196166,-1.0849117533494839,-0.18669346917180268,-0.42559820917812835
1101,0,1,0,-0.06500103945518156,0.8035093766765248,-1.2736275757847386,-0.6651999764713102,0.5415420405510374,-0.15129970238202184,0.8335902581927569,-0.8307835549396608,0.28072948770106715,-0.18669346917180268,-0.42559820917812835
1102,0,0,0,0.08647302998628094,-0.591177629254842,-0.22036095121910743,0.784297337013785,0.3729198495500976,0.5922745752699422,0.2880574575750427,-0.3163990939235707,0.5322949794735369,-1.0080178390712031,1.8620289816083926
1103,0,0,0,0.3641754906289622,-0.591177629254842,-0.8770385665349825,-0.5152519785245763,-0.0525570742545979,-1.2418753096049024,-0.50168497220006,0.7123698281086097,-3.672442525866318,-1.8293422089706033,1.099486584679552
1104,0,0,0,-0.7718800301820066,-0.591177629254842,0.6244658684850243,-0.7151826424535549,0.08861499262990921,-1.1427320725846406,1.0896164823093744,0.04367002878769246,-1.623980664290491,-0.18669346917180268,-0.42559820917812835
1105,0,0,0,0.6418779512716434,-0.591177629254842,-0.07648214786338177,0.9842280009427636,-1.9975944402189214,-1.4401617836454261,0.012336908526378376,-0.3678375400251797,0.1369777781167985,-1.4186800240209032,-1.1881406061069686
1106,0,1,0,-0.3427035000978628,2.271600961867437,-1.7882709877879104,0.634349339067051,0.474877453411131,-1.8367347317264735,-0.7419557363710393,-0.6250297705332248,-0.25833942323993986,-1.4186800240209032,1.099486584679552
1107,0,0,0,-0.36794917833810653,-0.591177629254842,-0.9969375693314203,1.9338986546054122,1.3650457640439968,-0.3495861764225456,0.6799745237227871,0.5066160437021736,-0.47396698761634254,1.455955270626998,-0.42559820917812835
1108,0,1,0,-2.5138318287588253,1.6109597485315268,0.06555205544932136,-0.26533864861335293,0.6356567518073752,0.4931313382496803,0.9261535853733802,0.5066160437021736,-0.6536566245966782,-1.0080178390712031,-1.1881406061069686
1109,0,0,0,0.8185976989533497,-0.591177629254842,-0.3218139535853241,-0.4652693125423316,0.23370850581676408,-0.30001455791241466,1.1644549170511538,-1.139414231549315,0.7119846164538726,0.22396871577789748,-0.42559820917812835
1110,0,0,0,0.06122735174603719,-0.591177629254842,-0.23880695164932864,-0.8151479744180442,-0.15255395496445714,-0.4487294134428074,-0.657270139163235,0.7638082742102187,-0.9052221163691483,0.6346309007275976,-0.42559820917812835
1111,0,1,0,0.7681063424728621,1.1705322729742529,-0.8050991648571196,-2.0147319579919163,0.6474210907144174,-1.0931604540745097,0.183677535435191,1.0724389508198728,-0.29427735063600685,-0.18669346917180268,-0.42559820917812835
1112,0,0,0,-0.03975536121493781,-0.591177629254842,-0.6870447621037038,-0.5652346445068209,0.08469354632756201,-0.25044293940228374,0.03597009844483509,0.7123698281086097,-0.40209113282420855,-1.4186800240209032,-1.1881406061069686
1113,0,0,0,-1.8574441945124878,-0.591177629254842,-0.03590094691689531,1.0342106669250084,1.8944410148608994,-0.3991577949326765,-0.1649120158620487,0.30086225929573757,-0.9411600437652156,-0.5973556541215028,1.099486584679552
1114,0,0,0,1.0205631248752998,-0.591177629254842,-1.7772033875297775,-1.3149746342404909,-0.1878469716855842,0.1957016271888947,-0.9999513929808608,-1.087975785447706,0.1729157055128655,1.0452930856772977,-0.42559820917812835
1115,1,1,0,-1.8069528380320004,2.124791803348346,1.0228994777778024,0.03455734728011505,-0.3309797617212649,-1.0435888355643788,-1.2106806697537682,0.30086225929573757,-1.623980664290491,1.0452930856772977,0.3369441877507119
1116,0,0,0,-0.8981084213832253,-0.591177629254842,-1.3621683778498004,-0.26533864861335293,-1.1446798694583558,-0.0025848468516290433,-0.4091216450194372,0.24942381319412854,-1.3005393177258868,3.098604010425799,0.3369441877507119
1117,1,0,1,-0.4941775695393253,-0.591177629254842,-0.5560781590491333,-1.6148706301339588,-0.5545022009550683,-0.10172808387189092,0.26048540267017617,-0.1620837556187436,2.760446478029699,-0.5973556541215028,1.099486584679552
1118,0,1,0,-1.6049874121100502,0.8769139559360705,1.570745690555372,-0.9650959723647783,0.3199803244684076,0.4931313382496803,0.1856469679283956,0.09510847488930148,0.06510192332466448,1.0452930856772977,-1.1881406061069686
1119,0,1,0,0.16221006470701219,1.6843643277910723,-0.35501675435972196,-2.7644719477255864,0.41801648202709324,-1.489733402155557,1.1880881069696116,0.45517759760056464,-1.6599185916865582,-1.4186800240209032,-0.42559820917812835
1120,1,1,0,0.6671236295118872,1.4641505900124354,-1.5429391820659681,0.8342800029960297,-0.7976318717006089,1.5341353269624298,-0.9546544456371514,1.638261857937572,0.06510192332466448,-0.5973556541215028,-0.42559820917812835
1121,0,0,0,-0.5699146042600566,-0.591177629254842,-0.7165583627920581,-1.165026636293757,-0.09765370673159353,0.691417812290204,1.0167474800607985,0.3523007053973466,0.5322949794735369,0.22396871577789748,-1.1881406061069686
1122,0,0,0,1.9041618632838309,-0.591177629254842,1.3161908846183197,0.3844360091558277,-0.5643058167109369,-0.0025848468516290433,-1.037370610351751,-0.7793451088380519,-0.22240149584387287,0.6346309007275976,0.3369441877507119
1123,1,0,0,-0.11549239593566905,-0.591177629254842,0.38835706297819256,0.8342800029960297,1.751308224825218,0.9888475233509896,-2.027995154433738,-0.26496064782196166,0.3526053424932012,0.22396871577789748,0.3369441877507119
1124,0,1,0,-2.2613750463563878,2.198196382607892,0.558060266936228,1.4840546607652103,-0.07020358261516144,-0.7957307430137239,0.624830413913054,-1.087975785447706,-1.1567876081416182,1.0452930856772977,-0.42559820917812835
1125,0,1,0,-1.327284951467369,1.9045780655697093,0.3403974618596175,-1.5149052981694695,1.4415139669397712,1.0384191418611206,0.3274461074391376,-1.499483354260578,-0.9411600437652156,-0.18669346917180268,-0.42559820917812835
1126,0,1,0,-1.3525306297076127,2.124791803348346,-1.2312017747952297,2.4837079804101037,0.8572184678900051,-0.15129970238202184,-0.44457142989712284,0.6094929359053917,1.071363890414544,0.6346309007275976,0.3369441877507119
1127,1,1,1,-0.2922121436173753,0.8035093766765248,-1.2348909748812742,0.6843320050492957,1.2062271887989258,1.5837069454725607,-1.531698166146142,0.8152467203118278,0.3166674150971342,-1.0080178390712031,-1.1881406061069686
1128,0,1,0,-0.4436862130588378,1.3173414314933443,0.8642638740779001,0.8342800029960297,0.6768319379820231,-0.15129970238202184,-1.332785484332463,-0.9336604471428789,0.20885363290893316,1.0452930856772977,-0.42559820917812835
1129,1,1,0,0.6418779512716434,1.9045780655697093,1.2055148820369925,0.8842626689782743,0.38076274215479256,0.24527324569902562,0.1876164004216008,1.8440156423440082,-0.18646356844780584,0.6346309007275976,1.8620289816083926
1130,0,0,0,-1.024336812584444,-0.591177629254842,0.4363166640967676,-0.06540798468437428,0.6983998926449344,1.5341353269624298,0.4653063819634698,0.6094929359053917,1.7541845109398195,0.6346309007275976,0.3369441877507119
1131,0,0,0,0.5408952383106684,-0.591177629254842,-0.790342364512943,0.7343146710315404,0.8415326826806151,1.8315650380232156,-0.24368931559023851,0.5066160437021736,-0.5817807698045442,-0.18669346917180268,-1.1881406061069686
1132,0,0,0,0.8943347336740809,-0.591177629254842,-0.49705095767242563,-0.1653733166488636,0.1709653649792055,-0.746159124503593,-1.6183531958471509,-0.05920686341552558,-1.875546156062961,2.277279640526398,-0.42559820917812835
1133,0,1,0,1.8031791503228558,2.858837595943802,1.7588948949436283,0.08454001326235971,-0.26627589773253274,0.8897042863307277,0.8611623130976235,1.175315843023091,-0.5099049150124095,-1.0080178390712031,-0.42559820917812835
1134,0,0,1,0.03598167350579344,-0.591177629254842,0.2979716608701085,0.784297337013785,0.1748868112815527,-0.6470158874833312,-0.00341855141925981,-1.3966064620573602,-0.6895945519927452,-0.5973556541215028,-0.42559820917812835
1135,1,0,0,0.3136841341484747,-0.591177629254842,0.4566072645700114,-0.9151133063825336,-0.2231399884067107,0.740989430800335,-1.2185583997265874,-0.1620837556187436,-0.3661532054281415,1.0452930856772977,-0.42559820917812835
1136,0,0,0,-0.5446689260198128,-0.591177629254842,0.7886352723139932,-0.06540798468437428,-1.0584080508067129,-0.8948739800339859,1.463808656018276,-0.9336604471428789,-0.47396698761634254,-0.18669346917180268,1.099486584679552
1137,0,1,0,-1.1505652037856628,-0.003940995178477015,0.7923244724000372,0.18450534522684905,-0.5623450935597633,-0.30001455791241466,3.470660366593911,0.7123698281086097,-0.18646356844780584,-1.0080178390712031,-0.42559820917812835
1138,0,0,0,1.5002310114399309,-0.591177629254842,-0.096772748336625,0.2344880112090937,-0.5662665398621105,0.3444164827192875,0.38455964974207535,1.586823411835963,-0.6895945519927452,-1.0080178390712031,-1.1881406061069686
1139,0,0,0,0.23794709942774345,-0.591177629254842,1.1612444810044615,0.484401341120317,-0.7427316234677447,1.9802798935536083,-0.3382220752640665,-0.7279066627364429,-0.8692841889730812,-0.5973556541215028,1.8620289816083926
1140,0,0,0,2.308092715127731,-0.591177629254842,0.775723072012838,0.03455734728011505,1.6669971293247483,-2.481165772358176,-0.6671173016292588,-0.8822220010412699,0.8916742534342083,0.6346309007275976,1.8620289816083926
1141,0,0,0,-0.1912294306564003,-0.591177629254842,-1.203532774149898,-0.015425318702129613,0.4101735894223983,0.14613000867876375,-1.4765540563364092,-0.6250297705332248,0.24479156030500016,1.8666174555766981,-1.1881406061069686
1142,0,1,0,0.010735995265549692,1.8311734863101636,0.7406756711954176,1.833933322640923,-0.262354451430185,-0.30001455791241466,-0.3303443452912474,0.6609313820070007,-0.25833942323993986,-1.0080178390712031,0.3369441877507119
1143,0,0,0,-0.5951602825003003,-0.591177629254842,-0.6390851609851287,1.7839506566586782,-0.9584111700968532,0.740989430800335,1.0069003175947746,-1.3966064620573602,0.7479225438499402,-0.5973556541215028,0.3369441877507119
1144,0,1,0,0.11171870822652469,2.345005541126983,1.0505684784231342,0.5343840071025617,-1.630939210949437,0.4931313382496803,0.39046794722168926,0.7638082742102187,-0.7614704067848799,-0.5973556541215028,0.3369441877507119
1145,0,1,1,0.8185976989533497,2.6386238581651655,-0.10230654846569157,-1.015078638347023,0.18076898073507405,0.6418461937800731,0.4495509220178316,-0.6764682166348338,1.3948052369791482,1.0452930856772977,0.3369441877507119
1146,0,0,0,0.7681063424728621,-0.591177629254842,-1.2920735762149598,-0.26533864861335293,2.5865762872252205,-2.5803090093784378,1.1290051321734693,0.4037391514989556,-1.3005393177258868,1.0452930856772977,-0.42559820917812835
1147,0,1,0,0.13696438646676845,1.8311734863101636,-1.8067169882181318,0.9842280009427636,0.6944784463425867,-0.746159124503593,-0.9920736630080417,0.6609313820070007,-0.11458771365567119,-0.18669346917180268,-0.42559820917812835
1148,0,0,0,0.43991252534969344,-0.591177629254842,-0.8512141659326726,0.634349339067051,-1.5525102849024883,-0.3991577949326765,1.0521972649384834,1.483946519632745,-1.5521048094983565,-0.18669346917180268,-0.42559820917812835
1149,0,0,0,0.6166322730313997,-0.591177629254842,-0.7829639643408544,-0.3153213145955976,0.18861187333976903,-0.845302361523855,0.7311797685461103,0.7123698281086097,-0.5817807698045442,-0.18669346917180268,-0.42559820917812835
1150,0,0,0,-0.1407380741759128,-0.591177629254842,0.3219514614293963,-0.6152173104890656,-0.19176841798793143,-1.588876639175819,0.2092801578468529,0.19798536709251952,2.113563784900492,1.455955270626998,-1.1881406061069686
1151,0,0,0,-0.519423247779569,-0.591177629254842,0.3422420619026395,2.98353464023255,-0.8525321199334731,-0.6470158874833312,-0.3776107251281614,-1.2422911237525331,-0.3302152780320739,-0.5973556541215028,1.099486584679552
1152,0,0,0,1.1215458378362746,-0.591177629254842,-2.583293606330445,-1.1150439703115123,1.2572059907294426,0.29484486420915657,-0.3047417228795855,-0.5221528783300068,-0.07864978625960418,0.6346309007275976,-1.1881406061069686
1153,0,0,0,-1.6049874121100502,-0.591177629254842,0.36806646250494934,0.33445334317358305,0.1435152408627734,0.4931313382496803,-2.311593433455221,1.175315843023091,-0.7614704067848799,-0.18669346917180268,0.3369441877507119
1154,0,0,0,-0.3427035000978628,-0.591177629254842,-0.4195777558654962,-0.36530398057784225,0.3062552624101918,-1.588876639175819,0.43379546207219394,-1.190852677650924,-0.9411600437652156,0.6346309007275976,-0.42559820917812835
1155,0,0,0,-0.7971257084222503,-0.591177629254842,0.07108585557838792,-0.7651653084357996,0.7336929093660609,-0.0025848468516290433,0.5263587892528168,-0.3163990939235707,-0.43802906022027555,0.22396871577789748,1.099486584679552
1156,0,0,0,-0.4436862130588378,-0.591177629254842,-0.8696601663628939,0.9842280009427636,-1.5407459459954462,0.04698677165850189,-0.07037925618822126,-0.8307835549396608,-0.5817807698045442,-1.0080178390712031,-0.42559820917812835
1157,0,0,0,2.383829749848462,-0.591177629254842,-2.1461233961342017,0.3844360091558277,0.39252708106183476,-0.5974442689732002,-0.34019150775727114,-0.05920686341552558,-1.839608228666894,-0.5973556541215028,-1.1881406061069686
1158,1,1,1,-0.8476170649027378,1.9779826448292548,0.02866005458887893,-2.0647146239741607,0.3082159855613654,0.7905610493104659,0.2959351875478618,0.30086225929573757,2.4010672040690277,-0.18669346917180268,-1.1881406061069686
1159,0,1,0,-0.6456516389807878,1.39074601075289,-1.14450557277319,0.08454001326235971,0.12979017880455765,1.3358488529219061,-0.1353705284639775,0.7123698281086097,-2.163049575231498,1.0452930856772977,1.099486584679552
1160,0,1,0,0.5661409165509121,1.39074601075289,0.7222296707651964,-1.0650613043292676,-0.721163668804834,-1.0931604540745097,-0.5410736220641549,0.8152467203118278,1.7182465835437526,-1.4186800240209032,-1.1881406061069686
1161,0,1,0,-1.5040046991490752,2.4184101203865285,0.511945265860675,-0.26533864861335293,-1.232912411261173,0.9888475233509896,-1.685313900616112,-1.345168015955751,-1.5521048094983565,-0.5973556541215028,-0.42559820917812835
1162,0,0,0,-0.6456516389807878,-0.591177629254842,-0.533942958532868,-0.06540798468437428,1.9865950029660637,-0.845302361523855,-0.8384579285380719,0.19798536709251952,-0.7614704067848799,0.22396871577789748,-1.1881406061069686
1163,1,0,1,-0.620405960740544,-0.591177629254842,1.729381294255275,-1.7148359620984481,1.243480928671227,1.0384191418611206,-0.7104448164797634,-0.8307835549396608,0.6401087616617385,1.0452930856772977,-0.42559820917812835
1164,1,0,0,-0.36794917833810653,-0.591177629254842,1.5965700911576826,0.9842280009427636,-0.35646916268652346,-0.3991577949326765,0.10293080321379654,0.1465469209909105,0.02916399592859748,-0.18669346917180268,-0.42559820917812835
1165,0,0,0,0.995317446635056,-0.591177629254842,-1.2312017747952297,-0.5652346445068209,-0.8525321199334731,-1.7375914947062117,0.9517562077850417,-0.7793451088380519,2.1854396396926257,0.6346309007275976,-1.1881406061069686
1166,0,0,0,-0.7718800301820066,-0.591177629254842,-1.3806143782800215,0.5843666730848064,-2.313270867557889,0.1957016271888947,-0.6277286517651638,0.5066160437021736,2.00575000271229,1.0452930856772977,1.099486584679552
1167,0,0,0,0.43991252534969344,-0.591177629254842,1.3586166856078281,1.084193332907253,0.016068236036482057,-1.0931604540745097,-0.1176456360251347,0.4037391514989556,-0.18646356844780584,1.0452930856772977,0.3369441877507119
1168,0,1,0,-0.8728627431429815,0.5832956388978879,-0.08939434816453694,-0.4152866465600869,0.6258531360515067,0.24527324569902562,2.050699538993289,-0.1106453095171346,-0.47396698761634254,-1.0080178390712031,-0.42559820917812835
1169,0,0,0,-0.5699146042600566,-0.591177629254842,-1.707108585894937,0.08454001326235971,-0.12902527715037282,-1.7871631132163426,0.08914477576136355,1.0210005047182638,0.28072948770106715,0.22396871577789748,-1.1881406061069686
1170,0,1,0,0.7176149859923747,1.9045780655697093,0.4602964646560554,-1.0650613043292676,-1.32114495306399,0.6418461937800731,-0.2200561256717818,0.8666851664134367,1.6463707287516185,1.8666174555766981,0.3369441877507119
1171,0,0,0,-2.3876034375576065,-0.591177629254842,0.8661084741209221,-0.36530398057784225,-0.9427253848874637,1.0879907603712515,-0.7262002764254011,-0.1106453095171346,-0.29427735063600685,-0.18669346917180268,1.099486584679552
1172,1,0,0,0.16221006470701219,-0.591177629254842,1.0062980773906032,-0.4652693125423316,-0.7270458382583553,0.24527324569902562,1.5996994980494028,-0.007768417313916559,-0.07864978625960418,-0.5973556541215028,-0.42559820917812835
1173,1,0,1,0.16221006470701219,-0.591177629254842,-0.8530587659756947,0.2844706771913384,-0.33882265432595987,-0.5478726504630693,0.7843544458626382,1.175315843023091,0.9635501082263429,-1.0080178390712031,1.099486584679552
1174,0,0,0,0.9448260901545684,-0.591177629254842,-0.841991165717562,-0.6651999764713102,-0.6623419742696226,0.4931313382496803,-0.15309542090282033,1.9983309806488352,1.8619982931280212,-0.5973556541215028,-0.42559820917812835
1175,0,0,0,0.06122735174603719,-0.591177629254842,-0.3568613544027445,0.18450534522684905,-1.2015408408423935,-1.489733402155557,2.1905292460108265,-0.1620837556187436,-0.18646356844780584,-1.0080178390712031,-1.1881406061069686
1176,0,1,0,0.3894211688692059,2.6386238581651655,0.9417370758848289,-0.3153213145955976,0.46899528395760964,0.14613000867876375,0.841467988165576,-1.2422911237525331,0.3166674150971342,-1.0080178390712031,-1.1881406061069686
1177,0,0,0,2.2323556804069997,-0.591177629254842,0.8827098745081212,-0.8151479744180442,-0.4741125517569462,-0.9444455985441168,0.09505307324097745,1.0210005047182638,-1.4083530999140883,-0.18669346917180268,0.3369441877507119
1178,0,0,0,1.5254766896801746,-0.591177629254842,-1.9690417920040784,0.9842280009427636,1.3121062389623068,0.9888475233509896,0.4180400021265558,-0.47071443222839776,0.5682329068696045,-1.0080178390712031,0.3369441877507119
1179,0,0,0,-2.5138318287588253,-0.591177629254842,0.3053500610421971,0.33445334317358305,1.888558845407378,-0.8948739800339859,0.2014024278740338,-0.47071443222839776,-1.1567876081416182,-1.0080178390712031,-0.42559820917812835
1180,0,0,0,-0.2922121436173753,-0.591177629254842,0.3237960614724183,0.484401341120317,-0.6721455900254911,0.740989430800335,0.5125727618003838,0.30086225929573757,0.9276121808302759,-0.5973556541215028,-0.42559820917812835
1181,0,0,0,-0.923354099623469,-0.591177629254842,0.7388310711523955,1.2841239968362317,2.0218880196871907,-0.0025848468516290433,-0.921174093252671,-1.8081140308702324,-0.18646356844780584,0.22396871577789748,-0.42559820917812835
1182,0,1,1,0.6418779512716434,1.6109597485315268,-0.48229415732824843,-0.5152519785245763,-0.9564504469456795,-0.15129970238202184,-0.9349601207051039,-0.1620837556187436,0.9276121808302759,-0.18669346917180268,1.8620289816083926
1183,0,0,0,0.7176149859923747,-0.591177629254842,0.6724254696035993,-0.7651653084357996,-0.26039372827901136,0.691417812290204,0.1856469679283956,0.45517759760056464,-1.9114840834590279,2.277279640526398,0.3369441877507119
1184,0,1,0,0.6923693077521309,1.757768907050618,0.7997028725721258,1.7839506566586782,1.212109358252447,-0.9940172170542477,-0.19445350326011987,0.04367002878769246,0.20885363290893316,-0.18669346917180268,-1.1881406061069686
1185,0,0,0,0.33892981238871844,-0.591177629254842,0.18914025833180378,0.03455734728011505,-1.0289972035391073,-0.9940172170542477,-0.5627373794894076,1.0724389508198728,0.1369777781167985,0.22396871577789748,-0.42559820917812835
1186,0,0,0,-1.2767935949868816,-0.591177629254842,-0.45831435676896115,0.08454001326235971,1.9179696926749836,0.3939881012294184,0.1757998054623719,-0.26496064782196166,0.3166674150971342,-0.5973556541215028,-1.1881406061069686
1187,0,0,0,-0.36794917833810653,-0.591177629254842,-0.795876164642009,0.18450534522684905,0.04547908330408775,0.4931313382496803,0.5795334665693447,-0.7279066627364429,0.46041912468140284,-1.4186800240209032,1.099486584679552
1188,0,0,0,-0.11549239593566905,-0.591177629254842,-0.1668675499714658,-0.7151826424535549,1.5160214466843724,-0.5974442689732002,-0.7636194937962913,0.8666851664134367,0.7119846164538726,0.6346309007275976,-0.42559820917812835
1189,1,1,0,-1.1000738473051752,0.6567002181574335,1.0505684784231342,-0.3153213145955976,-0.7270458382583553,-0.30001455791241466,0.6976994161616293,0.8666851664134367,0.7119846164538726,-0.5973556541215028,0.3369441877507119
1190,0,0,0,-0.8981084213832253,-0.591177629254842,-0.47307115711313785,0.8342800029960297,0.39056635791066113,1.0879907603712515,1.560310848185308,2.4098385494617074,-0.6177186972006112,-0.5973556541215028,0.3369441877507119
1191,0,0,0,0.8943347336740809,-0.591177629254842,1.3438598852636516,-1.3149746342404909,-0.6329311270020168,-0.9444455985441168,0.9261535853733802,0.5066160437021736,0.1729157055128655,-0.5973556541215028,0.3369441877507119
1192,0,0,0,0.3894211688692059,-0.591177629254842,0.3385528618165955,-0.8151479744180442,-0.6290096806996697,0.6418461937800731,0.7587518234509769,2.3069616572584892,0.6401087616617385,0.6346309007275976,-0.42559820917812835
1193,0,0,0,-0.1912294306564003,-0.591177629254842,-0.5007401577584697,-1.3149746342404909,1.4591604753003353,-0.5974442689732002,1.0029614526083648,1.0210005047182638,-1.3005393177258868,0.22396871577789748,1.099486584679552
1194,0,1,0,1.0458088031155435,2.345005541126983,1.0671698788103334,0.2344880112090937,-0.4760732749081198,-0.3495861764225456,0.1777692379555771,0.5066160437021736,-0.3661532054281415,-0.5973556541215028,1.099486584679552
1195,0,0,0,-0.21647510889664406,-0.591177629254842,1.5873470909425718,-0.9151133063825336,-0.38195856365178193,-1.2418753096049024,0.1935246979012147,0.6609313820070007,-0.5817807698045442,-1.0080178390712031,-0.42559820917812835
1196,0,0,0,-0.7718800301820066,-0.591177629254842,0.32748526155846286,-0.4652693125423316,2.0709060984665335,-0.9444455985441168,-0.596217731873888,0.24942381319412854,-1.2646013903298197,0.6346309007275976,-0.42559820917812835
1197,0,1,0,-1.9836725857137065,0.4364864803787967,0.36068806233286077,-0.015425318702129613,0.4238986514806146,0.14613000867876375,-2.670030147218485,-0.47071443222839776,-2.163049575231498,-1.4186800240209032,-0.42559820917812835
1198,0,0,0,-1.6049874121100502,-0.591177629254842,0.9989196772185146,0.6843320050492957,0.15135813346746838,0.4435597197395494,0.2250356177924905,0.04367002878769246,0.6401087616617385,-1.0080178390712031,0.3369441877507119
1199,0,0,0,-1.2515479167466377,-0.591177629254842,0.06555205544932136,-0.06540798468437428,-0.7858675327935667,0.3444164827192875,2.1767432185583933,1.0724389508198728,-1.1567876081416182,-0.5973556541215028,-0.42559820917812835
1200,0,0,0,1.8536705068033434,-0.591177629254842,-0.7405381633513454,-0.21535598263110828,-1.1133082990395766,0.3939881012294184,0.47121467944308365,0.3523007053973466,-0.07864978625960418,0.22396871577789748,0.3369441877507119
1201,0,0,1,-0.822371386662494,-0.591177629254842,0.6336888687001349,0.5843666730848064,1.1826985109848414,-0.0025848468516290433,0.6405858738586923,-0.1620837556187436,-0.6536566245966782,-0.5973556541215028,-0.42559820917812835
1202,0,0,0,0.7428606642326184,-0.591177629254842,0.5082560657746304,-1.5149052981694695,-0.0015782723240814738,0.740989430800335,-0.13930939345038734,-0.007768417313916559,0.7838604712460072,-1.0080178390712031,-0.42559820917812835
1203,0,0,0,0.8438433771935934,-0.591177629254842,-0.043279347088983906,-0.4652693125423316,0.5591885489116003,0.24527324569902562,-0.13733996095718215,0.6609313820070007,-0.47396698761634254,-0.5973556541215028,0.3369441877507119
1204,0,1,0,0.18745574294725595,1.9779826448292548,-0.17977975027262044,1.7839506566586782,-0.5192091842339418,0.04698677165850189,0.2624548351633808,0.24942381319412854,-0.25833942323993986,1.0452930856772977,0.3369441877507119
1205,0,0,0,0.06122735174603719,-0.591177629254842,-0.11152954868080217,-0.8651306404002889,0.8650613604947001,-1.7375914947062117,0.40031510968771294,-1.7566755847686233,-0.18646356844780584,-1.0080178390712031,1.099486584679552
1206,0,0,0,-0.9738454561039566,-0.591177629254842,-0.36239515453181054,-0.015425318702129613,-0.5486200315015475,-0.052156465361759975,1.219599026860887,0.45517759760056464,-1.6599185916865582,-0.18669346917180268,-0.42559820917812835
1207,0,0,0,1.5507223679204185,-0.591177629254842,-1.188775973805721,-0.5652346445068209,-0.06628213631281367,0.5427029567598112,0.21912732031287663,-0.1106453095171346,0.42448119728533584,-0.5973556541215028,0.3369441877507119
1208,0,0,0,-1.4787590209088315,-0.591177629254842,-1.6111893836577866,0.3844360091558277,0.21606199745620056,0.9888475233509896,-1.4214099465266763,-1.3966064620573602,1.0354259630184768,0.6346309007275976,-0.42559820917812835
1209,0,1,0,1.3740026202387121,1.0971276937147072,1.1870688816067712,0.5843666730848064,-1.317223506761643,0.29484486420915657,0.24472994272453796,1.175315843023091,1.1432397452066785,2.6879418254760985,0.3369441877507119
1210,0,0,0,-1.630233090350294,-0.591177629254842,-1.1518839729452786,-0.3153213145955976,0.6905570000402395,0.8401326678205968,0.39440681220809903,0.4037391514989556,-0.43802906022027555,-1.0080178390712031,-1.1881406061069686
1211,0,0,1,1.0710544813557872,-0.591177629254842,0.8070812727442144,-0.06540798468437428,-0.6486169122114068,1.385420471432037,0.03400066595163046,-0.8307835549396608,-2.0552357930432965,-0.18669346917180268,-1.1881406061069686
1212,0,0,1,-0.4941775695393253,-0.591177629254842,1.509873889135642,2.0338639865699015,0.30429453925901767,0.09655839016863282,1.3889702212764954,-0.21352220172035263,-0.7974083341809469,0.6346309007275976,-0.42559820917812835
1213,1,0,1,0.9448260901545684,-0.591177629254842,-2.4541716033188963,0.18450534522684905,-0.2780402366395749,0.691417812290204,-0.6651478691360541,-0.26496064782196166,-0.22240149584387287,-0.18669346917180268,1.8620289816083926
1214,0,1,1,0.06122735174603719,0.7301047974169792,-0.5468551588340227,-0.8151479744180442,-0.5741094324668055,-0.7957307430137239,-0.5863705694078643,0.6094929359053917,0.46041912468140284,1.0452930856772977,-1.1881406061069686
1215,1,0,1,0.6671236295118872,-0.591177629254842,1.155710680875395,0.08454001326235971,0.5082097469810839,-0.9940172170542477,0.9990225876219556,-0.21352220172035263,1.3229293821870143,0.22396871577789748,0.3369441877507119
1216,0,0,1,0.8943347336740809,-0.591177629254842,1.4729818882751995,-0.06540798468437428,-0.538816415745679,1.2367056159016443,1.8202759372883341,-1.139414231549315,0.1729157055128655,0.6346309007275976,-0.42559820917812835
1217,0,0,0,-0.03975536121493781,-0.591177629254842,0.7904798723570152,0.08454001326235971,-0.2819616829419221,-0.5478726504630693,0.7173937410936768,-0.985098893244488,0.6401087616617385,1.455955270626998,0.3369441877507119
1218,0,0,0,-0.1407380741759128,-0.591177629254842,-2.03175819346683,-1.0650613043292676,-0.18392552538323645,0.4435597197395494,0.3668347573032325,0.09510847488930148,-0.47396698761634254,0.22396871577789748,-1.1881406061069686
1219,1,1,1,0.43991252534969344,0.950318535195616,-0.4251115559945628,1.084193332907253,0.1768475344327263,1.2367056159016443,-0.8384579285380719,-0.985098893244488,0.3166674150971342,-0.5973556541215028,1.8620289816083926
1220,0,0,1,0.3136841341484747,-0.591177629254842,-2.1830153969946444,0.5343840071025617,-2.115237829289344,-0.5974442689732002,-0.07628755366783516,0.7123698281086097,1.2510535273948795,-0.5973556541215028,2.6245713785372327
1221,1,0,0,0.6923693077521309,-0.591177629254842,1.2110486821660584,0.5843666730848064,-1.9348512993813625,0.04698677165850189,-0.9645016081031751,0.8152467203118278,0.1729157055128655,0.22396871577789748,-1.1881406061069686
1222,0,0,0,0.4146668471094497,-0.591177629254842,-1.4248847793125525,-0.015425318702129613,-1.2740875974358215,0.1957016271888947,-0.030990606324126355,-0.3678375400251797,1.9698120753162223,2.277279640526398,1.099486584679552
1223,0,1,0,-1.327284951467369,2.0513872240888005,0.9472708760138955,-0.4152866465600869,-0.6388132964555382,1.0384191418611206,1.3535204363988098,-0.6764682166348338,-0.9411600437652156,-0.18669346917180268,1.099486584679552
1224,1,0,0,-0.4941775695393253,-0.591177629254842,0.8827098745081212,0.2344880112090937,0.22194416690972193,0.9888475233509896,1.1211274022006497,0.6609313820070007,0.6041708342656715,-0.5973556541215028,-1.1881406061069686
1225,0,0,0,0.995317446635056,-0.591177629254842,-0.3125909533702135,-0.11539065066661894,0.11802583989751492,0.4435597197395494,-1.1752308848760833,-1.7566755847686233,-0.7255324793888128,-1.0080178390712031,-0.42559820917812835
1226,0,1,0,0.16221006470701219,2.198196382607892,0.7351418710663515,-0.4152866465600869,-0.38588000995412913,-1.3410185466251643,-1.9137680698278627,-0.47071443222839776,0.28072948770106715,-1.4186800240209032,0.3369441877507119
1227,0,0,0,-1.1253195255454191,-0.591177629254842,-0.7811193642978324,0.5343840071025617,-0.6721455900254911,0.9392759048408587,-0.3736718601417516,-1.448044908158969,1.466681091771283,-0.18669346917180268,-0.42559820917812835
1228,0,0,0,1.4749853331996872,-0.591177629254842,-1.694196385593782,0.13452267924460437,1.5297465087425883,-0.15129970238202184,-0.6040954618467071,-0.3678375400251797,0.10103985072073149,2.277279640526398,-0.42559820917812835
1229,0,0,0,0.03598167350579344,-0.591177629254842,1.6888000933087886,-1.015078638347023,-0.5525414778038947,1.6332785639826917,-0.6316675167515736,0.24942381319412854,0.02916399592859748,0.22396871577789748,-0.42559820917812835
1230,0,0,0,0.13696438646676845,-0.591177629254842,-2.3490294008666353,0.2844706771913384,0.39056635791066113,0.6418461937800731,-1.7522746053850735,-0.26496064782196166,0.42448119728533584,-1.0080178390712031,0.3369441877507119
1231,0,0,1,3.1412000970557745,-0.591177629254842,-0.2609421521655939,0.2844706771913384,1.4415139669397712,0.4435597197395494,0.17186094047596262,-0.3678375400251797,-0.5458428424084772,-0.5973556541215028,-1.1881406061069686
1232,0,0,0,-0.36794917833810653,-0.591177629254842,0.7056282703779977,-0.36530398057784225,0.2846873077472805,-0.25044293940228374,0.5401448167052497,-1.5509218003621872,0.38854326988926885,1.0452930856772977,-1.1881406061069686
1233,0,0,0,1.7274421156021247,-0.591177629254842,1.035811678078957,-1.0650613043292676,-1.2407553038658679,-0.746159124503593,0.38652908223528,-0.1620837556187436,1.1073018178106115,2.277279640526398,-0.42559820917812835
1234,0,1,0,0.5408952383106684,1.0237231144551617,0.4602964646560554,-0.4152866465600869,-1.1878157787841779,1.0384191418611206,0.07338931581572536,0.1465469209909105,-0.5817807698045442,0.22396871577789748,0.3369441877507119
1235,0,1,0,-1.226302238506394,1.757768907050618,-0.9120859673524029,-1.6148706301339588,0.9219223318787373,-1.1427320725846406,1.73559034008053,-0.6764682166348338,1.1791776726027456,0.22396871577789748,0.3369441877507119
1236,0,1,0,-0.5446689260198128,1.9045780655697093,-1.3990603787102427,-0.015425318702129613,0.708203508400803,-1.0931604540745097,1.0896164823093744,0.09510847488930148,1.6463707287516185,-0.18669346917180268,0.3369441877507119
1237,0,0,0,0.8690890554338372,-0.591177629254842,1.1132848798858863,-0.4652693125423316,-0.4525445970940355,0.1957016271888947,0.31366007998670403,0.9181236125150458,-1.5521048094983565,-0.5973556541215028,0.3369441877507119
1238,0,0,0,-1.6049874121100502,-0.591177629254842,0.21312005889109104,-1.5648879641517142,-1.3917309865062442,0.6418461937800731,0.12262512814584399,0.8666851664134367,0.9635501082263429,-1.4186800240209032,-1.1881406061069686
1239,0,1,0,1.5254766896801746,2.271600961867437,0.7185404706791524,-1.2150093022760016,-1.7152503064499065,-0.30001455791241466,0.07535874830893,1.0724389508198728,-1.048973825953417,-0.18669346917180268,-0.42559820917812835
1240,0,0,0,0.5661409165509121,-0.591177629254842,-0.9379103679547127,1.2841239968362317,-1.6191748720423949,-0.30001455791241466,-0.056593228735787704,1.638261857937572,0.20885363290893316,0.22396871577789748,-1.1881406061069686
1241,0,1,0,-0.519423247779569,2.198196382607892,1.0524130784661563,-1.5648879641517142,-0.0525570742545979,-1.588876639175819,0.1620137780099389,0.09510847488930148,-0.25833942323993986,2.277279640526398,0.3369441877507119
1242,0,0,0,-0.16598375241615657,-0.591177629254842,-1.7273991863681804,0.634349339067051,0.5199740858881261,-0.4487294134428074,1.5425859557464658,0.5066160437021736,1.9338741479201553,4.741252750224599,-1.1881406061069686
1243,0,1,0,0.11171870822652469,1.39074601075289,-0.7073353625769475,-0.21535598263110828,-0.6368525733043646,-0.30001455791241466,1.440175466099818,0.04367002878769246,0.42448119728533584,-1.0080178390712031,-0.42559820917812835
1244,0,1,0,-0.6961429954612753,1.6843643277910723,0.27399186031082123,0.18450534522684905,-0.4741125517569462,-0.7957307430137239,0.5677168716101163,0.5066160437021736,0.46041912468140284,-0.5973556541215028,-1.1881406061069686
1245,0,0,0,0.2884384559082309,-0.591177629254842,-0.22036095121910743,-0.015425318702129613,-0.8956680292592946,-0.4983010319529384,1.5780357406241503,0.3523007053973466,2.544818913653297,-0.5973556541215028,0.3369441877507119
1246,0,0,0,1.9798988980045622,-0.591177629254842,1.0136764775626919,1.683985324694189,-0.7054778835954446,-0.30001455791241466,-0.19445350326011987,-1.448044908158969,-1.4802289547062226,-0.18669346917180268,-0.42559820917812835
1247,0,0,0,-1.1000738473051752,-0.591177629254842,-0.4675373569840718,-1.1150439703115123,-0.06824285946398782,-0.746159124503593,1.028564075020027,-0.1620837556187436,-0.04271185886353718,1.8666174555766981,-0.42559820917812835
1248,0,1,0,0.6671236295118872,0.4364864803787967,-0.6704433617165051,-0.06540798468437428,-0.5937166639785426,-0.4487294134428074,0.40031510968771294,-1.190852677650924,0.49635705207746983,-1.4186800240209032,-0.42559820917812835
1249,1,1,0,0.5408952383106684,2.345005541126983,0.679803869775688,-1.015078638347023,0.9709404106580801,-0.4983010319529384,-0.30277229038638087,-0.05920686341552558,0.8916742534342083,-0.18669346917180268,-0.42559820917812835
1250,0,1,0,-1.7059701250710253,1.9779826448292548,-0.3255031536713681,-0.7651653084357996,-0.9603718932480273,-0.8948739800339859,-0.20233123323293897,1.586823411835963,-0.6177186972006112,-1.0080178390712031,-0.42559820917812835
1251,0,0,0,-0.16598375241615657,-0.591177629254842,-1.1223703722569245,-0.5152519785245763,0.09645788523460418,-2.134164442787259,-0.5725845419554313,-0.007768417313916559,0.06510192332466448,0.6346309007275976,1.099486584679552
1252,0,0,0,-0.01450968297469406,-0.591177629254842,-0.008231946271563496,1.1341759988894977,-0.07020358261516144,1.5837069454725607,-0.2870168304407432,0.8152467203118278,-0.006773931467470169,2.277279640526398,-0.42559820917812835
1253,0,0,0,0.13696438646676845,-0.591177629254842,-0.5837471596944651,-0.1653733166488636,0.17880825758390045,-0.052156465361759975,-0.7714972237691105,-1.036537339346097,-0.5099049150124095,0.22396871577789748,0.3369441877507119
1254,0,1,0,1.197282872557006,2.198196382607892,0.5469926666780949,0.484401341120317,-1.638782103554132,-1.3410185466251643,-1.8054492827016018,0.24942381319412854,2.2573154944847595,-0.18669346917180268,0.3369441877507119
1255,0,1,0,0.4904038818301809,1.537555169271981,1.1944472817788598,1.9838813205876569,2.3944254184101963,-0.5478726504630693,-0.6789338965884871,-0.8822220010412699,0.1369777781167985,0.6346309007275976,-1.1881406061069686
1256,0,1,0,-0.2417207871368878,1.9045780655697093,-0.07832674790640379,-0.21535598263110828,1.2179915277059683,1.0879907603712515,-1.1299339375323738,-1.2422911237525331,-1.6599185916865582,2.6879418254760985,-0.42559820917812835
1257,0,0,0,-0.36794917833810653,-0.591177629254842,-0.53578755857589,-0.4152866465600869,-1.5662353469607044,-0.25044293940228374,1.3771536263172666,-0.21352220172035263,-0.43802906022027555,-1.0080178390712031,-0.42559820917812835
1258,0,1,0,-0.5699146042600566,1.2439368522337986,0.3293298616014849,-1.3649573002227355,1.8728730601979882,0.6418461937800731,0.20534129286044306,-1.3966064620573602,1.071363890414544,-1.0080178390712031,-1.1881406061069686
1259,0,0,0,-0.16598375241615657,-0.591177629254842,-0.29598955298301427,1.7839506566586782,-1.1074261295860557,0.5427029567598112,1.0265946425268222,-0.9336604471428789,0.8557363260381412,0.22396871577789748,-0.42559820917812835
1260,0,0,1,-0.3931948565783503,-0.591177629254842,1.0579468785952229,-0.36530398057784225,-0.048635627952250696,0.6418461937800731,2.1235685412418657,-1.139414231549315,0.42448119728533584,1.0452930856772977,0.3369441877507119
1261,0,0,0,-0.2922121436173753,-0.591177629254842,-1.7938047879169767,-1.165026636293757,-0.6466561890602331,-0.9940172170542477,-0.1294622309843636,-1.5509218003621872,-1.0849117533494839,-0.18669346917180268,-0.42559820917812835
1262,0,0,0,0.6923693077521309,-0.591177629254842,0.6724254696035993,0.5343840071025617,-0.9113538144686845,0.740989430800335,0.5066644643207693,-1.345168015955751,0.8916742534342083,-0.18669346917180268,-0.42559820917812835
1263,1,0,0,0.3641754906289622,-0.591177629254842,0.0083694541156357,0.934245334960519,-0.02706767328933941,1.2862772344117752,0.31169064749349945,-1.5509218003621872,0.7838604712460072,-0.5973556541215028,-0.42559820917812835
1264,0,0,0,-0.620405960740544,-0.591177629254842,-0.6612203615013945,-2.2646452879031393,-0.530973523140984,0.3939881012294184,0.7449657959985434,-0.26496064782196166,-1.5880427368944239,0.6346309007275976,-0.42559820917812835
1265,0,1,0,-0.6456516389807878,2.271600961867437,0.34408666194566156,0.33445334317358305,1.5728824180684098,1.5837069454725607,-1.4115627840606526,-1.3966064620573602,0.38854326988926885,1.0452930856772977,-0.42559820917812835
1266,0,1,0,-0.4689318912990815,1.537555169271981,-0.2904557528539477,-1.165026636293757,-1.2799697668893422,0.5922745752699422,-2.4021873281426394,-0.26496064782196166,-0.5099049150124095,-1.0080178390712031,0.3369441877507119
1267,0,0,0,-0.3427035000978628,-0.591177629254842,0.18360645820273722,0.634349339067051,0.09253643893225698,-0.0025848468516290433,0.4022845421809176,-0.3678375400251797,1.1432397452066785,-0.5973556541215028,-0.42559820917812835
1268,0,1,0,0.3641754906289622,1.3173414314933443,-0.4490913565538506,0.484401341120317,0.6023244582374224,1.6332785639826917,1.1880881069696116,-0.007768417313916559,-2.0552357930432965,-0.18669346917180268,-1.1881406061069686
1269,1,0,1,-0.03975536121493781,-0.591177629254842,1.1575552809184173,0.08454001326235971,2.9551922396458776,0.09655839016863282,-0.751802898837063,-0.3678375400251797,0.38854326988926885,-0.5973556541215028,-1.1881406061069686
1270,1,1,0,0.5156495600704247,2.6386238581651655,1.3752180859950274,1.3341066628184763,-0.3917621794076505,0.3939881012294184,-0.09992074358629244,1.483946519632745,-0.5458428424084772,-0.18669346917180268,1.099486584679552
1271,0,1,0,-1.1758108820259066,1.8311734863101636,-1.2459585751394067,-0.5152519785245763,0.15331885661864197,0.5922745752699422,-1.00389025796727,-0.8822220010412699,0.38854326988926885,-0.18669346917180268,0.3369441877507119
1272,0,0,0,-0.1407380741759128,-0.591177629254842,0.34777586203170613,0.634349339067051,0.700360615796108,2.178566367594132,2.4485249026206484,-0.05920686341552558,-0.04271185886353718,-0.5973556541215028,-1.1881406061069686
1273,0,1,0,1.5759680461606622,1.2439368522337986,0.7388310711523955,-0.06540798468437428,0.2003762122468112,-0.052156465361759975,0.8158653657539141,-0.6250297705332248,1.2869914547909471,1.455955270626998,0.3369441877507119
1274,0,0,0,-1.1000738473051752,-0.591177629254842,-0.183468950358665,-0.21535598263110828,0.6768319379820231,0.5922745752699422,1.65681304035234,-0.8822220010412699,0.3526053424932012,-0.18669346917180268,-1.1881406061069686
1275,1,0,0,0.08647302998628094,-0.591177629254842,-0.35317215431669996,-1.3649573002227355,1.837580043476861,0.14613000867876375,2.074332728911747,-0.5221528783300068,0.8557363260381412,0.22396871577789748,1.8620289816083926
1276,0,1,0,-0.4436862130588378,0.8769139559360705,-1.5595405824531674,-0.5652346445068209,-0.6329311270020168,-0.3991577949326765,-0.013265713885283536,-1.087975785447706,0.3526053424932012,-1.0080178390712031,-1.1881406061069686
1277,0,0,0,1.0205631248752998,-0.591177629254842,-0.35870595444576653,-0.6651999764713102,1.10819103124024,0.9888475233509896,1.3535204363988098,0.3523007053973466,-1.1567876081416182,-1.4186800240209032,0.3369441877507119
1278,0,0,0,-0.1407380741759128,-0.591177629254842,0.2776810603968653,0.6843320050492957,0.639578198109723,0.29484486420915657,-0.548951352036974,-0.41927598612678874,-2.3068012848157666,-1.0080178390712031,1.099486584679552
1279,0,0,1,2.106127289205781,-0.591177629254842,1.048723878380112,-1.3649573002227355,1.7081723154993966,0.9888475233509896,-0.18263690830089152,-0.3163990939235707,1.2869914547909471,-0.18669346917180268,-0.42559820917812835
1280,0,0,0,-0.6708973172210315,-0.591177629254842,-0.41404395573643016,-0.26533864861335293,0.2533157373285012,-3.175168431500009,1.5583414156921027,-1.190852677650924,-0.9411600437652156,-0.5973556541215028,0.3369441877507119
1281,0,0,0,-0.8476170649027378,-0.591177629254842,0.004680254029591668,1.234141330853987,-0.5290127999898104,-0.6965875059934621,1.4086645462085428,-0.1620837556187436,0.24479156030500016,-0.18669346917180268,-1.1881406061069686
1282,1,0,0,0.08647302998628094,-0.591177629254842,-0.5782133595653991,0.3844360091558277,-0.7525352392236132,0.6418461937800731,1.1427911596259022,0.1465469209909105,0.28072948770106715,-0.18669346917180268,-1.1881406061069686
1283,0,0,1,1.2225285507972496,-0.591177629254842,-1.113147372041814,-0.6152173104890656,-0.6250882343973219,0.4931313382496803,0.0674810183361109,0.9695620586166548,0.7119846164538726,0.6346309007275976,1.8620289816083926
1284,0,1,0,1.3487569419984684,1.9779826448292548,0.8199934730453691,0.08454001326235971,-0.16039684756915212,-0.052156465361759975,-0.751802898837063,-0.007768417313916559,-0.22240149584387287,-1.0080178390712031,-1.1881406061069686
1285,0,1,0,0.9448260901545684,0.950318535195616,-2.952213614934869,2.4337253144278588,-1.1623263778189195,0.4435597197395494,-0.4248771049650754,0.5580544898037827,-0.8333462615770139,-1.4186800240209032,-1.1881406061069686
1286,0,0,0,0.4146668471094497,-0.591177629254842,0.09691025618069772,-0.8651306404002889,0.9493724559951694,0.04698677165850189,-1.3426326467984866,0.6609313820070007,-0.22240149584387287,1.455955270626998,-0.42559820917812835
1287,0,0,0,0.7428606642326184,-0.591177629254842,-0.05988074747618258,1.9838813205876569,0.016068236036482057,0.1957016271888947,-0.7754360887555197,1.175315843023091,0.38854326988926885,0.22396871577789748,-0.42559820917812835
1288,0,0,0,-0.6961429954612753,-0.591177629254842,1.1464876806602842,0.7343146710315404,-0.6211667880949747,1.6332785639826917,-0.6198509217923447,1.123877396921482,0.3166674150971342,-1.0080178390712031,0.3369441877507119
1289,0,1,0,-0.01450968297469406,2.198196382607892,0.8329056733465237,1.0342106669250084,1.8395407666280352,1.5341353269624298,1.7474069350397587,-2.0138678152766682,-0.1505256410517382,0.6346309007275976,-1.1881406061069686
1290,0,0,0,1.2225285507972496,-0.591177629254842,0.511945265860675,0.7343146710315404,-0.03491056589403437,-0.8948739800339859,-1.7168248205073882,-0.8822220010412699,-0.5817807698045442,-0.18669346917180268,-0.42559820917812835
1291,0,0,0,-1.8069528380320004,-0.591177629254842,0.3182622613433523,-0.9650959723647783,-0.6309704038508432,0.4931313382496803,-1.3524798092645103,-0.1106453095171346,0.8916742534342083,1.0452930856772977,0.3369441877507119
1292,0,0,0,0.7681063424728621,-0.591177629254842,-1.26624917561265,-1.3149746342404909,-1.658389335065869,-0.4983010319529384,-0.21217839569896269,0.7123698281086097,2.00575000271229,1.8666174555766981,-0.42559820917812835
1293,0,0,0,1.3235112637582247,-0.591177629254842,-1.0522755706220839,2.23379465049888,1.433671074335077,0.14613000867876375,-0.06840982369501607,-1.499483354260578,-0.7974083341809469,-0.5973556541215028,0.3369441877507119
1294,0,0,0,-0.41844053481859406,-0.591177629254842,0.8734868742930106,2.1838119845166357,0.027832574943524223,1.0879907603712515,-1.3997461891014242,1.0724389508198728,1.071363890414544,0.22396871577789748,0.3369441877507119
1295,0,0,0,0.8185976989533497,-0.591177629254842,0.1374914571271842,-1.7648186280806928,-1.152522762063051,1.385420471432037,0.7272409035597005,0.4037391514989556,-0.07864978625960418,1.455955270626998,0.3369441877507119
1296,0,0,0,-0.3427035000978628,-0.591177629254842,0.46583026478512196,0.03455734728011505,-0.7682210244330032,-0.9940172170542477,1.6627213378319545,-0.5735913244316158,-0.25833942323993986,-0.5973556541215028,-1.1881406061069686
1297,0,0,0,-0.721388673701519,-0.591177629254842,-0.2517191519504833,0.6843320050492957,0.700360615796108,-0.15129970238202184,0.17383037296916726,1.0210005047182638,0.6401087616617385,0.22396871577789748,0.3369441877507119
1298,0,1,0,-0.8981084213832253,1.537555169271981,-0.39559795530620895,0.18450534522684905,2.3924646952590223,-0.9444455985441168,0.17186094047596262,-0.21352220172035263,-0.47396698761634254,0.6346309007275976,-0.42559820917812835
1299,0,0,0,-0.6708973172210315,-0.591177629254842,0.8421286735616342,-0.36530398057784225,0.29253020035197547,0.9888475233509896,0.7981404733150719,-0.26496064782196166,-0.40209113282420855,-1.0080178390712031,0.3369441877507119
1300,0,0,1,0.3894211688692059,-0.591177629254842,-0.37161815474692117,-1.0650613043292676,-0.40548724146586623,-0.5974442689732002,-0.6592395716564396,-1.499483354260578,-0.18646356844780584,-1.0080178390712031,3.387113775466073
1301,0,0,0,-0.822371386662494,-0.591177629254842,-0.12628634902497934,-0.26533864861335293,-1.1976193945400464,-0.4983010319529384,-0.5312264595981312,-0.05920686341552558,0.5322949794735369,-1.4186800240209032,0.3369441877507119
1302,0,0,0,-0.822371386662494,-0.591177629254842,0.7978582725291038,-0.06540798468437428,-0.4780339980592934,-0.746159124503593,0.014306341019583009,0.5580544898037827,0.28072948770106715,-0.5973556541215028,1.099486584679552
1303,1,0,0,-1.1758108820259066,-0.591177629254842,0.637378068786179,-1.165026636293757,0.7905538807500987,-0.30001455791241466,-0.24368931559023851,-1.293729569854142,-0.04271185886353718,-0.5973556541215028,-0.42559820917812835
1304,0,0,0,0.16221006470701219,-0.591177629254842,-0.84014656567454,0.18450534522684905,-0.5035233990245519,-0.30001455791241466,2.1629571911059604,-1.087975785447706,-1.048973825953417,-0.5973556541215028,1.099486584679552
1305,0,0,1,1.8284248285630997,-0.591177629254842,2.0706323022143676,2.133829318534391,0.2768444151425861,1.6828501824928228,-0.9861653655284278,0.9695620586166548,-0.11458771365567119,-1.0080178390712031,-1.1881406061069686
1306,0,0,0,0.23794709942774345,-0.591177629254842,0.7960136724860812,-0.3153213145955976,-1.850540203880893,-0.10172808387189092,0.26639370014979064,-1.139414231549315,1.1791776726027456,-0.18669346917180268,-0.42559820917812835
1307,0,0,0,0.03598167350579344,-0.591177629254842,-0.09308354825058096,-1.0650613043292676,0.7180071241566716,1.7819934195130847,1.3613981663716284,0.5066160437021736,-0.6177186972006112,0.22396871577789748,-1.1881406061069686
1308,0,1,0,-0.2417207871368878,1.6843643277910723,1.7238474941262085,-1.1150439703115123,0.3003730929566705,-0.10172808387189092,-1.901951474868634,0.7123698281086097,-0.22240149584387287,-1.0080178390712031,-0.42559820917812835
1309,1,0,1,-0.923354099623469,-0.591177629254842,0.8439732736046568,1.683985324694189,-1.8034828482527236,-0.6470158874833312,-1.214619534740178,1.638261857937572,2.544818913653297,1.8666174555766981,-0.42559820917812835
1310,0,1,0,1.9041618632838309,1.0971276937147072,1.9119966985144645,1.4840546607652103,-0.7368494540142239,-1.2914469281150334,-0.4642657548291703,0.19798536709251952,-1.0849117533494839,0.6346309007275976,-0.42559820917812835
1311,0,1,0,-0.41844053481859406,0.28967732185970546,-1.6573043847333397,-0.6651999764713102,-1.207423010295915,-1.3410185466251643,-0.6986282215205345,0.7123698281086097,0.1729157055128655,-1.0080178390712031,-0.42559820917812835
1312,0,0,0,0.9448260901545684,-0.591177629254842,-0.9674239686430666,0.08454001326235971,0.9317259476346058,0.29484486420915657,0.12656399313225325,-1.293729569854142,-1.875546156062961,-0.5973556541215028,1.099486584679552
1313,0,1,0,0.010735995265549692,1.4641505900124354,-1.358479177763756,1.5840199927296996,0.6180102434468118,0.3444164827192875,1.5760663081309463,1.0210005047182638,0.1729157055128655,0.22396871577789748,-0.42559820917812835
1314,0,0,0,0.8943347336740809,-0.591177629254842,-0.6870447621037038,-1.0650613043292676,-0.8270427189682146,0.6418461937800731,-0.4682046198155796,-1.293729569854142,-1.5161668821022896,2.6879418254760985,0.3369441877507119
1315,0,0,0,0.2631927776679872,-0.591177629254842,0.2168092589771356,-1.015078638347023,-1.2093837334470887,-0.30001455791241466,0.880856638029671,0.3523007053973466,-1.372415172518021,-0.5973556541215028,0.3369441877507119
1316,0,1,0,0.793352020713106,2.0513872240888005,0.41233686353748034,-0.36530398057784225,-0.8603750125381675,-1.2418753096049024,-1.3780824316761717,-0.41927598612678874,1.2510535273948795,0.22396871577789748,-1.1881406061069686
1317,0,0,0,0.6923693077521309,-0.591177629254842,1.2497852830695235,-0.4652693125423316,-0.3427441006283077,-1.9854495872568665,-1.1437199649848073,0.6094929359053917,1.610432801355551,-1.0080178390712031,1.099486584679552
1318,0,1,0,-0.21647510889664406,2.198196382607892,1.155710680875395,-0.21535598263110828,-0.7937104253982616,2.178566367594132,0.17186094047596262,0.4037391514989556,-0.47396698761634254,-1.4186800240209032,-0.42559820917812835
1319,1,0,1,2.43432110632895,-0.591177629254842,-0.9637347685570222,-1.015078638347023,0.43370226723648314,0.740989430800335,-0.5391041895709503,-0.26496064782196166,1.2510535273948795,0.22396871577789748,2.6245713785372327
1320,0,1,0,-0.03975536121493781,1.8311734863101636,-0.008231946271563496,-0.36530398057784225,0.7474179714242772,0.09655839016863282,-0.7005976540137397,-0.21352220172035263,0.1369777781167985,-1.4186800240209032,0.3369441877507119
1321,0,1,0,0.13696438646676845,1.6843643277910723,0.3293298616014849,1.234141330853987,-1.5054529292743193,0.4931313382496803,-1.6872833331093169,0.04367002878769246,0.7479225438499402,-0.18669346917180268,1.099486584679552
1322,0,0,0,-0.5699146042600566,-0.591177629254842,0.25001205975153346,-0.7651653084357996,-0.5505807546527212,0.24527324569902562,-1.4115627840606526,0.9695620586166548,-0.006773931467470169,-1.4186800240209032,-1.1881406061069686
1323,0,0,0,-0.06500103945518156,-0.591177629254842,-0.14473234945520058,-0.06540798468437428,-0.4976412295710305,-0.6470158874833312,-0.2299032881378055,1.5353849657343541,-0.8692841889730812,0.6346309007275976,-0.42559820917812835
1324,0,1,0,-2.109900976914925,1.9779826448292548,0.34962046207472813,1.1341759988894977,1.3807315492533867,-1.2914469281150334,0.16989150798275798,1.5353849657343541,-0.7614704067848799,2.277279640526398,-0.42559820917812835
1325,0,1,0,-1.1253195255454191,1.1705322729742529,-1.0670323709662608,-0.6651999764713102,-0.31725469966304914,-1.1923036910947715,1.286559731629849,-0.1106453095171346,0.8916742534342083,-0.5973556541215028,-0.42559820917812835
1326,0,0,0,-0.41844053481859406,-0.591177629254842,-0.9102413673093809,0.2344880112090937,1.5258250624402412,-1.9854495872568665,2.050699538993289,-1.345168015955751,1.3588673095830812,0.6346309007275976,0.3369441877507119
1327,0,0,0,-0.1407380741759128,-0.591177629254842,0.4400058641828122,-0.21535598263110828,-0.619206064943801,-1.9358779687467356,-0.5568290820097931,0.24942381319412854,1.2510535273948795,-0.5973556541215028,0.3369441877507119
1328,1,0,1,-0.620405960740544,-0.591177629254842,1.1335754803591296,0.9842280009427636,0.6199709665979859,-0.2008713208921528,0.3727430547828464,-1.7052371386670142,-0.11458771365567119,-1.4186800240209032,-0.42559820917812835
1329,0,0,0,-0.1912294306564003,-0.591177629254842,-0.6981123623618369,-0.26533864861335293,0.40821286627122466,-0.0025848468516290433,0.508633896813974,-1.499483354260578,-0.006773931467470169,-0.5973556541215028,-1.1881406061069686
1330,0,0,0,-0.4436862130588378,-0.591177629254842,-0.8253897653303629,-0.21535598263110828,-0.6466561890602331,-1.0931604540745097,-0.7833138187283388,1.175315843023091,-0.9052221163691483,0.22396871577789748,0.3369441877507119
1331,0,0,0,0.5661409165509121,-0.591177629254842,-0.3033679531551029,0.934245334960519,0.9650582412045593,-2.431594153848045,-0.6513618416836211,-1.190852677650924,-0.43802906022027555,2.277279640526398,-0.42559820917812835
1332,0,0,0,-0.923354099623469,-0.591177629254842,-0.6280175607269961,0.784297337013785,0.5533063794580796,0.4931313382496803,1.4204811411677707,-0.47071443222839776,-0.47396698761634254,1.455955270626998,-0.42559820917812835
1333,0,0,1,-0.4689318912990815,-0.591177629254842,2.7715803185627736,-1.3649573002227355,0.15920102607216333,0.9888475233509896,1.2964068940958726,0.09510847488930148,0.1369777781167985,0.6346309007275976,-1.1881406061069686
1334,0,0,0,0.23794709942774345,-0.591177629254842,-0.8788831665780045,-0.36530398057784225,1.4219067354280341,0.29484486420915657,-0.16688144835525331,0.24942381319412854,-1.1208496807455512,-0.18669346917180268,-0.42559820917812835
1335,0,1,0,-1.3525306297076127,1.6109597485315268,0.3145730612573077,-0.36530398057784225,0.8082003891106623,1.9802798935536083,0.48697013938872186,0.9181236125150458,0.9635501082263429,-0.18669346917180268,0.3369441877507119
1336,0,0,0,0.3641754906289622,-0.591177629254842,-1.4728443804311275,0.33445334317358305,-1.0799760054696237,-0.2008713208921528,-1.0216151504061128,-0.05920686341552558,1.3948052369791482,-0.18669346917180268,0.3369441877507119
1337,0,0,0,-0.7971257084222503,-0.591177629254842,-0.6630649615444165,-0.6152173104890656,-1.1446798694583558,-0.6965875059934621,-0.14324825843679662,-0.8822220010412699,0.20885363290893316,0.22396871577789748,1.099486584679552
1338,0,0,0,-0.26696646537713153,-0.591177629254842,-2.6146518070618208,-1.015078638347023,-0.8799822440499045,0.24527324569902562,-0.5174404321456982,0.5580544898037827,1.4307431643752153,0.22396871577789748,1.099486584679552
1339,0,0,0,-0.06500103945518156,-0.591177629254842,-1.9690417920040784,0.33445334317358305,-0.27019734403487994,0.14613000867876375,-0.5115321346660837,0.5066160437021736,0.10103985072073149,-0.18669346917180268,1.099486584679552
1340,0,1,0,-0.26696646537713153,2.271600961867437,-1.5632297825392116,-0.5652346445068209,0.37095912639892403,-0.4487294134428074,-0.07628755366783516,-1.8081140308702324,0.42448119728533584,0.22396871577789748,-0.42559820917812835
1341,0,1,0,1.8536705068033434,0.5098910596383424,0.7794122720988825,2.133829318534391,0.2042976585491584,0.740989430800335,0.4042539746741228,0.45517759760056464,0.7838604712460072,1.8666174555766981,-0.42559820917812835
1342,0,0,1,-0.5446689260198128,-0.591177629254842,1.6371512921041689,0.6843320050492957,-0.28784385239544347,0.5427029567598112,1.247171081765754,-0.6250297705332248,-1.4083530999140883,1.0452930856772977,-0.42559820917812835
1343,0,0,1,-0.03975536121493781,-0.591177629254842,-1.1813975736336324,-1.2649919682582462,0.3513518948871869,0.5427029567598112,1.0561361299248933,-0.1106453095171346,0.46041912468140284,1.0452930856772977,4.149656172394914
1344,0,0,0,0.33892981238871844,-0.591177629254842,0.4160260636235244,-0.015425318702129613,-0.08785009097572496,0.09655839016863282,1.7828567199174445,1.0210005047182638,1.1073018178106115,0.22396871577789748,0.3369441877507119
1345,0,0,0,1.0205631248752998,-0.591177629254842,0.6650470694315107,0.634349339067051,0.008225343431787092,-0.9444455985441168,-0.9349601207051039,0.3523007053973466,0.7838604712460072,0.6346309007275976,-0.42559820917812835
1346,0,0,0,0.793352020713106,-0.591177629254842,-0.17793515022959844,0.33445334317358305,0.18076898073507405,1.0384191418611206,0.09505307324097745,-1.087975785447706,0.46041912468140284,-1.0080178390712031,-0.42559820917812835
1347,0,0,0,0.8185976989533497,-0.591177629254842,0.40864766345143577,-0.7651653084357996,-0.6035202797344111,0.7905610493104659,1.6745379327911833,-1.036537339346097,-1.5161668821022896,-0.18669346917180268,-1.1881406061069686
1348,0,0,0,0.8185976989533497,-0.591177629254842,0.7665000717977274,1.6340026587119443,-0.7839068096423931,1.9802798935536083,-0.7774055212487243,-0.8307835549396608,-0.6536566245966782,-0.5973556541215028,1.8620289816083926
1349,0,1,0,-0.1912294306564003,1.757768907050618,0.7222296707651964,0.8342800029960297,-1.6701536739729113,-1.9358779687467356,-0.1688508808484585,-0.7793451088380519,-0.29427735063600685,0.22396871577789748,0.3369441877507119
1350,0,0,1,0.995317446635056,-0.591177629254842,-1.0928567715685706,0.3844360091558277,0.7885931575989251,-0.7957307430137239,0.29790462004106644,-1.345168015955751,-0.9052221163691483,-0.5973556541215028,1.8620289816083926
1351,0,0,1,1.0963001595960309,-0.591177629254842,1.825300496492425,-0.26533864861335293,0.794475327052446,-0.4983010319529384,-1.600628303408308,-0.5221528783300068,0.49635705207746983,0.22396871577789748,-0.42559820917812835
1352,0,1,0,-1.9331812292332191,1.537555169271981,1.0468792783370902,0.2344880112090937,-0.18392552538323645,0.691417812290204,-1.423379379019881,0.24942381319412854,-1.0849117533494839,-1.0080178390712031,1.099486584679552
1353,0,0,0,-1.1758108820259066,-0.591177629254842,1.7386042944703857,0.634349339067051,-1.5799604090189205,2.773425789715703,1.3062540565618963,0.8666851664134367,0.5322949794735369,-0.5973556541215028,-0.42559820917812835
1354,0,0,1,-1.2767935949868816,-0.591177629254842,-0.8936399669221816,1.4340719947829657,-0.7780246401888717,-0.30001455791241466,0.11080853318661564,-0.6250297705332248,-1.6599185916865582,1.8666174555766981,2.6245713785372327
1355,0,1,0,-0.21647510889664406,1.0971276937147072,-0.22405015130515146,-0.8651306404002889,1.1454447711125413,1.434992089942168,-1.6715278731636787,0.5066160437021736,0.3526053424932012,-0.5973556541215028,1.8620289816083926
1356,0,0,0,-0.11549239593566905,-0.591177629254842,0.33486366173055093,-1.6148706301339588,0.98662619586747,-2.3324509168277827,-0.3953356175670042,-1.7052371386670142,0.10103985072073149,-0.5973556541215028,1.099486584679552
1357,0,0,0,0.03598167350579344,-0.591177629254842,-0.09308354825058096,-1.3649573002227355,0.2650800762355434,0.691417812290204,-0.7202919789457872,0.8152467203118278,0.02916399592859748,0.22396871577789748,1.8620289816083926
1358,0,0,0,-0.03975536121493781,-0.591177629254842,0.3772894627200599,-1.7148359620984481,-1.8093650177062448,0.1957016271888947,0.638616441365487,-0.9336604471428789,0.42448119728533584,-1.0080178390712031,1.099486584679552
1359,0,1,0,-1.630233090350294,1.2439368522337986,-0.49336175758638107,0.484401341120317,0.8356505132270944,-1.6384482576859498,-1.0610038002702078,-1.345168015955751,-0.40209113282420855,-1.0080178390712031,-0.42559820917812835
1360,0,0,0,-0.7718800301820066,-0.591177629254842,-0.9157751674384469,0.08454001326235971,0.16704391867685775,1.6332785639826917,0.5933194940217782,-0.3678375400251797,1.466681091771283,-0.5973556541215028,-0.42559820917812835
1361,1,0,1,0.21270142118749968,-0.591177629254842,1.6389958921471903,-0.7651653084357996,-0.9721362321550694,1.5341353269624298,1.9029921020029332,-0.8307835549396608,-0.18646356844780584,1.455955270626998,0.3369441877507119
1362,0,0,0,-0.01450968297469406,-0.591177629254842,0.165160457772516,2.583673312374593,-1.0172328646320645,0.740989430800335,-0.4229076724718702,-0.6250297705332248,1.7901224383358867,0.22396871577789748,0.3369441877507119
1363,0,0,0,-0.519423247779569,-0.591177629254842,-0.5486997588770447,1.1341759988894977,1.4924927688702883,-1.2418753096049024,0.7902627433422528,-1.293729569854142,0.24479156030500016,1.0452930856772977,0.3369441877507119
1364,0,0,0,-0.01450968297469406,-0.591177629254842,-1.174019173461544,-0.6651999764713102,-1.7427004305663387,-2.18373606129739,-0.6119731918195261,-1.190852677650924,-1.1208496807455512,-0.18669346917180268,-0.42559820917812835
1365,0,0,0,-1.2767935949868816,-0.591177629254842,-0.882572366664049,0.3844360091558277,0.3199803244684076,0.14613000867876375,-0.10189017607949707,1.329631181327918,0.28072948770106715,0.22396871577789748,-0.42559820917812835
1366,0,0,0,0.11171870822652469,-0.591177629254842,-1.4414861796997513,-2.614523949778852,-0.8054747643053038,0.9392759048408587,1.140821727132697,-2.4253753840895405,0.7119846164538726,-1.0080178390712031,-0.42559820917812835
1367,0,1,0,0.3136841341484747,1.0971276937147072,-0.5634565592212218,0.18450534522684905,0.6983998926449344,-1.6384482576859498,0.010367476033173742,-1.2422911237525331,-0.25833942323993986,0.22396871577789748,1.8620289816083926
1368,0,1,0,0.2631927776679872,2.0513872240888005,-1.526337781678769,1.1341759988894977,-0.5799916019203268,0.24527324569902562,-0.6946893565341252,-0.7793451088380519,1.1432397452066785,-0.18669346917180268,0.3369441877507119
1369,0,0,0,1.5254766896801746,-0.591177629254842,-1.328965577075402,1.0342106669250084,1.1023088617867187,-2.6794522463986996,0.9044898279481276,1.586823411835963,0.8557363260381412,-0.5973556541215028,0.3369441877507119
1370,0,0,1,-0.7718800301820066,-0.591177629254842,0.9823182768313159,-0.26533864861335293,2.023848742838364,0.5427029567598112,1.0699221573773263,0.19798536709251952,0.9635501082263429,1.0452930856772977,-1.1881406061069686
1371,0,1,0,-0.0902467176954253,2.56521927890562,-1.0780999712243937,0.2344880112090937,1.17681634153132,0.740989430800335,0.41607056963335115,-0.007768417313916559,-0.6895945519927452,0.22396871577789748,1.099486584679552
1372,0,0,0,0.7428606642326184,-0.591177629254842,-1.0190727698476858,-1.5149052981694695,1.3826922724045598,-0.052156465361759975,0.7528435259713625,-0.8822220010412699,-2.414615067003968,0.6346309007275976,-1.1881406061069686
1373,0,0,0,-0.21647510889664406,-0.591177629254842,-0.4029763554782975,0.03455734728011505,1.9297340315820264,-0.0025848468516290433,0.3077517825070902,-0.05920686341552558,1.2869914547909471,-0.5973556541215028,-0.42559820917812835
1374,0,0,0,0.4651582035899372,-0.591177629254842,-1.0190727698476858,-1.6148706301339588,0.13567234825807845,-0.5974442689732002,-0.8640605509497332,-0.3678375400251797,1.6463707287516185,-1.4186800240209032,-1.1881406061069686
1375,0,0,1,0.3641754906289622,-0.591177629254842,1.9710238998911722,1.234141330853987,0.10822222414164635,-1.2914469281150334,-0.19445350326011987,2.1012078728520533,-1.1927255355376853,0.6346309007275976,-0.42559820917812835
1376,0,1,0,0.6671236295118872,1.2439368522337986,-0.12075254889591279,-0.4652693125423316,0.8944722077623057,-1.7871631132163426,1.9443501843602333,-0.05920686341552558,-1.9474220108550953,-0.5973556541215028,-1.1881406061069686
1377,0,1,0,1.3235112637582247,1.6843643277910723,0.7185404706791524,1.4840546607652103,-1.2936948289475585,0.14613000867876375,-1.6222920608335603,0.24942381319412854,-0.29427735063600685,0.6346309007275976,-1.1881406061069686
1378,0,0,0,-0.5446689260198128,-0.591177629254842,-2.5390232052979136,1.1841586648717424,0.21214055115385336,-0.25044293940228374,0.7213326060800866,-2.3224984918863223,0.42448119728533584,0.22396871577789748,-0.42559820917812835
1379,0,0,0,-1.6554787685905377,-0.591177629254842,1.4988062888775098,-0.6651999764713102,1.1356411553566728,-1.0931604540745097,-1.3780824316761717,1.175315843023091,-1.5880427368944239,-1.0080178390712031,-0.42559820917812835
1380,0,0,0,-0.822371386662494,-0.591177629254842,0.8697976742069661,-0.3153213145955976,-0.6231275112461483,1.434992089942168,-0.24762818057664832,0.8666851664134367,-0.006773931467470169,-1.4186800240209032,-1.1881406061069686
1381,0,0,1,-1.024336812584444,-0.591177629254842,-0.004542746185518938,2.3337599824633695,0.1709653649792055,-0.5478726504630693,0.9241841528801751,-0.1106453095171346,1.1791776726027456,0.6346309007275976,-0.42559820917812835
1382,0,1,0,-0.7466343519417628,1.0971276937147072,-0.07094834773431571,-0.9151133063825336,1.1513269405660616,1.7819934195130847,1.3220095165075334,2.7699076721729705,1.3948052369791482,1.0452930856772977,-0.42559820917812835
1383,0,0,0,0.591386594791156,-0.591177629254842,-0.4085101556073636,0.33445334317358305,-0.6348918501531905,0.5922745752699422,-0.24565874808344312,0.09510847488930148,-0.5099049150124095,-0.5973556541215028,1.099486584679552
1384,0,0,1,-1.9584269074734628,-0.591177629254842,-1.2256679746661634,-1.3149746342404909,-0.6152846186414533,-0.25044293940228374,1.2136907293812724,1.329631181327918,-1.1927255355376853,-1.0080178390712031,-0.42559820917812835
1385,0,0,0,3.1412000970557745,-0.591177629254842,0.05817365527723276,2.0838466525521464,0.9081972698205215,-1.8367347317264735,0.32941553993234224,0.1465469209909105,-0.5099049150124095,-1.0080178390712031,-0.42559820917812835
1386,1,0,1,2.0303902544850496,-0.591177629254842,-0.33657075392950075,-0.8651306404002889,-1.485845697762582,-0.845302361523855,1.1959658369424302,-0.1106453095171346,1.3948052369791482,-0.5973556541215028,-1.1881406061069686
1387,0,0,0,-0.9485997778637127,-0.591177629254842,-0.6833555620176598,-0.4152866465600869,0.15920102607216333,0.09655839016863282,0.5440836816916595,1.0210005047182638,-0.9770979711612826,-1.0080178390712031,0.3369441877507119
1388,1,0,1,-1.1758108820259066,-0.591177629254842,0.20205245863295843,0.3844360091558277,1.1670127257754515,0.3939881012294184,-1.1772003173692878,0.5580544898037827,-0.18646356844780584,-1.0080178390712031,0.3369441877507119
1389,1,1,0,-0.519423247779569,0.5098910596383424,-0.3734627547899432,0.484401341120317,-0.5799916019203268,0.9888475233509896,-1.1831086148489023,-0.9336604471428789,0.6041708342656715,0.22396871577789748,-0.42559820917812835
1390,1,1,0,0.43991252534969344,2.271600961867437,-0.47491575715615986,0.2844706771913384,-1.507413652425493,0.5427029567598112,-1.6439558182588125,0.1465469209909105,-0.3661532054281415,0.6346309007275976,-0.42559820917812835
1391,1,0,0,-1.4787590209088315,-0.591177629254842,0.02128165441679034,1.3341066628184763,-0.5015626758733783,-0.30001455791241466,-0.7084753839865583,0.7123698281086097,0.6401087616617385,0.6346309007275976,0.3369441877507119
1392,0,0,0,0.8438433771935934,-0.591177629254842,0.427093663881657,0.2344880112090937,0.4846810691669996,-0.4983010319529384,1.0364418049928459,0.4037391514989556,0.6760466890578055,1.0452930856772977,-1.1881406061069686
1393,0,1,0,-0.8728627431429815,1.9779826448292548,0.207586258762025,-0.015425318702129613,1.1983842961942313,-0.3495861764225456,0.1620137780099389,0.4037391514989556,-0.47396698761634254,0.6346309007275976,-1.1881406061069686
1394,0,0,0,-0.8728627431429815,-0.591177629254842,0.47136406491418803,0.08454001326235971,0.6376174749585489,0.4435597197395494,1.15460775458513,-0.26496064782196166,-0.3661532054281415,0.6346309007275976,0.3369441877507119
1395,0,1,0,0.6671236295118872,1.4641505900124354,1.033967078035935,1.1841586648717424,0.7180071241566716,0.6418461937800731,0.7863238783558429,1.3810696274295269,-0.9052221163691483,-1.0080178390712031,-0.42559820917812835
1396,0,0,0,1.1467915160765185,-0.591177629254842,0.17991725811669318,-1.165026636293757,-0.8682179051428625,1.385420471432037,-0.30080285789317623,-0.8822220010412699,-1.0130358985573495,-0.5973556541215028,-1.1881406061069686
1397,0,1,0,-0.1912294306564003,2.491814699646074,-0.23327315152026207,0.03455734728011505,1.4317103511839027,-0.7957307430137239,-0.596217731873888,0.30086225929573757,0.46041912468140284,-1.4186800240209032,-0.42559820917812835
1398,0,0,1,-0.5951602825003003,-0.591177629254842,1.2110486821660584,-0.6651999764713102,1.0572122293097235,-0.845302361523855,0.7508740934781578,-0.47071443222839776,-0.9770979711612826,-0.18669346917180268,-1.1881406061069686
1399,0,0,1,0.2631927776679872,-0.591177629254842,-0.8659709662768499,1.234141330853987,0.4101735894223983,-1.6384482576859498,-1.445043136445133,0.04367002878769246,0.8916742534342083,-1.0080178390712031,1.8620289816083926
1400,0,1,0,0.3641754906289622,0.4364864803787967,0.2352552594073568,-0.7151826424535549,-2.185823862731598,-0.4983010319529384,0.5539308441576833,1.0210005047182638,0.10103985072073149,-0.5973556541215028,0.3369441877507119
1401,1,0,1,0.3641754906289622,-0.591177629254842,-1.0614985708371947,0.484401341120317,0.39252708106183476,-0.0025848468516290433,-0.4248771049650754,1.2267542891246999,0.20885363290893316,-1.0080178390712031,0.3369441877507119
1402,0,0,0,0.33892981238871844,-0.591177629254842,0.24816745970851145,0.03455734728011505,0.9768225801116015,-0.9444455985441168,-1.3386937818120768,-1.087975785447706,-0.22240149584387287,-1.0080178390712031,0.3369441877507119
1403,0,0,0,0.13696438646676845,-0.591177629254842,-0.3863749550910983,0.5843666730848064,0.38860563475948756,0.691417812290204,1.0167474800607985,0.30086225929573757,-0.40209113282420855,-0.5973556541215028,-1.1881406061069686
1404,0,0,0,-1.0495824908246878,-0.591177629254842,-0.4786049572422044,-0.4152866465600869,0.10430077783929914,-0.5974442689732002,-1.708947090534569,-0.5735913244316158,0.8197983986420742,2.277279640526398,-0.42559820917812835
1405,1,1,0,-0.3427035000978628,2.345005541126983,0.775723072012838,-1.0650613043292676,-0.844689227328778,-1.2914469281150334,0.41607056963335115,1.2267542891246999,0.46041912468140284,-0.5973556541215028,-0.42559820917812835
1406,0,0,0,-2.0089182639539502,-0.591177629254842,1.2018256819509479,-0.9650959723647783,-0.6309704038508432,0.8401326678205968,1.5800051731173554,-0.6764682166348338,-1.3005393177258868,-1.4186800240209032,-0.42559820917812835
1407,0,1,0,1.0458088031155435,1.1705322729742529,1.1114402798428644,0.13452267924460437,1.680722191382964,-1.7375914947062117,1.0915859148025784,0.30086225929573757,-0.25833942323993986,-0.18669346917180268,-1.1881406061069686
1408,0,0,1,1.2225285507972496,-0.591177629254842,1.1612444810044615,-0.8651306404002889,0.8866293151576108,-0.15129970238202184,0.36092645982361804,-1.036537339346097,-0.07864978625960418,-0.5973556541215028,1.099486584679552
1409,0,1,0,-1.1758108820259066,2.271600961867437,-1.142660972730168,-0.9151133063825336,-0.8035140411541303,-1.9854495872568665,0.6917911186820155,0.6609313820070007,0.38854326988926885,2.277279640526398,0.3369441877507119
1410,0,0,0,-0.31745782185761906,-0.591177629254842,0.7130066705500858,-1.2150093022760016,-0.6054810028855848,-1.9854495872568665,-1.185078047342107,-0.05920686341552558,-0.7974083341809469,-1.4186800240209032,-0.42559820917812835
1411,0,1,0,-0.3931948565783503,1.537555169271981,-0.6446189611141953,-0.1653733166488636,-1.179972886179483,0.09655839016863282,-0.7065059514933536,2.4612769955633165,0.24479156030500016,-0.5973556541215028,-0.42559820917812835
1412,1,0,1,-1.2515479167466377,-0.591177629254842,-0.4786049572422044,0.3844360091558277,0.6415389212608966,-0.746159124503593,0.2545771051905617,-0.41927598612678874,1.3948052369791482,-0.18669346917180268,-1.1881406061069686
1413,0,1,0,-1.4030219861881004,1.537555169271981,-0.8069437649001416,0.18450534522684905,0.43762371353883034,0.04698677165850189,0.6760356587363773,-0.41927598612678874,-0.8333462615770139,0.6346309007275976,0.3369441877507119
1414,0,1,0,1.1467915160765185,1.6843643277910723,0.423404463795613,-0.4652693125423316,0.8082003891106623,0.3939881012294184,-0.6237897867787545,-1.190852677650924,-0.8692841889730812,-1.0080178390712031,-0.42559820917812835
1415,0,1,0,-0.9485997778637127,1.9045780655697093,-0.5044293578445141,0.934245334960519,0.527816978492821,-0.4487294134428074,-0.10976790605231616,0.1465469209909105,0.7479225438499402,0.22396871577789748,-0.42559820917812835
1416,0,0,0,-0.721388673701519,-0.591177629254842,-0.7497611635664561,0.5343840071025617,0.22390489006089553,0.09655839016863282,-0.4288159699514847,-0.47071443222839776,0.20885363290893316,-0.5973556541215028,-0.42559820917812835
1417,0,0,0,0.7428606642326184,-0.591177629254842,-0.9692685686860886,0.08454001326235971,0.13175090195573125,0.3444164827192875,0.5992277915013922,-0.05920686341552558,-1.4802289547062226,0.6346309007275976,-1.1881406061069686
1418,0,0,0,-0.0902467176954253,-0.591177629254842,-0.20191495078888622,-0.6651999764713102,1.157209110019583,0.24527324569902562,1.546524820732875,1.175315843023091,-1.048973825953417,-0.18669346917180268,-0.42559820917812835
1419,0,0,1,-1.1758108820259066,-0.591177629254842,1.9747130999772173,-1.3649573002227355,0.4513487755970461,0.3939881012294184,0.047786693404063454,0.3523007053973466,0.46041912468140284,0.22396871577789748,-0.42559820917812835
1420,0,1,0,1.5002310114399309,1.537555169271981,-0.27569895250977106,1.0342106669250084,1.227795143461837,0.3939881012294184,-1.5257898686665279,1.586823411835963,1.7901224383358867,-0.18669346917180268,-0.42559820917812835
1421,0,0,0,-0.5446689260198128,-0.591177629254842,-0.655686561372328,-0.5152519785245763,-1.2623232585287787,-0.4487294134428074,0.21912732031287663,1.483946519632745,0.9994880356224098,-0.18669346917180268,-0.42559820917812835
1422,0,1,0,-0.21647510889664406,2.858837595943802,-0.6999569624048589,-0.26533864861335293,0.15135813346746838,1.484563708452299,0.04581726091085882,-0.26496064782196166,-0.006773931467470169,2.6879418254760985,-1.1881406061069686
1423,0,0,0,-1.0495824908246878,-0.591177629254842,0.4566072645700114,-1.7648186280806928,0.9238830550299114,1.1375623788813825,0.26442426765658544,-0.3163990939235707,0.6401087616617385,-0.18669346917180268,-0.42559820917812835
1424,0,0,0,0.793352020713106,-0.591177629254842,-0.3015233531120809,-1.015078638347023,-0.6388132964555382,-0.4983010319529384,-2.24069386369985,-0.5221528783300068,-1.4442910273101552,2.277279640526398,-0.42559820917812835
1425,0,0,0,-0.1912294306564003,-0.591177629254842,-0.06356994756222713,0.13452267924460437,-0.009421164928776437,1.484563708452299,1.2333850543133198,-0.21352220172035263,-0.6177186972006112,0.6346309007275976,0.3369441877507119
1426,0,1,0,1.1720371943167622,2.0513872240888005,1.3770626860380495,-1.1150439703115123,0.5474242100045582,0.24527324569902562,-2.033903451913352,1.278192735226309,1.2869914547909471,1.0452930856772977,2.6245713785372327
1427,0,0,0,0.010735995265549692,-0.591177629254842,-0.08570514807849237,0.2344880112090937,1.212109358252447,-1.2418753096049024,0.17186094047596262,-0.3678375400251797,-0.6177186972006112,0.22396871577789748,-0.42559820917812835
1428,1,0,1,0.6166322730313997,-0.591177629254842,0.14302525725625076,0.8842626689782743,-0.7741031938865245,0.5427029567598112,1.2314156218201158,0.6094929359053917,-0.22240149584387287,-1.0080178390712031,-1.1881406061069686
1429,0,0,0,-0.9485997778637127,-0.591177629254842,0.5949522677966704,-0.8151479744180442,0.6023244582374224,1.8315650380232156,0.31169064749349945,-0.05920686341552558,0.1729157055128655,1.8666174555766981,1.099486584679552
1430,0,0,0,0.16221006470701219,-0.591177629254842,1.1501768807463288,0.08454001326235971,-1.4368276189832392,0.8401326678205968,-0.30868058786599534,-0.41927598612678874,0.5322949794735369,0.6346309007275976,-1.1881406061069686
1431,0,0,0,0.4146668471094497,-0.591177629254842,-0.3310369538004347,0.18450534522684905,-0.07608575206868223,0.9392759048408587,1.8419396947135869,0.5580544898037827,1.2869914547909471,-1.0080178390712031,-0.42559820917812835
1432,0,0,0,0.591386594791156,-0.591177629254842,0.26661346013873266,0.13452267924460437,0.8003574965059673,0.7905610493104659,0.5165116267867931,2.7184692260713614,0.6041708342656715,0.22396871577789748,-1.1881406061069686
1433,0,0,0,0.3641754906289622,-0.591177629254842,-1.2883843761289155,2.3837426484456143,0.4631131145040889,-0.6470158874833312,0.7685989859170006,-0.21352220172035263,1.8619982931280212,1.455955270626998,1.099486584679552
1434,1,0,0,1.3992482984789558,-0.591177629254842,1.7976314958470934,0.934245334960519,0.7474179714242772,0.29484486420915657,-2.104803021668723,-0.21352220172035263,-0.6895945519927452,-0.5973556541215028,-0.42559820917812835
1435,0,0,0,-0.2922121436173753,-0.591177629254842,0.23156605932131227,-0.8651306404002889,-0.7172422225024867,-0.5974442689732002,-0.6218203542855499,1.946892534547226,-1.4802289547062226,-0.5973556541215028,-1.1881406061069686
1436,0,0,0,-0.721388673701519,-0.591177629254842,0.34777586203170613,2.3337599824633695,0.3278232170731025,1.0384191418611206,-1.7424274429190498,1.278192735226309,1.0354259630184768,-0.18669346917180268,-1.1881406061069686
1437,0,0,0,-1.2010565602661503,-0.591177629254842,0.09691025618069772,-0.11539065066661894,0.318019601317234,1.2367056159016443,-1.185078047342107,0.8152467203118278,2.9401361150100347,-0.5973556541215028,0.3369441877507119
1438,0,0,0,0.3894211688692059,-0.591177629254842,-0.2166717511330629,0.934245334960519,-1.1407584231560086,1.1375623788813825,-0.2082395307125534,1.432508073531136,-1.048973825953417,-0.18669346917180268,0.3369441877507119
1439,0,0,0,-0.5699146042600566,-0.591177629254842,-0.7442273634373899,1.9838813205876569,-0.1721611864761943,0.6418461937800731,1.6784767977775927,1.278192735226309,0.5682329068696045,-0.5973556541215028,1.099486584679552
1440,0,0,0,-1.1253195255454191,-0.591177629254842,-1.0688769710092831,-0.8151479744180442,-0.6839099289325333,0.740989430800335,0.8394985556723714,-0.26496064782196166,-0.47396698761634254,-1.0080178390712031,-0.42559820917812835
1441,0,1,0,0.5661409165509121,2.271600961867437,1.6758878930076329,-0.06540798468437428,0.8807471457040894,0.4931313382496803,-1.8192353101540346,0.6609313820070007,1.8619982931280212,1.0452930856772977,-0.42559820917812835
1442,0,1,0,0.3894211688692059,1.0971276937147072,1.354927485521784,-1.1150439703115123,-1.2015408408423935,1.0384191418611206,1.50713617086878,0.19798536709251952,0.5682329068696045,-0.5973556541215028,0.3369441877507119
1443,0,0,0,0.03598167350579344,-0.591177629254842,0.38835706297819256,0.2844706771913384,-0.9348824922827688,1.3358488529219061,-0.03689890380374025,1.432508073531136,-0.9052221163691483,-1.0080178390712031,1.099486584679552
1444,0,0,0,-0.1407380741759128,-0.591177629254842,-0.22036095121910743,-0.21535598263110828,-0.4741125517569462,-0.5478726504630693,0.9773588301967036,0.6609313820070007,1.1432397452066785,0.6346309007275976,0.3369441877507119
1445,0,0,0,0.03598167350579344,-0.591177629254842,-0.4251115559945628,-1.6648532961162035,0.08077210002521482,0.14613000867876375,-1.1693225873964688,-1.448044908158969,-0.11458771365567119,-1.0080178390712031,0.3369441877507119
1446,0,1,0,-0.2922121436173753,1.2439368522337986,0.6558240692164001,1.9838813205876569,-0.054517797405771506,-1.539305020665688,-0.7714972237691105,0.8666851664134367,0.1369777781167985,2.277279640526398,-0.42559820917812835
1447,0,0,0,-1.2767935949868816,-0.591177629254842,2.253247706473557,-0.9151133063825336,-0.6486169122114068,0.8897042863307277,-2.5420170351601765,-0.5735913244316158,0.10103985072073149,0.6346309007275976,-0.42559820917812835
1448,0,1,0,-0.1912294306564003,2.491814699646074,-0.5025847578014917,-0.5152519785245763,1.3199491315670013,0.09655839016863282,1.2924680291094621,1.5353849657343541,0.38854326988926885,0.22396871577789748,4.149656172394914
1449,0,0,0,-0.822371386662494,-0.591177629254842,0.29243786074104244,0.784297337013785,0.23370850581676408,0.04698677165850189,-1.2382527246586348,1.7411387501407902,1.7541845109398195,2.6879418254760985,-0.42559820917812835
1450,0,0,0,-0.7718800301820066,-0.591177629254842,0.5377696664629843,-0.1653733166488636,1.4768069836608984,-0.845302361523855,-0.3697329951553423,1.123877396921482,-0.7974083341809469,-0.5973556541215028,0.3369441877507119
1451,0,1,0,0.9448260901545684,1.537555169271981,0.19467405846086983,-0.6651999764713102,0.4513487755970461,1.1375623788813825,1.0817387523365547,1.5353849657343541,1.4307431643752153,0.6346309007275976,-1.1881406061069686
1452,0,1,0,0.2884384559082309,0.6567002181574335,0.06739665549234337,-0.26533864861335293,1.0317228283444657,1.2367056159016443,-0.8778465784021668,-0.26496064782196166,-0.18646356844780584,-0.5973556541215028,-1.1881406061069686
1453,1,0,1,0.4146668471094497,-0.591177629254842,-2.3121374000061925,-0.015425318702129613,2.0199272965360167,-0.7957307430137239,-0.5804622719282498,-0.8307835549396608,-0.5817807698045442,-1.0080178390712031,-0.42559820917812835
1454,0,1,0,-2.5138318287588253,1.3173414314933443,0.5248574661618296,0.7343146710315404,-0.29764746815131204,0.6418461937800731,-0.4642657548291703,2.25552321115688,-0.7614704067848799,1.8666174555766981,-0.42559820917812835
1455,0,0,0,-0.7718800301820066,-0.591177629254842,0.9362032757557629,0.484401341120317,-2.3975819630583586,-0.6470158874833312,0.902520395454923,0.24942381319412854,1.071363890414544,-0.18669346917180268,-0.42559820917812835
1456,0,1,0,-1.226302238506394,0.950318535195616,0.2979716608701085,0.934245334960519,-1.842697311276198,-0.25044293940228374,-0.8640605509497332,-0.3163990939235707,-1.7677323738747597,-0.5973556541215028,0.3369441877507119
1457,0,0,0,0.11171870822652469,-0.591177629254842,-0.24802995186443924,-0.36530398057784225,-0.4760732749081198,0.29484486420915657,0.8316208256995523,-2.3224984918863223,2.149501712296558,-0.5973556541215028,0.3369441877507119
1458,0,1,1,-0.5951602825003003,1.4641505900124354,-0.8050991648571196,0.8342800029960297,0.8689828067970472,0.09655839016863282,0.12262512814584399,-1.345168015955751,0.46041912468140284,-0.5973556541215028,1.8620289816083926
1459,1,0,1,-0.519423247779569,-0.591177629254842,0.17622805803064862,1.084193332907253,0.4513487755970461,-0.3991577949326765,1.3338261114667622,0.8152467203118278,1.3229293821870143,-0.5973556541215028,0.3369441877507119
1460,0,1,0,0.4904038818301809,2.56521927890562,-0.03036714678782874,0.8342800029960297,-0.49175906011750975,-1.489733402155557,-0.7872526837147481,0.8666851664134367,0.46041912468140284,-0.18669346917180268,-0.42559820917812835
1461,0,1,0,-1.1758108820259066,2.271600961867437,-0.65753116141535,-1.3649573002227355,0.19841548909563758,0.8401326678205968,-1.4194405140334718,0.8666851664134367,0.8197983986420742,1.455955270626998,0.3369441877507119
1462,1,0,0,1.197282872557006,-0.591177629254842,-0.5782133595653991,1.8839159886231676,-0.7956711485494352,1.1375623788813825,-0.07628755366783516,-1.9624293691750594,-0.5817807698045442,-0.5973556541215028,0.3369441877507119
1463,0,0,1,0.4651582035899372,-0.591177629254842,1.983936100192328,0.7343146710315404,-0.801553318002956,-0.052156465361759975,0.30578235001388554,-0.7279066627364429,1.3229293821870143,-1.4186800240209032,0.3369441877507119
1464,0,0,1,-0.3931948565783503,-0.591177629254842,-0.2535637519935053,-0.21535598263110828,-0.19961131059262638,2.0298515120637393,-1.1279645050391691,0.8152467203118278,0.24479156030500016,-0.5973556541215028,2.6245713785372327
1465,0,1,0,0.010735995265549692,1.2439368522337986,-0.6538419613293059,2.1838119845166357,-0.6388132964555382,0.24527324569902562,0.7626906884373862,0.3523007053973466,1.538556946563417,-0.5973556541215028,-0.42559820917812835
1466,0,0,0,1.8031791503228558,-0.591177629254842,-0.12997554911102338,-0.7651653084357996,1.0376049977979864,-1.4401617836454261,0.40031510968771294,0.6609313820070007,-1.5521048094983565,0.6346309007275976,-1.1881406061069686
1467,0,0,0,-0.519423247779569,-0.591177629254842,0.3736002626340159,1.8839159886231676,-0.6486169122114068,-0.4487294134428074,1.3889702212764954,-0.3163990939235707,-1.6958565190826254,-0.18669346917180268,-0.42559820917812835
1468,0,0,0,-0.8476170649027378,-0.591177629254842,-1.2994519763870482,1.683985324694189,-1.1348762537024872,-1.1923036910947715,-2.1678248614512747,-0.7279066627364429,0.24479156030500016,0.22396871577789748,0.3369441877507119
1469,0,0,0,-0.36794917833810653,-0.591177629254842,-0.14288774941217802,0.2844706771913384,1.9905164492684109,-2.7785954834189615,-1.2185583997265874,0.4037391514989556,-0.18646356844780584,0.22396871577789748,-0.42559820917812835
1470,0,0,1,0.16221006470701219,-0.591177629254842,0.7886352723139932,0.03455734728011505,1.6826829145341382,0.5427029567598112,0.9478173427986324,0.8666851664134367,0.6760466890578055,-0.18669346917180268,-0.42559820917812835
1471,0,0,0,0.8185976989533497,-0.591177629254842,1.2221162824241916,0.08454001326235971,1.2650488833341371,-0.4983010319529384,-1.764091200344302,0.1465469209909105,0.3526053424932012,1.0452930856772977,-1.1881406061069686
1472,0,0,0,0.3894211688692059,-0.591177629254842,-0.27569895250977106,0.484401341120317,1.3807315492533867,0.14613000867876375,0.5736251690897307,0.45517759760056464,-0.7974083341809469,-0.5973556541215028,-1.1881406061069686
1473,0,0,0,-0.9485997778637127,-0.591177629254842,0.5931076677536479,0.33445334317358305,1.4022995039162969,-1.1427320725846406,0.03990896343124492,0.4037391514989556,-1.0130358985573495,1.0452930856772977,-1.1881406061069686
1474,1,1,1,0.4651582035899372,0.5832956388978879,-0.5966593599956203,0.13452267924460437,-0.7858675327935667,-0.2008713208921528,-0.34019150775727114,1.0210005047182638,-0.9052221163691483,-1.0080178390712031,-1.1881406061069686
1475,1,0,1,0.8185976989533497,-0.591177629254842,1.38628568625316,0.13452267924460437,1.019958489437423,-0.9940172170542477,-0.4563880248563512,0.1465469209909105,-0.7974083341809469,-0.5973556541215028,-1.1881406061069686
1476,1,0,0,-0.16598375241615657,-0.591177629254842,-0.1742459501435544,0.634349339067051,1.4042602270674711,-0.30001455791241466,-1.7837855252763493,-1.139414231549315,-0.5458428424084772,-0.18669346917180268,-0.42559820917812835
1477,0,0,0,-0.7971257084222503,-0.591177629254842,0.2869040606119759,-0.4652693125423316,1.2023057424965784,-2.134164442787259,0.04975612589726865,-0.5221528783300068,0.42448119728533584,0.22396871577789748,-1.1881406061069686
1478,0,0,1,1.1467915160765185,-0.591177629254842,-0.5579227590921553,-0.8651306404002889,-0.25647228197666416,1.484563708452299,-1.0137374204332938,-0.007768417313916559,-0.8333462615770139,-0.18669346917180268,4.149656172394914
1479,1,1,0,1.0458088031155435,1.2439368522337986,0.21312005889109104,0.43441867513807236,-0.9917434636668065,0.9888475233509896,0.5224199242664075,-2.0653062613782773,-0.1505256410517382,-0.5973556541215028,-1.1881406061069686
1480,0,0,0,0.5661409165509121,-0.591177629254842,0.5045668656885864,0.7343146710315404,0.474877453411131,-0.6965875059934621,-0.07628755366783516,-2.0653062613782773,-0.6895945519927452,-1.0080178390712031,1.099486584679552
1481,0,0,1,0.010735995265549692,-0.591177629254842,1.0966834794986873,2.7836039763035716,1.4277889048815555,0.29484486420915657,1.5150139008415986,-0.3678375400251797,1.1791776726027456,1.455955270626998,-0.42559820917812835
1482,0,0,0,-1.4535133426685878,-0.591177629254842,-0.004542746185518938,-0.1653733166488636,1.0297621051932915,1.2862772344117752,0.5165116267867931,0.7123698281086097,-0.7974083341809469,0.22396871577789748,-1.1881406061069686
1483,0,0,0,-0.7971257084222503,-0.591177629254842,0.10613325639580834,-0.4652693125423316,0.37095912639892403,-0.5974442689732002,0.8335902581927569,0.3523007053973466,-1.6958565190826254,0.22396871577789748,-1.1881406061069686
1484,1,0,0,-2.160392333395413,-0.591177629254842,-0.703646162490903,-1.015078638347023,-1.4956493135184505,-1.1923036910947715,2.4071668202633485,-0.6250297705332248,-0.7614704067848799,-0.5973556541215028,0.3369441877507119
1485,0,0,0,-0.8476170649027378,-0.591177629254842,-0.49889555771544764,1.534037326747455,1.0238799357397708,0.3444164827192875,-0.3126194528524046,0.19798536709251952,-1.9114840834590279,-0.5973556541215028,0.3369441877507119
1486,0,0,0,-0.03975536121493781,-0.591177629254842,-0.6261729606839741,0.08454001326235971,0.6023244582374224,-0.6470158874833312,-0.3894273200873898,-0.7279066627364429,0.42448119728533584,1.0452930856772977,-0.42559820917812835
1487,0,0,0,-1.3777763079478564,-0.591177629254842,-0.2830773526818597,0.784297337013785,-0.0780464752198564,2.6247109341853103,0.685882821202401,0.9695620586166548,-0.7614704067848799,-1.4186800240209032,-0.42559820917812835
1488,1,0,0,-1.1505652037856628,-0.591177629254842,0.7646554717547054,0.7343146710315404,-0.6819492057813596,-0.15129970238202184,0.672096793749968,0.8666851664134367,-0.18646356844780584,-0.18669346917180268,-0.42559820917812835
1489,0,0,1,-1.5544960556295628,-0.591177629254842,2.1370379037631633,1.2841239968362317,0.6258531360515067,0.8401326678205968,0.061572720856497,1.175315843023091,0.46041912468140284,-1.0080178390712031,-0.42559820917812835
1490,0,0,0,-0.21647510889664406,-0.591177629254842,-0.7331597631792568,-0.11539065066661894,-0.49568050641985695,2.128994749084001,0.0064286110467639155,1.792577196242399,-0.29427735063600685,1.0452930856772977,0.3369441877507119
1491,0,0,1,-1.1253195255454191,-0.591177629254842,-0.31812475349927954,-0.06540798468437428,-1.001547079422675,-1.0931604540745097,1.0679527248841216,0.7638082742102187,1.6463707287516185,-1.4186800240209032,1.8620289816083926
1492,0,0,1,-0.620405960740544,-0.591177629254842,1.7183136939971417,-0.1653733166488636,0.7101642315519766,-0.25044293940228374,0.6740662262431727,0.24942381319412854,-0.9052221163691483,-1.0080178390712031,-1.1881406061069686
1493,1,1,0,0.793352020713106,1.8311734863101636,0.3828232628491265,-1.2649919682582462,0.5180133627369525,-1.6384482576859498,-0.048715498762968615,-0.47071443222839776,0.9635501082263429,-0.5973556541215028,0.3369441877507119
1494,1,1,0,-1.2515479167466377,0.28967732185970546,-0.8069437649001416,-2.0147319579919163,0.008225343431787092,1.6828501824928228,-0.17475917832807242,-0.1106453095171346,0.7479225438499402,1.0452930856772977,0.3369441877507119
1495,0,0,0,-1.8574441945124878,-0.591177629254842,1.0542576785091782,0.484401341120317,0.6219316897491595,-0.3991577949326765,-0.7202919789457872,-0.7793451088380519,0.8916742534342083,0.6346309007275976,-0.42559820917812835
1496,0,0,0,3.115954418815531,-0.591177629254842,-1.2570261753975394,1.6340026587119443,-0.4937197832686833,-1.6880198761960807,0.31366007998670403,0.30086225929573757,-1.6958565190826254,0.6346309007275976,1.099486584679552
1497,1,1,1,0.11171870822652469,1.4641505900124354,-0.43248995616665137,-0.5652346445068209,-1.8250508029156347,0.691417812290204,-0.6612090041496448,-0.26496064782196166,1.610432801355551,-0.5973556541215028,-1.1881406061069686
1498,0,0,0,0.4146668471094497,-0.591177629254842,0.21312005889109104,-0.36530398057784225,1.6199397736965795,-2.18373606129739,-2.2938685410163786,0.9181236125150458,0.6401087616617385,-0.18669346917180268,0.3369441877507119
1499,0,0,0,1.1467915160765185,-0.591177629254842,0.4768978650432546,0.03455734728011505,-1.2799697668893422,-1.1427320725846406,2.1511405961467314,-0.8822220010412699,0.02916399592859748,-1.0080178390712031,1.099486584679552
1500,1,0,1,1.1720371943167622,-0.591177629254842,0.8421286735616342,0.5343840071025617,-0.2996081913024856,-0.10172808387189092,-1.1437199649848073,2.3584001033600983,-0.11458771365567119,-1.4186800240209032,-1.1881406061069686
1501,0,0,1,-0.822371386662494,-0.591177629254842,1.2977448841880985,1.3341066628184763,1.0650551219144186,0.8897042863307277,1.4165422761813613,-0.1106453095171346,-0.47396698761634254,0.6346309007275976,0.3369441877507119
1502,0,0,0,-0.822371386662494,-0.591177629254842,-0.884416966707071,-0.5652346445068209,-1.2387945807146943,0.4435597197395494,1.0837081848297598,0.3523007053973466,-0.006773931467470169,0.22396871577789748,1.099486584679552
1503,0,0,1,1.4749853331996872,-0.591177629254842,1.775496295330828,0.13452267924460437,-0.20941492634849496,0.3939881012294184,0.4456120570314223,-0.3678375400251797,-1.0130358985573495,0.22396871577789748,0.3369441877507119
1504,0,1,0,0.8438433771935934,2.345005541126983,-0.6759771618455711,0.2344880112090937,-2.1877845858827714,-1.9358779687467356,1.7474069350397587,-0.21352220172035263,0.20885363290893316,0.6346309007275976,-0.42559820917812835
1505,0,0,0,0.3136841341484747,-0.591177629254842,0.5101006658176525,0.634349339067051,1.0944659691820242,-0.9940172170542477,0.19155526540801007,-0.6764682166348338,-0.11458771365567119,-1.4186800240209032,-0.42559820917812835
1506,0,0,0,0.793352020713106,-0.591177629254842,0.49165466538743124,-0.015425318702129613,0.21606199745620056,0.8897042863307277,-0.09992074358629244,1.123877396921482,-0.006773931467470169,0.6346309007275976,-0.42559820917812835
1507,1,1,1,-0.1912294306564003,2.198196382607892,0.8513516737767449,0.8342800029960297,-1.5799604090189205,1.0879907603712515,-0.1590037183824348,1.278192735226309,1.3588673095830812,1.0452930856772977,-0.42559820917812835
1508,0,1,1,1.8536705068033434,1.8311734863101636,-0.2166717511330629,-0.4652693125423316,0.10037933153695194,-0.4487294134428074,-1.4036850540878336,1.638261857937572,1.538556946563417,-0.18669346917180268,1.8620289816083926
1509,0,0,0,-0.9990911343442003,-0.591177629254842,0.33486366173055093,0.8842626689782743,-0.9407646617362901,-0.2008713208921528,0.3884985147284846,-0.3678375400251797,-1.1567876081416182,-0.5973556541215028,0.3369441877507119
1510,0,1,0,-0.2417207871368878,2.271600961867437,-0.17977975027262044,0.2344880112090937,-2.64659380325742,0.7905610493104659,-1.1200867750663501,-0.41927598612678874,0.24479156030500016,-0.18669346917180268,-0.42559820917812835
1511,0,1,0,-0.31745782185761906,1.4641505900124354,0.20389705867598043,0.18450534522684905,0.7278107399125401,0.24527324569902562,0.20337186036723845,0.8152467203118278,-0.1505256410517382,-1.4186800240209032,0.3369441877507119
1512,0,1,0,-0.31745782185761906,2.7120284374247112,-1.8306967887774193,1.9838813205876569,-0.9191967070733789,0.04698677165850189,2.1255379737350695,1.175315843023091,0.9276121808302759,-0.5973556541215028,0.3369441877507119
1513,0,0,0,2.0556359327252935,-0.591177629254842,-2.037291993595897,0.6843320050492957,0.5905601193303802,0.4435597197395494,1.0915859148025784,-0.21352220172035263,-1.336477245121954,-0.18669346917180268,-1.1881406061069686
1514,0,0,0,0.43991252534969344,-0.591177629254842,0.17069425790158257,-2.0147319579919163,0.3376268328289711,-1.7871631132163426,0.3707736222896418,-0.007768417313916559,-0.7255324793888128,1.0452930856772977,1.8620289816083926
1515,0,0,1,0.06122735174603719,-0.591177629254842,-0.533942958532868,1.234141330853987,-0.6094024491879325,1.2862772344117752,0.39243737971489384,0.19798536709251952,0.06510192332466448,1.455955270626998,4.9121985693237535
1516,0,0,0,-0.8981084213832253,-0.591177629254842,0.22972145927829024,-0.5652346445068209,-1.1897765019353514,-0.5974442689732002,-0.2732308029883097,0.09510847488930148,-1.6958565190826254,-0.18669346917180268,0.3369441877507119
1517,0,1,0,-0.9990911343442003,1.2439368522337986,-0.29230035289697026,-1.1150439703115123,-1.705446690694038,0.5922745752699422,-1.322938321866439,0.9181236125150458,-0.11458771365567119,-0.5973556541215028,1.099486584679552
1518,0,0,0,1.8031791503228558,-0.591177629254842,0.5931076677536479,-0.015425318702129613,-0.029028396440513568,0.04698677165850189,1.9778305367447138,1.8440156423440082,-1.336477245121954,1.8666174555766981,-0.42559820917812835
1519,0,0,0,-0.721388673701519,-0.591177629254842,-0.07463754782035975,0.13452267924460437,-1.3309485688198586,0.9888475233509896,0.8198042307403239,-0.21352220172035263,0.5682329068696045,-0.5973556541215028,-0.42559820917812835
1520,0,0,0,0.3136841341484747,-0.591177629254842,-0.5431659587479787,0.9842280009427636,-0.0015782723240814738,-0.746159124503593,1.288529164123053,0.24942381319412854,0.28072948770106715,-0.5973556541215028,0.3369441877507119
1521,0,0,0,-0.8476170649027378,-0.591177629254842,0.6632024693884887,0.08454001326235971,-0.1858862485344106,-0.25044293940228374,0.26048540267017617,0.30086225929573757,-0.5817807698045442,0.6346309007275976,-0.42559820917812835
1522,0,0,0,0.8943347336740809,-0.591177629254842,-1.4359523795706852,0.2344880112090937,0.05136125275760911,-0.052156465361759975,-1.2815802395091396,0.9695620586166548,-0.29427735063600685,0.6346309007275976,1.099486584679552
1523,0,0,0,-0.7466343519417628,-0.591177629254842,1.4545358878449783,1.5840199927296996,-1.4387883421344132,0.9392759048408587,-0.37170242764854694,-0.6764682166348338,-0.18646356844780584,1.455955270626998,1.8620289816083926
1524,0,0,0,0.8438433771935934,-0.591177629254842,1.1593998809614394,1.2841239968362317,-0.9270395996780738,0.740989430800335,2.304756330616702,0.7638082742102187,0.5682329068696045,0.6346309007275976,-0.42559820917812835
1525,0,0,0,-0.41844053481859406,-0.591177629254842,0.19651865850389186,0.08454001326235971,-0.048635627952250696,2.0298515120637393,0.9103981254277421,0.09510847488930148,-0.1505256410517382,0.6346309007275976,0.3369441877507119
1526,0,0,0,-1.5544960556295628,-0.591177629254842,-0.4693819570270938,0.18450534522684905,0.07881137687404065,0.5922745752699422,-0.09992074358629244,-0.41927598612678874,-0.1505256410517382,-0.18669346917180268,0.3369441877507119
1527,0,0,0,0.23794709942774345,-0.591177629254842,0.1559374575574054,1.3341066628184763,-2.150530846010471,0.8897042863307277,-1.00389025796727,-1.8595524769718412,1.8260603657319543,-0.5973556541215028,1.099486584679552
1528,0,0,0,0.03598167350579344,-0.591177629254842,-1.4101279789683756,-1.5149052981694695,1.4670033679050298,1.434992089942168,-1.185078047342107,-0.41927598612678874,0.3526053424932012,0.22396871577789748,-0.42559820917812835
1529,0,0,0,-0.7718800301820066,-0.591177629254842,-0.07648214786338177,1.4840546607652103,-0.7976318717006089,1.484563708452299,1.168393782037564,-0.21352220172035263,0.49635705207746983,-0.18669346917180268,-1.1881406061069686
1530,0,0,0,1.0458088031155435,-0.591177629254842,-0.6298621607700181,-0.36530398057784225,0.1748868112815527,-0.10172808387189092,0.25063824020415243,-0.21352220172035263,0.24479156030500016,-1.4186800240209032,-0.42559820917812835
1531,0,0,0,-2.109900976914925,-0.591177629254842,-0.33288155384345675,1.1341759988894977,0.27488369199141194,-0.9444455985441168,2.239765058340945,0.30086225929573757,-0.5817807698045442,0.22396871577789748,-0.42559820917812835
1532,0,0,1,0.4651582035899372,-0.591177629254842,1.4858940885763552,0.03455734728011505,1.1042695849378927,-1.588876639175819,0.5480225466780688,-0.5735913244316158,-0.07864978625960418,-1.0080178390712031,-0.42559820917812835
1533,1,1,1,0.18745574294725595,2.491814699646074,-0.9120859673524029,-0.5152519785245763,-0.6505776353625804,1.385420471432037,0.855254015618009,-1.036537339346097,1.2151155999988126,0.22396871577789748,1.099486584679552
1534,0,0,0,-0.26696646537713153,-0.591177629254842,-1.4304185794416189,0.8842626689782743,-1.7034859675428644,1.6828501824928228,-0.24959761306985295,0.24942381319412854,0.42448119728533584,-0.5973556541215028,0.3369441877507119
1535,0,1,0,-0.01450968297469406,1.8311734863101636,0.7222296707651964,0.18450534522684905,-0.8858644135034259,2.178566367594132,-2.0142091269813047,0.8666851664134367,0.6760466890578055,-0.18669346917180268,-0.42559820917812835
1536,0,1,0,1.3740026202387121,1.6109597485315268,-0.9415995680407567,-0.7151826424535549,-0.23098288101140568,-0.4487294134428074,1.0462889674588696,-0.7793451088380519,-1.2286634629337525,0.6346309007275976,-0.42559820917812835
1537,0,0,1,0.3136841341484747,-0.591177629254842,-0.9379103679547127,-0.015425318702129613,0.527816978492821,-1.6384482576859498,-0.4563880248563512,1.792577196242399,-0.3661532054281415,-0.18669346917180268,0.3369441877507119
1538,0,0,0,0.5661409165509121,-0.591177629254842,-0.13550934924008995,-0.4152866465600869,-0.7368494540142239,-1.1923036910947715,0.9655422352374752,0.04367002878769246,-0.5458428424084772,-0.18669346917180268,-0.42559820917812835
1539,0,0,0,1.1215458378362746,-0.591177629254842,0.3625326623758828,1.1841586648717424,-1.4544741273438027,-0.6965875059934621,1.7316514750941205,1.792577196242399,-0.9411600437652156,-0.5973556541215028,-0.42559820917812835
1540,0,0,0,-1.4787590209088315,-0.591177629254842,0.09137645605163115,-0.11539065066661894,0.00626462028061349,-0.3495861764225456,1.5347082257736462,-0.47071443222839776,-0.5099049150124095,-0.5973556541215028,0.3369441877507119
1541,0,0,0,0.6166322730313997,-0.591177629254842,-0.20191495078888622,-0.06540798468437428,-0.48195544436164117,0.3444164827192875,0.827681960713143,-0.41927598612678874,0.24479156030500016,1.0452930856772977,-1.1881406061069686
1542,0,1,0,0.7681063424728621,1.6109597485315268,-0.10230654846569157,0.8842626689782743,0.10037933153695194,-0.9444455985441168,0.3333544049187515,-0.5221528783300068,-1.2646013903298197,-0.5973556541215028,-0.42559820917812835
1543,0,0,0,0.16221006470701219,-0.591177629254842,0.9380478757987849,-1.7648186280806928,1.1219160932984558,-0.9940172170542477,-1.8507462300453108,-0.6250297705332248,-0.6177186972006112,-0.5973556541215028,-0.42559820917812835
1544,0,0,0,-1.327284951467369,-0.591177629254842,0.34408666194566156,-1.3649573002227355,0.05136125275760911,0.740989430800335,-1.0806981252022552,-1.3966064620573602,-1.839608228666894,0.22396871577789748,-0.42559820917812835
1545,0,0,0,-0.620405960740544,-0.591177629254842,0.12089005673998499,-0.21535598263110828,0.22390489006089553,-0.0025848468516290433,0.57756403407614,-0.007768417313916559,-0.7974083341809469,-0.18669346917180268,-1.1881406061069686
1546,0,0,0,0.6923693077521309,-0.591177629254842,-0.5726795594363325,0.2344880112090937,0.8395719595294415,0.29484486420915657,1.0620444274045073,0.7123698281086097,-1.2286634629337525,-1.0080178390712031,-0.42559820917812835
1547,0,0,0,-0.6961429954612753,-0.591177629254842,-0.41404395573643016,0.43441867513807236,1.3454385325322598,-0.845302361523855,-0.3894273200873898,-0.47071443222839776,-0.07864978625960418,1.455955270626998,-1.1881406061069686
1548,0,0,1,-1.226302238506394,-0.591177629254842,-0.4527805566398946,0.484401341120317,-1.309380614156948,0.1957016271888947,-0.4957766747204461,-0.8307835549396608,-1.1567876081416182,-0.18669346917180268,1.8620289816083926
1549,0,0,0,0.591386594791156,-0.591177629254842,0.165160457772516,-1.165026636293757,-0.35646916268652346,1.1375623788813825,0.3333544049187515,1.3810696274295269,-1.4802289547062226,0.6346309007275976,-0.42559820917812835
1550,0,0,0,0.9195804119143247,-0.591177629254842,0.5396142665060069,0.9842280009427636,0.49252396177169455,-0.0025848468516290433,0.40031510968771294,1.5353849657343541,0.3166674150971342,0.22396871577789748,-1.1881406061069686
1551,0,1,0,0.16221006470701219,1.6109597485315268,0.3569988622468167,-0.6651999764713102,0.13371162510690485,-0.4983010319529384,-0.8167941711128193,-1.2422911237525331,0.8557363260381412,-0.18669346917180268,1.099486584679552
1552,0,0,0,1.1720371943167622,-0.591177629254842,0.6133982682268917,-1.0650613043292676,0.07685065372286705,-0.4487294134428074,-0.8876937408681905,0.6609313820070007,-0.006773931467470169,-1.0080178390712031,-0.42559820917812835
1553,0,0,0,0.3894211688692059,-0.591177629254842,-0.7774301642117878,1.2841239968362317,-1.5721175164142256,-0.30001455791241466,-1.397776756608219,-1.8595524769718412,0.7838604712460072,-1.0080178390712031,1.099486584679552
1554,0,1,0,-1.024336812584444,1.6843643277910723,0.2260322591922462,-1.2649919682582462,1.3258313010205227,1.7324218010029537,-0.01523514637848817,-1.9624293691750594,0.9276121808302759,-0.5973556541215028,0.3369441877507119
1555,0,0,0,-1.5797417338698065,-0.591177629254842,-0.5634565592212218,-0.4152866465600869,-2.960309507445214,-1.0931604540745097,-0.7478640338506531,-0.3678375400251797,1.3229293821870143,2.6879418254760985,-1.1881406061069686
1556,0,0,0,-0.9485997778637127,-0.591177629254842,-1.1518839729452786,0.8842626689782743,0.9689796875069064,-0.4983010319529384,-0.7695277912759058,-0.8307835549396608,0.3166674150971342,-0.18669346917180268,1.099486584679552
1557,0,0,0,-0.16598375241615657,-0.591177629254842,-1.3197425768602915,-1.0650613043292676,0.8180040048665308,2.5751393156751794,1.0009920201151603,-0.41927598612678874,0.06510192332466448,-0.5973556541215028,1.099486584679552
1558,0,0,0,0.7681063424728621,-0.591177629254842,-1.2312017747952297,1.6340026587119443,-0.015303334382297243,0.7905610493104659,-1.1535671274508312,0.24942381319412854,-0.04271185886353718,0.22396871577789748,-1.1881406061069686
1559,0,0,0,1.4497396549594435,-0.591177629254842,-0.06725914764827116,0.2344880112090937,-0.23294360416257928,-0.5974442689732002,-0.25550591054946686,-0.1106453095171346,0.28072948770106715,0.6346309007275976,-0.42559820917812835
1560,0,0,1,0.9700717683948121,-0.591177629254842,1.0524130784661563,0.43441867513807236,-0.5937166639785426,0.3444164827192875,0.217157887819672,0.9181236125150458,0.3166674150971342,-1.0080178390712031,-0.42559820917812835
1561,0,0,0,0.995317446635056,-0.591177629254842,-0.9213089675675135,-1.0650613043292676,0.9023151003670001,-0.052156465361759975,-0.5745539744486359,1.2267542891246999,-0.29427735063600685,2.277279640526398,1.099486584679552
1562,0,1,0,-1.226302238506394,0.8769139559360705,-0.8530587659756947,-1.864783960045182,-0.3152939765118756,1.1375623788813825,1.410633978701747,0.3523007053973466,1.1791776726027456,-1.0080178390712031,-0.42559820917812835
1563,0,0,0,0.06122735174603719,-0.591177629254842,-0.2166717511330629,1.0342106669250084,0.249394291026154,1.1375623788813825,0.136411155598277,-1.3966064620573602,0.9994880356224098,-0.5973556541215028,2.6245713785372327
1564,0,1,0,-0.3931948565783503,0.950318535195616,1.9119966985144645,0.484401341120317,0.7748680955407088,0.3939881012294184,-1.0196457179129081,-1.036537339346097,-1.4083530999140883,-1.4186800240209032,2.6245713785372327
1565,0,0,0,-0.7466343519417628,-0.591177629254842,-0.7073353625769475,1.5840199927296996,-1.001547079422675,-0.4983010319529384,-0.5883400019010689,-1.448044908158969,-1.1567876081416182,-1.0080178390712031,0.3369441877507119
1566,0,1,0,1.9294075415240746,1.39074601075289,0.9343586757127403,0.2844706771913384,-0.08000719837103,-1.0931604540745097,0.27821029510901896,0.4037391514989556,0.06510192332466448,-1.0080178390712031,-0.42559820917812835
1567,1,0,1,-1.3020392732271253,-0.591177629254842,1.074548278982422,-0.4152866465600869,0.1709653649792055,0.9392759048408587,-0.6592395716564396,-0.7279066627364429,1.9338741479201553,0.6346309007275976,0.3369441877507119
1568,1,0,1,0.13696438646676845,-0.591177629254842,0.45107346444094476,-0.8151479744180442,-0.6211667880949747,-1.9358779687467356,-0.7340780063982202,0.09510847488930148,1.1073018178106115,-0.5973556541215028,1.099486584679552
1569,0,0,0,-1.024336812584444,-0.591177629254842,0.7665000717977274,0.2844706771913384,-0.42313374982642976,-2.5803090093784378,0.028092368472016002,-0.5221528783300068,-1.0130358985573495,-0.5973556541215028,-0.42559820917812835
1570,0,0,0,-1.4535133426685878,-0.591177629254842,-0.043279347088983906,-0.36530398057784225,-1.1289940842489665,-1.9854495872568665,2.222040165902103,2.25552321115688,0.8916742534342083,-1.0080178390712031,1.8620289816083926
1571,0,0,0,0.6166322730313997,-0.591177629254842,-0.2904557528539477,-1.3649573002227355,1.0866230765773293,-0.746159124503593,-0.1649120158620487,-0.26496064782196166,1.9698120753162223,-0.18669346917180268,-1.1881406061069686
1572,0,1,0,0.33892981238871844,-0.2975593122166595,-0.705490762533925,-0.21535598263110828,0.5925208424815538,-0.5974442689732002,0.4416731920450125,-0.7793451088380519,-0.29427735063600685,-0.5973556541215028,1.099486584679552
1573,0,0,1,0.2884384559082309,-0.591177629254842,1.7146244939110977,0.934245334960519,0.5082097469810839,-0.30001455791241466,-0.8305801985652528,-0.3163990939235707,2.221377567088692,0.22396871577789748,1.099486584679552
1574,0,1,0,0.010735995265549692,0.5832956388978879,-1.1186811721708803,0.5843666730848064,0.5513456563069059,-0.15129970238202184,-0.4169993749922563,0.5580544898037827,-0.7255324793888128,0.22396871577789748,0.3369441877507119
1575,0,0,0,-0.7718800301820066,-0.591177629254842,-3.1661872199254346,-0.015425318702129613,-1.2505589196217364,-0.845302361523855,-0.8798160108953714,-0.5735913244316158,0.6760466890578055,-1.4186800240209032,-1.1881406061069686
1576,0,0,0,-1.0495824908246878,-0.591177629254842,-0.36977355470389917,-0.21535598263110828,-0.6466561890602331,1.1375623788813825,-1.2343138596722256,0.30086225929573757,-0.006773931467470169,-0.18669346917180268,-1.1881406061069686
1577,0,0,0,-1.0495824908246878,-0.591177629254842,-0.5413213587049567,-1.5149052981694695,-0.28392240609309627,-0.10172808387189092,0.22109675280608126,1.432508073531136,0.6760466890578055,-1.0080178390712031,-0.42559820917812835
1578,0,0,0,-0.03975536121493781,-0.591177629254842,-0.7165583627920581,-0.6152173104890656,0.21017982800267976,-0.10172808387189092,0.563778006623707,1.278192735226309,0.7838604712460072,-0.18669346917180268,0.3369441877507119
1579,0,0,0,1.2477742290374934,-0.591177629254842,-0.1908473505307536,1.1341759988894977,0.32586249392192895,-0.845302361523855,-0.4307854024446893,0.3523007053973466,0.8557363260381412,-0.5973556541215028,-0.42559820917812835
1580,0,0,0,-0.4941775695393253,-0.591177629254842,0.7609662716686614,-1.165026636293757,-1.0133114183297174,-0.6470158874833312,-0.3421609402504758,-0.007768417313916559,-0.9411600437652156,-0.5973556541215028,0.3369441877507119
1581,0,0,0,-0.36794917833810653,-0.591177629254842,0.677959269732666,-0.21535598263110828,1.296420453752917,-1.1427320725846406,0.25063824020415243,0.5066160437021736,-2.0552357930432965,-0.5973556541215028,-1.1881406061069686
1582,0,0,0,-0.41844053481859406,-0.591177629254842,-0.18531355040168704,-0.21535598263110828,-0.8348856115729095,-0.30001455791241466,-2.0299645869269423,-1.5509218003621872,0.1369777781167985,1.0452930856772977,-1.1881406061069686
1583,0,1,0,0.43991252534969344,1.9779826448292548,1.4157992869415144,0.934245334960519,1.1356411553566728,-0.4487294134428074,0.2801797276022236,1.5353849657343541,0.5322949794735369,-1.4186800240209032,-0.42559820917812835
1584,0,0,0,-0.2922121436173753,-0.591177629254842,0.002835653986569127,1.384089328800721,1.9532627093961108,-0.3991577949326765,-0.3145888853456092,1.0210005047182638,-0.9411600437652156,-0.5973556541215028,-0.42559820917812835
1585,0,0,0,-0.1912294306564003,-0.591177629254842,1.59472549111466,0.9842280009427636,-1.3740844781456807,-0.7957307430137239,-0.6986282215205345,-1.9109909230734503,1.0354259630184768,0.6346309007275976,1.099486584679552
1586,0,0,0,-0.3931948565783503,-0.591177629254842,-1.5281823817217912,-0.1653733166488636,-0.12510383084802507,-0.25044293940228374,-0.582431704421455,-0.6250297705332248,-0.18646356844780584,-0.5973556541215028,0.3369441877507119
1587,0,0,0,1.5002310114399309,-0.591177629254842,-1.7864263877448883,0.784297337013785,-0.10941804563863569,-0.25044293940228374,-0.8325496310584575,-2.3739369379879314,0.24479156030500016,1.8666174555766981,-1.1881406061069686
1588,0,0,0,-1.832198516272244,-0.591177629254842,-0.20929335096097482,-0.6651999764713102,-0.7544959623747874,-0.3991577949326765,-0.17475917832807242,0.6094929359053917,-0.04271185886353718,-0.5973556541215028,1.099486584679552
1589,0,0,1,-0.6961429954612753,-0.591177629254842,1.9710238998911722,0.43441867513807236,-0.43097664243112477,-1.6384482576859498,0.2545771051905617,2.6670307799697524,0.1729157055128655,3.9199283803251985,-0.42559820917812835
1590,0,0,0,1.3992482984789558,-0.591177629254842,-0.096772748336625,-0.26533864861335293,-0.26627589773253274,1.385420471432037,1.1211274022006497,0.24942381319412854,0.9635501082263429,0.22396871577789748,1.099486584679552
1591,1,0,0,-1.7059701250710253,-0.591177629254842,0.20389705867598043,-0.015425318702129613,-0.7544959623747874,0.1957016271888947,-0.22399499065819106,1.8440156423440082,0.9994880356224098,0.6346309007275976,-0.42559820917812835
1592,0,0,0,-0.5951602825003003,-0.591177629254842,-0.07463754782035975,-0.7151826424535549,0.09645788523460418,-1.0931604540745097,0.8651011780840328,-0.007768417313916559,2.7245085506336326,-0.5973556541215028,1.8620289816083926
1593,0,0,0,0.4651582035899372,-0.591177629254842,-0.8512141659326726,0.08454001326235971,0.08665426947873561,-1.4401617836454261,-0.08613471613385888,0.1465469209909105,0.3166674150971342,1.0452930856772977,-0.42559820917812835
1594,0,1,0,-0.2417207871368878,1.39074601075289,0.4621410646990774,-0.21535598263110828,-1.2584018122264315,-0.3495861764225456,0.18170810294198636,-0.9336604471428789,-1.3005393177258868,-1.0080178390712031,1.099486584679552
1595,0,0,0,0.03598167350579344,-0.591177629254842,1.155710680875395,-0.6152173104890656,0.6474210907144174,-0.5478726504630693,-0.2515670455630576,1.0724389508198728,-1.4442910273101552,0.6346309007275976,1.099486584679552
1596,0,1,0,-0.36794917833810653,1.8311734863101636,1.3567720855648062,0.5843666730848064,0.19449404279328983,-0.30001455791241466,-2.092986426709494,-0.1106453095171346,0.6041708342656715,-0.18669346917180268,1.099486584679552
1597,0,0,0,-0.4689318912990815,-0.591177629254842,-0.9139305673954249,0.484401341120317,-0.29176529869779066,-0.5974442689732002,-0.44457142989712284,0.24942381319412854,-0.6895945519927452,-0.18669346917180268,-1.1881406061069686
1598,0,0,0,-0.2922121436173753,-0.591177629254842,-1.358479177763756,2.533690646392348,-0.20745420319732136,2.07942313057387,-0.5981871643670926,-1.7052371386670142,0.8916742534342083,1.0452930856772977,-1.1881406061069686
1599,0,0,0,-0.36794917833810653,-0.591177629254842,0.2703026602247767,-0.11539065066661894,-0.12510383084802507,-0.25044293940228374,-0.18263690830089152,1.175315843023091,-0.3302152780320739,1.0452930856772977,1.099486584679552
1600,0,0,0,-0.21647510889664406,-0.591177629254842,0.3127284612142857,-0.9151133063825336,-0.19961131059262638,-0.5478726504630693,-0.7498334663438584,-0.05920686341552558,0.20885363290893316,-1.0080178390712031,0.3369441877507119
1601,0,0,0,-0.3427035000978628,-0.591177629254842,0.09137645605163115,-0.9650959723647783,-0.5525414778038947,0.14613000867876375,-0.3520081027164995,-0.21352220172035263,1.2510535273948795,-0.5973556541215028,1.099486584679552
1602,0,0,0,-0.923354099623469,-0.591177629254842,1.5190968893507526,0.634349339067051,-1.0211543109344123,-0.052156465361759975,-1.1043313151207126,-1.345168015955751,1.2869914547909471,-0.18669346917180268,-1.1881406061069686
1603,0,0,0,-0.519423247779569,-0.591177629254842,0.42155986375259097,0.8842626689782743,1.17681634153132,-1.6384482576859498,-0.47017405230878423,0.6094929359053917,-0.3661532054281415,0.22396871577789748,1.099486584679552
1604,0,1,0,1.6264594026411496,2.271600961867437,-0.22405015130515146,0.634349339067051,-0.538816415745679,-0.30001455791241466,-0.17082031334166314,0.6609313820070007,-0.25833942323993986,-0.18669346917180268,1.099486584679552
1605,0,1,0,1.3235112637582247,1.0237231144551617,-0.21851635117608542,0.18450534522684905,0.9140794392740429,-0.4487294134428074,0.05172555839047328,0.8666851664134367,-0.9770979711612826,2.6879418254760985,-0.42559820917812835
1606,0,0,0,0.18745574294725595,-0.591177629254842,1.1188186800149524,-1.1150439703115123,0.5905601193303802,0.4435597197395494,0.3097212150002948,-0.8822220010412699,-1.8036703012708266,-1.4186800240209032,0.3369441877507119
1607,0,1,0,0.08647302998628094,1.3173414314933443,0.17622805803064862,0.5843666730848064,-0.43097664243112477,-0.15129970238202184,-0.03886833629694489,0.19798536709251952,0.3166674150971342,-0.18669346917180268,-0.42559820917812835
1608,0,0,0,0.3641754906289622,-0.591177629254842,-0.9563563683849337,-1.6648532961162035,-0.33882265432595987,-0.4983010319529384,-0.5587985145029978,-0.41927598612678874,0.1369777781167985,1.0452930856772977,-0.42559820917812835
1609,0,0,0,-0.3427035000978628,-0.591177629254842,0.47320866495721003,0.2844706771913384,-1.9740657624048368,1.0879907603712515,-0.23187272063101014,-1.293729569854142,1.1432397452066785,-0.5973556541215028,-0.42559820917812835
1610,0,0,0,0.4651582035899372,-0.591177629254842,-0.4620035568550052,1.4340719947829657,-0.12902527715037282,-0.6470158874833312,-0.4012439150466181,2.3069616572584892,1.1432397452066785,-0.5973556541215028,0.3369441877507119
1611,0,0,0,-0.7971257084222503,-0.591177629254842,-0.47676035719918236,0.43441867513807236,-0.12118238454567785,0.24527324569902562,1.0797693198433507,0.7123698281086097,1.3948052369791482,0.6346309007275976,-0.42559820917812835
1612,0,0,1,-0.1912294306564003,-0.591177629254842,2.7402221178313977,0.2844706771913384,-0.9505682774921587,-0.5478726504630693,2.0132803216223993,0.7123698281086097,-0.5458428424084772,-0.5973556541215028,-0.42559820917812835
1613,1,0,1,1.3487569419984684,-0.591177629254842,-0.6206391605549075,-1.5648879641517142,0.15724030292098917,2.0298515120637393,-0.4012439150466181,0.30086225929573757,1.5026190191673499,2.277279640526398,-1.1881406061069686
1614,0,1,0,-1.1000738473051752,2.124791803348346,0.3994246632363252,-1.2150093022760016,1.5670002486148895,1.0879907603712515,-0.9270823907322854,0.5066160437021736,0.5682329068696045,-1.4186800240209032,-0.42559820917812835
1615,0,0,0,0.7428606642326184,-0.591177629254842,-0.7460719634804119,-1.4149399662049802,0.898393654064653,0.5922745752699422,0.11671683066622954,1.0724389508198728,0.42448119728533584,1.8666174555766981,2.6245713785372327
1616,0,0,0,1.273019907277737,-0.591177629254842,-1.1186811721708803,1.384089328800721,1.5317072318937626,-1.7375914947062117,-0.1274927984911584,-2.0138678152766682,1.071363890414544,2.277279640526398,0.3369441877507119
1617,0,0,1,1.5507223679204185,-0.591177629254842,0.7019390702919531,-0.6651999764713102,1.5454322939519782,-1.4401617836454261,0.9734199652102937,-1.8081140308702324,0.06510192332466448,-0.18669346917180268,0.3369441877507119
1618,0,0,0,-1.024336812584444,-0.591177629254842,-0.6372405609421067,1.6340026587119443,0.1748868112815527,-0.3991577949326765,2.505638444923586,0.6094929359053917,1.574494873959484,-1.0080178390712031,-0.42559820917812835
1619,0,0,0,-0.4941775695393253,-0.591177629254842,0.4418504642258342,-0.5652346445068209,1.7532689479763923,-1.539305020665688,0.22897448277890034,-1.499483354260578,-0.5458428424084772,-0.5973556541215028,1.099486584679552
1620,0,0,1,0.8943347336740809,-0.591177629254842,1.6648202927495008,0.2844706771913384,0.5611492720627745,0.04698677165850189,1.1073413747482166,0.30086225929573757,-0.04271185886353718,1.455955270626998,-0.42559820917812835
1621,0,1,0,0.5156495600704247,0.950318535195616,-0.9821807689872434,-0.8151479744180442,0.18469042703742128,0.09655839016863282,-0.17278974583486778,1.483946519632745,0.1369777781167985,-1.0080178390712031,-0.42559820917812835
1622,0,1,0,0.11171870822652469,0.5098910596383424,-1.6868179854216938,1.234141330853987,-0.4760732749081198,2.07942313057387,1.3515510039056045,-0.7793451088380519,-0.18646356844780584,-1.4186800240209032,0.3369441877507119
1623,0,1,0,0.11171870822652469,1.9045780655697093,0.7185404706791524,-1.9647492920096716,-0.06824285946398782,-1.2914469281150334,-0.9881347980216324,0.1465469209909105,-0.11458771365567119,-0.18669346917180268,0.3369441877507119
1624,0,1,0,-1.2515479167466377,1.3173414314933443,1.0561022785522007,-1.9647492920096716,1.2395594823688785,-0.15129970238202184,-0.39730505006020883,-0.47071443222839776,0.3526053424932012,1.455955270626998,-0.42559820917812835
1625,0,0,0,-0.923354099623469,-0.591177629254842,-1.0227619699337303,0.8342800029960297,-0.1447110623597622,0.3939881012294184,-0.7557417638234722,-0.8307835549396608,-1.372415172518021,0.22396871577789748,1.099486584679552
1626,1,1,0,-0.519423247779569,1.6109597485315268,0.08584265592256458,1.5840199927296996,-0.6407740196067119,0.4435597197395494,0.2270050502856957,0.7123698281086097,-0.07864978625960418,2.277279640526398,-1.1881406061069686
1627,0,0,0,-1.1253195255454191,-0.591177629254842,0.7960136724860812,1.6340026587119443,1.506217830928504,-0.5478726504630693,-1.9590650171715718,-0.3163990939235707,1.2151155999988126,-0.18669346917180268,1.8620289816083926
1628,0,0,0,0.4904038818301809,-0.591177629254842,-0.5597673591351778,-0.11539065066661894,-0.12902527715037282,-0.5974442689732002,0.9379701803326086,0.9695620586166548,0.3166674150971342,0.22396871577789748,-0.42559820917812835
1629,0,0,0,0.06122735174603719,-0.591177629254842,0.4971884655164978,1.234141330853987,-0.3917621794076505,0.6418461937800731,0.3806207847556655,-0.26496064782196166,0.7119846164538726,-0.18669346917180268,1.099486584679552
1630,0,1,0,1.601213724400906,1.39074601075289,-0.3660843546178551,0.08454001326235971,-0.6152846186414533,0.6418461937800731,0.8434374206587806,1.3810696274295269,-0.22240149584387287,1.8666174555766981,1.099486584679552
1631,0,1,0,0.3894211688692059,1.39074601075289,0.4639856647420994,0.8842626689782743,0.18076898073507405,-0.4487294134428074,0.22897448277890034,-1.7052371386670142,-1.1567876081416182,-1.0080178390712031,0.3369441877507119
1632,0,0,0,0.5156495600704247,-0.591177629254842,0.6207766683989797,-1.0650613043292676,-1.5583924543560095,0.7905610493104659,0.8493457181383951,0.09510847488930148,-0.9770979711612826,-0.18669346917180268,-0.42559820917812835
1633,0,0,0,2.080881610965537,-0.591177629254842,-1.159262373117367,-0.4152866465600869,0.26704079938671754,0.5922745752699422,0.2565465376837669,0.6094929359053917,-0.18646356844780584,0.6346309007275976,0.3369441877507119
1634,0,0,0,0.08647302998628094,-0.591177629254842,1.5467658899960843,0.03455734728011505,0.692517723191413,0.8401326678205968,-1.9551261521851622,2.3584001033600983,0.9994880356224098,-0.18669346917180268,-1.1881406061069686
1635,0,0,0,-0.26696646537713153,-0.591177629254842,-0.7257813630071688,-0.1653733166488636,0.26900152253789117,0.09655839016863282,-1.600628303408308,1.329631181327918,-1.1208496807455512,-1.0080178390712031,-0.42559820917812835
1636,0,0,0,-0.4689318912990815,-0.591177629254842,0.33486366173055093,0.03455734728011505,-1.4231025569250235,-0.845302361523855,-1.1653837224100594,0.1465469209909105,1.1791776726027456,-0.5973556541215028,-0.42559820917812835
1637,0,1,0,-2.311866402836875,0.5832956388978879,-1.6794395852496051,-0.6651999764713102,-0.419212303524082,0.3939881012294184,0.5401448167052497,-0.21352220172035263,0.46041912468140284,-0.5973556541215028,0.3369441877507119
1638,0,0,0,-0.0902467176954253,-0.591177629254842,0.6595132693024447,-2.1146972899564056,0.8278076206223994,-0.4487294134428074,1.546524820732875,0.24942381319412854,0.6760466890578055,1.8666174555766981,-1.1881406061069686
1639,0,1,0,0.6671236295118872,1.2439368522337986,0.44738426435490075,0.8842626689782743,1.3121062389623068,-2.5803090093784378,0.469245246949879,0.24942381319412854,-1.048973825953417,0.22396871577789748,-1.1881406061069686
1640,0,1,0,0.6166322730313997,1.9045780655697093,1.6389958921471903,0.5843666730848064,0.431741544085309,0.3939881012294184,-1.6478946832452221,0.09510847488930148,0.02916399592859748,-0.5973556541215028,-1.1881406061069686
1641,0,0,0,0.995317446635056,-0.591177629254842,-0.37715195487598774,0.18450534522684905,1.3650457640439968,0.29484486420915657,0.37668191976925625,0.8152467203118278,0.02916399592859748,-0.18669346917180268,-0.42559820917812835
1642,0,0,0,-0.26696646537713153,-0.591177629254842,-1.2016881741068757,1.084193332907253,-1.4211418337738495,2.6742825526954412,1.0206863450472077,0.45517759760056464,-0.04271185886353718,0.22396871577789748,0.3369441877507119
1643,0,0,0,-0.8476170649027378,-0.591177629254842,-0.7497611635664561,-1.7648186280806928,0.1709653649792055,0.4435597197395494,0.6130138189538257,-0.9336604471428789,-0.3661532054281415,-0.5973556541215028,0.3369441877507119
1644,0,0,0,0.3136841341484747,-0.591177629254842,0.11904545669696297,-2.2646452879031393,0.7297714630637138,0.24527324569902562,-1.0472177728177747,-0.8822220010412699,0.7119846164538726,0.6346309007275976,-0.42559820917812835
1645,0,1,0,0.5156495600704247,1.3173414314933443,-0.16871215001448783,-0.4652693125423316,1.0650551219144186,-0.4983010319529384,0.36092645982361804,1.123877396921482,1.7541845109398195,0.22396871577789748,-1.1881406061069686
1646,0,0,0,-0.1912294306564003,-0.591177629254842,-0.27754355255279306,-0.26533864861335293,0.6023244582374224,-0.6470158874833312,-1.0117679879400892,-0.47071443222839776,-0.11458771365567119,-0.5973556541215028,1.8620289816083926
1647,0,0,0,0.5156495600704247,-0.591177629254842,-0.20191495078888622,1.0342106669250084,-0.619206064943801,-0.30001455791241466,-2.08707812922988,-2.1167447074798864,0.7479225438499402,-0.18669346917180268,-0.42559820917812835
1648,0,0,1,-1.2010565602661503,-0.591177629254842,1.5061846890495978,0.934245334960519,0.9925083653209914,0.24527324569902562,-0.49774610721365076,0.6094929359053917,-0.1505256410517382,-1.0080178390712031,-1.1881406061069686
1649,0,0,0,-0.6456516389807878,-0.591177629254842,0.20205245863295843,-0.4652693125423316,-0.42705519612877696,-1.2418753096049024,-0.7655889262894959,0.6609313820070007,1.0354259630184768,0.22396871577789748,-0.42559820917812835
1650,0,0,0,0.793352020713106,-0.591177629254842,0.02866005458887893,1.0342106669250084,2.239528289467472,0.4435597197395494,0.8946426654821039,-0.985098893244488,-2.163049575231498,1.8666174555766981,0.3369441877507119
1651,0,0,0,1.5507223679204185,-0.591177629254842,-0.04512394713200592,1.534037326747455,-1.6760358434264322,1.0879907603712515,-0.9388989856915138,-0.6250297705332248,-1.336477245121954,0.6346309007275976,1.099486584679552
1652,0,0,0,0.995317446635056,-0.591177629254842,-0.35132755427367796,0.6843320050492957,0.7905538807500987,0.14613000867876375,0.6346775763790777,1.0724389508198728,0.38854326988926885,-0.18669346917180268,-0.42559820917812835
1653,0,0,0,-0.2417207871368878,-0.591177629254842,-0.8272343653733855,0.784297337013785,1.8650301675932937,-0.10172808387189092,-0.11370677103872542,1.0724389508198728,-1.3005393177258868,0.22396871577789748,0.3369441877507119
1654,0,1,0,-0.6961429954612753,1.4641505900124354,0.34408666194566156,0.33445334317358305,-1.1976193945400464,1.1375623788813825,-0.04280720128335472,1.9983309806488352,-0.5099049150124095,-1.4186800240209032,0.3369441877507119
1655,1,0,1,-0.1407380741759128,-0.591177629254842,0.9103788751534531,1.683985324694189,1.0885837997285028,-1.4401617836454261,0.13247229061186772,1.0210005047182638,-0.04271185886353718,-1.0080178390712031,1.8620289816083926
1656,0,0,0,1.1215458378362746,-0.591177629254842,1.1464876806602842,1.833933322640923,-1.2623232585287787,-0.0025848468516290433,1.5031973058823709,1.175315843023091,1.0354259630184768,-0.5973556541215028,-1.1881406061069686
1657,0,0,0,-0.01450968297469406,-0.591177629254842,-0.8936399669221816,0.3844360091558277,-0.470191105454599,-0.9444455985441168,-2.197366348849346,-0.985098893244488,-2.127111647835431,-0.18669346917180268,-0.42559820917812835
1658,0,0,0,0.5408952383106684,-0.591177629254842,1.0062980773906032,0.03455734728011505,0.0003824508270921277,1.0384191418611206,0.711485443614063,-0.5735913244316158,1.0354259630184768,1.8666174555766981,0.3369441877507119
1659,0,0,0,0.21270142118749968,-0.591177629254842,0.379134062763082,-1.4149399662049802,1.974830664059021,0.9888475233509896,0.6839133887091964,-1.6537986925654051,0.6041708342656715,0.22396871577789748,-1.1881406061069686
1660,0,0,0,-0.4689318912990815,-0.591177629254842,-0.4712265570701158,0.33445334317358305,-2.074062643114696,0.691417812290204,1.7001405552028455,-0.26496064782196166,-0.04271185886353718,1.0452930856772977,-0.42559820917812835
1661,0,1,0,-0.8981084213832253,1.0971276937147072,0.8236826731314131,0.2844706771913384,-0.20745420319732136,-0.0025848468516290433,0.42394829960617025,-1.293729569854142,-0.1505256410517382,-0.18669346917180268,-1.1881406061069686
1662,0,0,0,-1.226302238506394,-0.591177629254842,-0.5763687595223765,-0.8651306404002889,-0.3643120552912184,-1.0435888355643788,-0.8995103358274189,0.19798536709251952,-0.6895945519927452,0.6346309007275976,1.099486584679552
1663,0,1,0,0.8943347336740809,1.1705322729742529,-0.09123894820755894,-1.2150093022760016,-0.46234821284990407,0.691417812290204,0.25851597017697153,-0.47071443222839776,-0.5099049150124095,0.22396871577789748,0.3369441877507119
1664,0,0,0,-0.6456516389807878,-0.591177629254842,-0.7571395637385446,0.484401341120317,-0.921157430224553,-0.6965875059934621,0.28214916009542823,0.1465469209909105,0.3166674150971342,1.0452930856772977,-0.42559820917812835
1665,0,0,0,1.1467915160765185,-0.591177629254842,-1.3012965764300704,-1.5648879641517142,1.2866168379970484,-0.10172808387189092,0.5322670867324312,-1.036537339346097,0.8557363260381412,-1.0080178390712031,-0.42559820917812835
1666,0,0,0,0.11171870822652469,-0.591177629254842,-0.31812475349927954,-0.06540798468437428,0.24155139842145906,-0.25044293940228374,0.26442426765658544,0.7123698281086097,0.3166674150971342,1.455955270626998,1.8620289816083926
1667,0,0,0,-1.327284951467369,-0.591177629254842,0.5765062673664493,-0.8151479744180442,-0.20745420319732136,-0.10172808387189092,-0.860121685963324,-0.05920686341552558,2.221377567088692,-0.5973556541215028,0.3369441877507119
1668,0,0,0,-1.4030219861881004,-0.591177629254842,-0.6852001620606818,0.33445334317358305,2.323839384967942,-1.0931604540745097,0.4495509220178316,0.4037391514989556,0.3166674150971342,1.0452930856772977,-0.42559820917812835
1669,0,1,0,0.13696438646676845,2.124791803348346,0.8107704728302584,0.18450534522684905,0.6846748305867181,-0.052156465361759975,-1.2047723722741543,-0.5221528783300068,0.1369777781167985,0.22396871577789748,0.3369441877507119
1670,0,0,0,-1.7059701250710253,-0.591177629254842,0.05448445519118873,-1.7648186280806928,0.6258531360515067,-0.2008713208921528,-1.0255540153925227,-0.9336604471428789,-0.9770979711612826,-1.0080178390712031,0.3369441877507119
1671,0,0,0,0.13696438646676845,-0.591177629254842,0.2592350599666441,-1.7148359620984481,0.7454572482731031,-0.8948739800339859,-0.48986837724083165,0.3523007053973466,0.9635501082263429,-0.5973556541215028,-1.1881406061069686
1672,0,0,0,1.0205631248752998,-0.591177629254842,0.23709985945037884,0.5343840071025617,-0.8486106736311253,-0.6470158874833312,-0.50168497220006,-0.9336604471428789,0.28072948770106715,0.6346309007275976,-1.1881406061069686
1673,0,1,0,-0.16598375241615657,1.4641505900124354,0.9896966770034039,-0.6152173104890656,-1.7034859675428644,0.09655839016863282,-1.640016953272403,-1.499483354260578,2.113563784900492,-0.18669346917180268,-1.1881406061069686
1674,0,0,0,-0.8981084213832253,-0.591177629254842,-0.3826857550050538,-2.3646106198676287,-0.22902215786023208,1.5837069454725607,-0.2358115856174194,-0.6764682166348338,-0.1505256410517382,-0.18669346917180268,0.3369441877507119
1675,0,0,0,-0.3931948565783503,-0.591177629254842,-0.9858699690732877,0.5843666730848064,1.4611211984515085,1.2862772344117752,-0.33231377778445204,-0.26496064782196166,-0.1505256410517382,-0.18669346917180268,-0.42559820917812835
1676,0,0,1,-0.7466343519417628,-0.591177629254842,2.044807901612057,0.3844360091558277,1.0532907830073763,-0.3991577949326765,1.221568459354092,1.329631181327918,-0.04271185886353718,0.22396871577789748,1.099486584679552
1677,0,1,0,0.2884384559082309,1.6109597485315268,-2.194082997252777,0.634349339067051,-0.6721455900254911,-0.2008713208921528,-1.3485409442781005,-0.05920686341552558,1.1073018178106115,1.0452930856772977,-1.1881406061069686
1678,0,0,0,0.23794709942774345,-0.591177629254842,-0.5745241594793545,-0.26533864861335293,-0.12510383084802507,-0.10172808387189092,0.09308364074777281,0.30086225929573757,-1.1927255355376853,0.6346309007275976,-1.1881406061069686
1679,0,0,0,0.2631927776679872,-0.591177629254842,1.2350284827253464,0.3844360091558277,0.3160588781660604,-0.5478726504630693,-0.42684653745828005,-0.05920686341552558,0.8916742534342083,-0.5973556541215028,0.3369441877507119
1680,0,0,1,-0.6708973172210315,-0.591177629254842,2.1868421049247613,0.5843666730848064,0.021950405490003416,-0.0025848468516290433,0.26442426765658544,-0.6250297705332248,-0.18646356844780584,-0.18669346917180268,0.3369441877507119
1681,0,0,0,0.11171870822652469,-0.591177629254842,-1.111302771998792,-0.9151133063825336,-0.2956867450001384,0.5427029567598112,-0.8719382809225523,-1.345168015955751,0.24479156030500016,-0.18669346917180268,0.3369441877507119
1682,0,0,0,-1.5292503773893191,-0.591177629254842,1.1612444810044615,-0.9151133063825336,0.6415389212608966,-0.15129970238202184,-0.9310212557186947,-0.7279066627364429,-0.22240149584387287,1.0452930856772977,-1.1881406061069686
1683,1,1,1,0.6923693077521309,0.7301047974169792,0.7849460722279487,-0.5652346445068209,-0.7760639170376982,0.4435597197395494,0.34517099987798044,0.09510847488930148,1.2151155999988126,-1.0080178390712031,-1.1881406061069686
1684,0,0,1,0.5661409165509121,-0.591177629254842,1.0450346782940676,1.7339679906764336,1.4454354132421183,-0.5974442689732002,0.5066644643207693,-1.190852677650924,-0.04271185886353718,0.6346309007275976,0.3369441877507119
1685,0,0,0,0.5408952383106684,-0.591177629254842,-0.6519973612862839,-0.6651999764713102,0.23566922896793768,-1.2914469281150334,-0.6296980842583685,-0.6764682166348338,-0.25833942323993986,-0.18669346917180268,-1.1881406061069686
1686,0,1,0,0.33892981238871844,0.8035093766765248,-0.4601589568119832,-0.015425318702129613,0.8121218354130094,0.4435597197395494,-0.81285530612641,0.6094929359053917,0.8557363260381412,-1.4186800240209032,1.099486584679552
1687,0,1,0,0.03598167350579344,1.2439368522337986,-0.7774301642117878,-0.015425318702129613,-0.46038748969873045,-0.845302361523855,-0.25747534304267206,-0.3678375400251797,-0.006773931467470169,0.6346309007275976,0.3369441877507119
1688,0,0,0,0.6418779512716434,-0.591177629254842,-1.3990603787102427,-0.36530398057784225,-1.4348668958320656,0.3444164827192875,2.5213939048692238,-1.7566755847686233,1.5026190191673499,-1.4186800240209032,-1.1881406061069686
1689,0,0,1,1.2477742290374934,-0.591177629254842,-0.792186964555965,0.5843666730848064,0.18076898073507405,-0.9444455985441168,-0.7911915487011579,-1.139414231549315,0.7119846164538726,-1.0080178390712031,1.8620289816083926
1690,0,0,1,-1.024336812584444,-0.591177629254842,2.033740301353925,0.03455734728011505,1.0866230765773293,0.740989430800335,0.8178347982471192,-1.2422911237525331,0.5322949794735369,-0.18669346917180268,0.3369441877507119
1691,1,0,1,0.9448260901545684,-0.591177629254842,0.30719466108521915,1.4340719947829657,-0.46430893600107764,-0.6965875059934621,0.6130138189538257,0.4037391514989556,1.7901224383358867,-1.4186800240209032,-1.1881406061069686
1692,0,0,0,-1.8069528380320004,-0.591177629254842,0.2961270608270865,-1.4649226321872248,-1.4466312347391077,-1.2914469281150334,-1.037370610351751,-0.6764682166348338,1.4307431643752153,-0.18669346917180268,-0.42559820917812835
1693,0,0,0,0.2631927776679872,-0.591177629254842,0.7867906722709707,-0.21535598263110828,-0.7388101771653974,0.5427029567598112,-0.3224666153184283,1.0210005047182638,0.6041708342656715,1.0452930856772977,1.8620289816083926
1694,1,0,1,-1.6049874121100502,-0.591177629254842,-0.1225971489389348,0.934245334960519,-0.3368619311747863,-0.6965875059934621,0.49484786936154096,-0.007768417313916559,-0.1505256410517382,-1.4186800240209032,-1.1881406061069686
1695,0,0,0,-0.4941775695393253,-0.591177629254842,-0.4620035568550052,-0.8151479744180442,0.3140981550148862,-0.4487294134428074,0.5618085741305024,-0.9336604471428789,1.2510535273948795,-0.5973556541215028,-0.42559820917812835
1696,0,0,0,-1.3777763079478564,-0.591177629254842,-1.6443921844321847,0.3844360091558277,1.490532045719114,-1.1427320725846406,-1.0787286927090507,0.5580544898037827,0.8916742534342083,-1.0080178390712031,-0.42559820917812835
1697,0,0,0,0.6166322730313997,-0.591177629254842,-1.354789977677712,-0.26533864861335293,-0.8348856115729095,0.6418461937800731,-0.17278974583486778,-1.6023602464637963,-0.7614704067848799,-0.5973556541215028,-0.42559820917812835
1698,0,0,0,-1.4535133426685878,-0.591177629254842,-2.8138686117082097,0.8342800029960297,-0.7701817475841768,-0.15129970238202184,1.5406165232532605,-0.21352220172035263,0.1729157055128655,-0.5973556541215028,1.099486584679552
1699,0,0,0,-0.16598375241615657,-0.591177629254842,1.2073594820800144,0.5843666730848064,-0.3878407331053027,-0.4487294134428074,1.2136907293812724,0.24942381319412854,-0.18646356844780584,0.6346309007275976,-0.42559820917812835
1700,0,0,0,-1.3777763079478564,-0.591177629254842,0.3164176613003297,-0.7651653084357996,0.1121436704439941,-1.2914469281150334,0.3018434850274757,0.6094929359053917,0.3526053424932012,0.22396871577789748,1.099486584679552
1701,0,1,0,-0.6961429954612753,1.3173414314933443,-0.8917953668791596,-0.11539065066661894,-1.8368151418226768,-0.15129970238202184,0.4022845421809176,-0.21352220172035263,-0.006773931467470169,0.6346309007275976,0.3369441877507119
1702,0,1,0,1.1467915160765185,1.0971276937147072,-0.5523889589630893,-0.21535598263110828,0.7768288186918829,1.1871339973915134,1.816337072301925,1.792577196242399,-1.0130358985573495,-0.18669346917180268,0.3369441877507119
1703,0,0,0,-0.1912294306564003,-0.591177629254842,1.1114402798428644,-1.5149052981694695,1.0121155968327284,-0.052156465361759975,-0.643484111710802,0.6094929359053917,0.24479156030500016,2.277279640526398,-0.42559820917812835
1704,0,1,0,-1.226302238506394,1.6843643277910723,-0.6907339621897484,-1.165026636293757,-0.140789616057415,-0.15129970238202184,1.0265946425268222,-0.6250297705332248,0.28072948770106715,-0.18669346917180268,-0.42559820917812835
1705,0,0,0,2.5605494975301686,-0.591177629254842,-1.1832421736766545,1.833933322640923,-0.4211730266752562,-1.489733402155557,-0.3067111553727907,0.6609313820070007,-1.5161668821022896,-0.5973556541215028,1.099486584679552
1706,0,1,0,0.7176149859923747,1.6843643277910723,0.24816745970851145,-0.06540798468437428,0.482720346015826,-0.6470158874833312,-0.0723486886814259,-0.47071443222839776,0.02916399592859748,1.455955270626998,0.3369441877507119
1707,0,0,0,-0.16598375241615657,-0.591177629254842,0.48981006534440924,-2.5645412837966077,0.4787988997134782,0.740989430800335,1.0915859148025784,-1.345168015955751,0.9994880356224098,-1.4186800240209032,-0.42559820917812835
1708,0,0,0,-0.01450968297469406,-0.591177629254842,-0.35501675435972196,1.8839159886231676,0.41409503572474604,-0.3991577949326765,-1.0019208254740655,1.0210005047182638,0.3526053424932012,-1.0080178390712031,-1.1881406061069686
1709,0,0,0,-1.4535133426685878,-0.591177629254842,0.3754448626770379,0.3844360091558277,1.7297402701623068,-0.9940172170542477,-0.40715221252623257,0.1465469209909105,0.38854326988926885,1.0452930856772977,-0.42559820917812835
1710,0,0,0,0.7428606642326184,-0.591177629254842,0.6189320683559577,0.2344880112090937,0.11802583989751492,0.3939881012294184,-0.7458946013574486,-0.3678375400251797,-0.47396698761634254,-0.5973556541215028,-1.1881406061069686
1711,0,0,0,0.591386594791156,-0.591177629254842,-0.02298874661574015,0.08454001326235971,0.6827141074355445,0.9888475233509896,0.7567823909577718,0.9695620586166548,0.24479156030500016,-1.4186800240209032,1.099486584679552
1712,1,0,1,-0.21647510889664406,-0.591177629254842,1.3420152852206295,0.9842280009427636,0.13371162510690485,0.5922745752699422,1.641057580406703,-0.26496064782196166,0.6401087616617385,0.22396871577789748,1.099486584679552
1713,0,0,0,-1.327284951467369,-0.591177629254842,0.33486366173055093,-1.8148012940629374,-1.2446767501682157,1.2862772344117752,0.8493457181383951,-0.985098893244488,1.071363890414544,0.22396871577789748,1.8620289816083926
1714,0,1,0,-0.06500103945518156,1.537555169271981,-1.262559975526606,0.2344880112090937,0.3474304485848397,0.04698677165850189,0.9222147203869704,0.4037391514989556,-1.3005393177258868,-0.5973556541215028,0.3369441877507119
1715,0,0,1,-0.01450968297469406,-0.591177629254842,-1.5318715818078354,-0.7151826424535549,0.19645476594446343,1.6332785639826917,-1.0806981252022552,0.30086225929573757,0.8197983986420742,-0.5973556541215028,-0.42559820917812835
1716,0,0,0,-0.5446689260198128,-0.591177629254842,-0.41773315582247417,0.43441867513807236,-1.5289816070884037,-0.6470158874833312,-0.23975045060382924,0.1465469209909105,0.38854326988926885,0.22396871577789748,1.099486584679552
1717,0,0,0,1.601213724400906,-0.591177629254842,-1.0375187702779072,-1.1150439703115123,-0.591755940827369,-0.746159124503593,-0.6966587890273299,-1.139414231549315,0.8916742534342083,-1.0080178390712031,-0.42559820917812835
1718,1,0,0,-0.2922121436173753,-0.591177629254842,0.5045668656885864,1.683985324694189,-0.6368525733043646,0.24527324569902562,-0.8975409033342142,-0.7279066627364429,0.24479156030500016,-0.18669346917180268,-1.1881406061069686
1719,0,0,1,0.6418779512716434,-0.591177629254842,1.2959002841450764,-0.21535598263110828,1.210148635101273,-0.3991577949326765,-0.6789338965884871,0.4037391514989556,0.8916742534342083,-0.18669346917180268,1.099486584679552
1720,0,0,0,-0.11549239593566905,-0.591177629254842,-0.655686561372328,0.08454001326235971,0.48075962286465185,-1.3410185466251643,0.5204504917732024,-0.47071443222839776,-0.07864978625960418,1.0452930856772977,-0.42559820917812835
1721,0,1,0,0.4904038818301809,1.8311734863101636,2.2126665055270704,-0.8651306404002889,-0.721163668804834,-0.7957307430137239,-1.0747898277226413,-0.6250297705332248,0.49635705207746983,0.22396871577789748,-1.1881406061069686
1722,0,0,1,2.8130062799326057,-0.591177629254842,0.8568854739058115,1.3341066628184763,2.0473774206524493,-0.845302361523855,-0.3953356175670042,1.638261857937572,0.8557363260381412,-0.18669346917180268,0.3369441877507119
1723,0,0,0,-0.721388673701519,-0.591177629254842,-0.7737409641257438,0.2844706771913384,-1.111347575888403,-0.30001455791241466,1.4263894386473852,0.5066160437021736,-0.22240149584387287,0.6346309007275976,0.3369441877507119
1724,1,1,0,1.3740026202387121,1.3173414314933443,0.5931076677536479,1.0342106669250084,-1.1956586713888728,1.1375623788813825,-1.0747898277226413,-0.5735913244316158,0.3166674150971342,-0.5973556541215028,-0.42559820917812835
1725,0,0,0,-0.2922121436173753,-0.591177629254842,-1.6573043847333397,-1.015078638347023,-0.3996050720123449,-0.9444455985441168,-1.0944841526546887,1.0210005047182638,-0.25833942323993986,-0.18669346917180268,0.3369441877507119
1726,1,0,0,0.6418779512716434,-0.591177629254842,0.33301906168752893,1.2841239968362317,0.9081972698205215,0.5922745752699422,1.654843607859136,0.19798536709251952,0.8197983986420742,1.455955270626998,0.3369441877507119
1727,0,0,1,1.8031791503228558,-0.591177629254842,1.6685094928355448,0.08454001326235971,1.106230308089067,0.5427029567598112,-0.6454535442040067,0.19798536709251952,0.6401087616617385,0.22396871577789748,0.3369441877507119
1728,0,0,0,1.0710544813557872,-0.591177629254842,0.27214726026779923,-0.06540798468437428,-1.501531482971972,1.6332785639826917,0.5559002766508879,-0.05920686341552558,-0.006773931467470169,-1.0080178390712031,0.3369441877507119
1729,1,0,1,1.6517050808813933,-0.591177629254842,-2.4320364028026304,-0.5652346445068209,1.2591667138806157,-0.25044293940228374,0.6681579287635582,-0.1620837556187436,1.071363890414544,-0.5973556541215028,-1.1881406061069686
1730,0,0,0,0.793352020713106,-0.591177629254842,0.19467405846086983,0.2344880112090937,-0.3525477163841762,0.7905610493104659,1.546524820732875,0.24942381319412854,0.9994880356224098,-1.0080178390712031,-0.42559820917812835
1731,1,0,1,-0.16598375241615657,-0.591177629254842,-1.660993584819384,-0.3153213145955976,2.7395126930167693,0.29484486420915657,-0.5587985145029978,-1.2422911237525331,-0.8333462615770139,-1.4186800240209032,-0.42559820917812835
1732,0,0,0,-0.03975536121493781,-0.591177629254842,0.056329055234210744,-0.8651306404002889,-0.8956680292592946,0.5427029567598112,-0.1038596085727017,-2.2196215996831046,0.6760466890578055,0.22396871577789748,-1.1881406061069686
1733,0,1,0,0.8943347336740809,1.9779826448292548,0.4787424650862766,-0.7151826424535549,1.9277733084308524,0.9392759048408587,0.2545771051905617,0.19798536709251952,-1.1927255355376853,-0.18669346917180268,-0.42559820917812835
1734,0,0,0,0.4651582035899372,-0.591177629254842,0.9583384762720281,-0.9151133063825336,1.3081847926599586,-0.15129970238202184,0.19155526540801007,0.9181236125150458,-1.0130358985573495,2.277279640526398,-0.42559820917812835
1735,1,0,1,0.3641754906289622,-0.591177629254842,1.3235692847904084,-1.5648879641517142,1.0258406588909443,-0.2008713208921528,-1.6341086557927889,0.6094929359053917,-0.11458771365567119,-1.4186800240209032,1.099486584679552
1736,0,0,0,1.5002310114399309,-0.591177629254842,-0.1539553496703112,0.13452267924460437,0.8493755752853102,1.0384191418611206,-0.4544185923631466,-0.41927598612678874,0.9994880356224098,-0.5973556541215028,0.3369441877507119
1737,0,0,0,1.6517050808813933,-0.591177629254842,0.3385528618165955,-0.5652346445068209,0.9964298116233385,0.6418461937800731,-1.2402221571518395,-0.7793451088380519,0.3526053424932012,-1.0080178390712031,0.3369441877507119
1738,0,0,0,0.4904038818301809,-0.591177629254842,-0.8253897653303629,-0.3153213145955976,0.07685065372286705,0.29484486420915657,0.7311797685461103,0.45517759760056464,-1.2646013903298197,1.455955270626998,-0.42559820917812835
1739,0,0,0,1.8284248285630997,-0.591177629254842,0.21865385902015763,0.6843320050492957,-0.6211667880949747,1.8811366565333465,-1.8113575801812158,-0.05920686341552558,0.02916399592859748,-0.5973556541215028,-0.42559820917812835
1740,0,0,0,1.3992482984789558,-0.591177629254842,-0.09308354825058096,-1.7648186280806928,-0.054517797405771506,0.7905610493104659,0.733149201039315,-0.7279066627364429,0.1369777781167985,-1.0080178390712031,-1.1881406061069686
1741,0,0,0,-0.7718800301820066,-0.591177629254842,-0.03959014700293935,1.234141330853987,0.5101704701322576,0.1957016271888947,1.040380669979255,-1.448044908158969,0.24479156030500016,-0.18669346917180268,-1.1881406061069686
1742,0,0,0,-1.5040046991490752,-0.591177629254842,0.04710605501910014,-0.5652346445068209,0.22194416690972193,0.1957016271888947,0.12065569565263937,1.2267542891246999,-1.2286634629337525,-1.4186800240209032,-0.42559820917812835
1743,0,0,0,0.793352020713106,-0.591177629254842,0.7904798723570152,-0.7651653084357996,-0.6819492057813596,-1.1923036910947715,0.14035002058468682,-0.1620837556187436,0.3526053424932012,-0.18669346917180268,-1.1881406061069686
1744,1,0,1,-1.3525306297076127,-0.591177629254842,-2.4301918027596088,0.9842280009427636,-0.41725158037290844,1.1375623788813825,-0.9585933106235612,-0.21352220172035263,1.1073018178106115,1.0452930856772977,-1.1881406061069686
1745,0,0,0,1.5002310114399309,-0.591177629254842,-1.065187770923239,-0.1653733166488636,-2.1740595238245555,-0.15129970238202184,-0.9960125279944515,-0.41927598612678874,0.02916399592859748,0.22396871577789748,-0.42559820917812835
1746,0,0,0,2.0051445762448057,-0.591177629254842,-0.6649095615874385,1.0342106669250084,-0.21333637265084215,0.5427029567598112,-0.5194098646389028,-0.9336604471428789,-0.5099049150124095,0.22396871577789748,1.099486584679552
1747,0,0,0,-0.1912294306564003,-0.591177629254842,-0.2701651523807045,-1.6148706301339588,0.2003762122468112,-0.6965875059934621,0.5539308441576833,0.19798536709251952,-0.8692841889730812,-0.18669346917180268,0.3369441877507119
1748,0,0,0,0.21270142118749968,-0.591177629254842,0.2592350599666441,-2.1146972899564056,-1.00938997202737,0.740989430800335,1.5996994980494028,0.24942381319412854,1.0354259630184768,-1.4186800240209032,0.3369441877507119
1749,0,0,0,-0.519423247779569,-0.591177629254842,-1.4470199798288181,1.0342106669250084,1.2356380360665313,0.4931313382496803,-1.2520387521110683,-1.345168015955751,-1.048973825953417,0.22396871577789748,-1.1881406061069686
1750,0,1,0,-1.1758108820259066,1.1705322729742529,-1.6093447836147647,-0.6152173104890656,-0.1388288929062414,-0.10172808387189092,-2.00830082950169,0.9695620586166548,0.49635705207746983,-0.5973556541215028,0.3369441877507119
1751,0,0,0,0.5156495600704247,-0.591177629254842,-0.19638115065981965,1.384089328800721,-1.4956493135184505,-0.052156465361759975,1.2806514341502344,0.24942381319412854,-2.6302426313803706,1.0452930856772977,0.3369441877507119
1752,0,1,0,1.4244939767191998,1.537555169271981,0.731452670980307,0.08454001326235971,0.1141043935951677,0.4435597197395494,-0.17475917832807242,0.8666851664134367,1.7182465835437526,0.22396871577789748,-0.42559820917812835
1753,0,1,0,1.7526877938423684,2.124791803348346,-0.026677946701784708,1.4840546607652103,0.8356505132270944,0.14613000867876375,0.8217736632335285,-0.3678375400251797,0.9994880356224098,-0.18669346917180268,-1.1881406061069686
1754,0,0,0,0.9448260901545684,-0.591177629254842,-0.609571560296775,0.03455734728011505,1.6532720672665324,2.07942313057387,-0.49774610721365076,-0.1106453095171346,1.3588673095830812,0.6346309007275976,1.099486584679552
1755,0,1,0,-0.21647510889664406,1.6843643277910723,-0.13366474919706742,0.784297337013785,1.2944597306017427,-0.4487294134428074,0.530297654239226,-0.5221528783300068,0.5682329068696045,0.22396871577789748,-0.42559820917812835
1756,0,0,1,1.676950759121637,-0.591177629254842,-0.1908473505307536,1.1841586648717424,-0.5270520768386362,0.3939881012294184,0.2998740525342711,-1.8595524769718412,0.7838604712460072,-0.18669346917180268,1.8620289816083926
1757,0,0,0,-0.2417207871368878,-0.591177629254842,-1.0282957700627964,0.33445334317358305,2.3297215544214636,1.2367056159016443,0.7154243086004722,-1.139414231549315,-1.048973825953417,-0.18669346917180268,0.3369441877507119
1758,0,0,0,0.6671236295118872,-0.591177629254842,-1.541094582022946,0.8342800029960297,-0.45450532024520907,-1.588876639175819,-0.7695277912759058,1.3810696274295269,-0.18646356844780584,-0.18669346917180268,1.099486584679552
1759,0,1,0,-0.31745782185761906,1.39074601075289,-1.5890541831415212,0.2844706771913384,1.0160370431350758,-0.3991577949326765,-0.24171988309703388,0.19798536709251952,0.24479156030500016,-1.4186800240209032,-0.42559820917812835
1760,0,0,0,0.5661409165509121,-0.591177629254842,1.4453128876298678,-0.4152866465600869,0.22390489006089553,-1.4401617836454261,-0.2358115856174194,0.19798536709251952,-0.29427735063600685,-1.0080178390712031,0.3369441877507119
1761,1,1,0,0.8943347336740809,1.537555169271981,-1.7403113866693352,-0.11539065066661894,0.5925208424815538,-0.746159124503593,0.8335902581927569,0.19798536709251952,-0.43802906022027555,-0.5973556541215028,0.3369441877507119
1762,0,1,0,-0.822371386662494,1.9045780655697093,-0.36055055448878853,-1.4149399662049802,-0.3074510839071806,0.9392759048408587,0.13838058809148218,0.04367002878769246,-1.4802289547062226,2.277279640526398,-0.42559820917812835
1763,0,1,0,0.793352020713106,0.14286816334061422,0.06186285536327732,-2.3146279538853842,1.8081691962092554,-1.588876639175819,-1.1614448574236496,0.8152467203118278,0.46041912468140284,-0.18669346917180268,-1.1881406061069686
1764,0,0,0,0.8185976989533497,-0.591177629254842,0.6761146696896434,-1.6648532961162035,0.431741544085309,1.6332785639826917,-0.18263690830089152,-0.26496064782196166,-2.5583667765882367,-1.4186800240209032,0.3369441877507119
1765,0,0,0,0.6671236295118872,-0.591177629254842,1.5154076892647086,0.2344880112090937,-0.36039060898887065,0.3444164827192875,-1.9767899096104142,1.586823411835963,-2.4864909217961024,0.22396871577789748,-1.1881406061069686
1766,0,0,0,0.5156495600704247,-0.591177629254842,-0.043279347088983906,2.0838466525521464,-1.5034922061231455,-0.5974442689732002,0.23488278025851425,-2.5282522762927586,-0.6536566245966782,0.6346309007275976,-0.42559820917812835
1767,0,0,0,0.3894211688692059,-0.591177629254842,-1.660993584819384,1.384089328800721,-0.37999784050060775,1.8315650380232156,-0.16097315087563943,-0.3163990939235707,1.3588673095830812,-0.5973556541215028,0.3369441877507119
1768,1,0,1,-0.0902467176954253,-0.591177629254842,-0.6372405609421067,0.13452267924460437,1.8454229360815566,-0.3495861764225456,0.7587518234509769,1.0210005047182638,0.28072948770106715,-1.0080178390712031,1.8620289816083926
1769,0,0,0,-1.4535133426685878,-0.591177629254842,-0.36977355470389917,-0.06540798468437428,-1.5779996858677465,2.4264244601447866,-0.5391041895709503,1.329631181327918,-1.2286634629337525,-0.5973556541215028,0.3369441877507119
1770,0,0,0,0.23794709942774345,-0.591177629254842,-0.5118077580166023,0.2844706771913384,-1.2191873492029572,1.2862772344117752,0.6346775763790777,0.6094929359053917,0.3526053424932012,1.455955270626998,1.099486584679552
1771,0,0,0,-0.8476170649027378,-0.591177629254842,-0.061725347519205116,0.9842280009427636,0.7023213389472817,1.8811366565333465,-0.9605627431167659,0.19798536709251952,0.1369777781167985,-0.18669346917180268,-0.42559820917812835
1772,0,0,0,1.6517050808813933,-0.591177629254842,-0.5062739578875363,-0.26533864861335293,-1.5525102849024883,0.24527324569902562,-0.0644709587086068,1.329631181327918,-0.1505256410517382,0.22396871577789748,-1.1881406061069686
1773,0,0,0,0.7176149859923747,-0.591177629254842,-0.33657075392950075,1.084193332907253,0.4003699736665297,-0.25044293940228374,0.46136751697705997,0.19798536709251952,-0.22240149584387287,-0.5973556541215028,-0.42559820917812835
1774,1,0,0,0.06122735174603719,-0.591177629254842,-0.14473234945520058,-1.1150439703115123,-1.0917403443766658,-0.6965875059934621,-0.8542133884837095,0.30086225929573757,-1.2286634629337525,-0.5973556541215028,1.099486584679552
1775,0,0,1,-0.7466343519417628,-0.591177629254842,1.8326788966645131,0.484401341120317,-0.19568986429027918,-1.6384482576859498,1.0620444274045073,-0.8307835549396608,0.5322949794735369,1.0452930856772977,-1.1881406061069686
1776,0,1,0,0.2884384559082309,1.39074601075289,0.6170874683129357,1.0342106669250084,0.5101704701322576,0.04698677165850189,-0.22596442315139567,-0.05920686341552558,0.3166674150971342,-0.5973556541215028,1.8620289816083926
1777,0,1,0,-2.337112081077119,2.0513872240888005,1.16862288117655,-1.6648532961162035,-0.5741094324668055,-2.035021205766997,-0.4721434848019888,1.5353849657343541,-1.9474220108550953,3.098604010425799,-0.42559820917812835
1778,0,0,1,-0.06500103945518156,-0.591177629254842,0.6945606701198646,1.0342106669250084,2.023848742838364,-1.3410185466251643,-0.08219585114744962,-1.499483354260578,0.7838604712460072,-1.0080178390712031,-1.1881406061069686
1779,0,0,0,-0.26696646537713153,-0.591177629254842,-0.06725914764827116,0.5343840071025617,1.6669971293247483,0.740989430800335,-0.9940430955012464,1.123877396921482,0.9994880356224098,1.0452930856772977,-0.42559820917812835
1780,0,0,1,-2.2108836898759003,-0.591177629254842,2.2809167071188887,1.6340026587119443,-0.5819523250715004,-0.6965875059934621,0.5184810592799977,-1.036537339346097,0.46041912468140284,-0.5973556541215028,-1.1881406061069686
1781,0,0,0,-1.0748281690649315,-0.591177629254842,1.0948388794556652,0.33445334317358305,-0.2545115588254906,-0.5974442689732002,-0.39730505006020883,-0.8307835549396608,0.5682329068696045,-0.5973556541215028,0.3369441877507119
1782,0,1,0,0.9195804119143247,1.0237231144551617,0.18545105824575922,-2.91441994567232,-0.4152908572217348,1.8315650380232156,-0.42684653745828005,1.329631181327918,0.42448119728533584,0.22396871577789748,0.3369441877507119
1783,0,0,1,0.3894211688692059,-0.591177629254842,-0.8530587659756947,-0.3153213145955976,0.93368667078578,1.2862772344117752,0.3491098648643897,-1.139414231549315,0.38854326988926885,0.22396871577789748,2.6245713785372327
1784,0,1,0,-0.16598375241615657,1.4641505900124354,-1.601966383442676,0.33445334317358305,-1.419181110622676,-0.6965875059934621,0.47909240941590275,-0.7279066627364429,-0.11458771365567119,-0.18669346917180268,1.099486584679552
1785,0,0,0,-0.3427035000978628,-0.591177629254842,-0.043279347088983906,-1.4149399662049802,0.9552546254486908,0.24527324569902562,-0.00932684889887371,-0.6764682166348338,-0.5817807698045442,1.0452930856772977,1.099486584679552
1786,0,0,0,0.4904038818301809,-0.591177629254842,0.09137645605163115,0.13452267924460437,0.1729260881303791,-0.6965875059934621,-0.6218203542855499,-1.5509218003621872,-0.006773931467470169,0.6346309007275976,0.3369441877507119
1787,0,1,0,-0.0902467176954253,1.1705322729742529,-0.06356994756222713,0.43441867513807236,-0.7995925948517825,-0.9444455985441168,1.3357955439599676,-0.3163990939235707,0.6760466890578055,1.8666174555766981,-1.1881406061069686
1788,0,0,0,0.8438433771935934,-0.591177629254842,0.4639856647420994,0.3844360091558277,-1.119190468493098,0.24527324569902562,-0.6986282215205345,-0.8307835549396608,0.28072948770106715,-0.18669346917180268,3.387113775466073
1789,0,0,0,-0.822371386662494,-0.591177629254842,-0.6630649615444165,-1.015078638347023,-1.2917341057963843,-1.7375914947062117,0.28214916009542823,-0.8307835549396608,1.8979362205240882,0.22396871577789748,0.3369441877507119
1790,0,0,0,-0.1912294306564003,-0.591177629254842,-0.004542746185518938,-0.36530398057784225,-0.2231399884067107,-1.7375914947062117,1.0226557775404124,-0.6250297705332248,0.6760466890578055,0.22396871577789748,-0.42559820917812835
1791,0,0,0,0.4904038818301809,-0.591177629254842,-0.7792747642548098,-0.015425318702129613,0.23566922896793768,1.434992089942168,-0.9566238781303567,-0.41927598612678874,0.10103985072073149,-1.0080178390712031,-0.42559820917812835
1792,0,0,0,-1.5040046991490752,-0.591177629254842,1.074548278982422,-0.4152866465600869,0.4572309450505675,2.723854171205572,0.31759894497311386,-0.5221528783300068,-0.006773931467470169,0.6346309007275976,0.3369441877507119
1793,0,0,0,-0.519423247779569,-0.591177629254842,0.4455396643118782,-0.4152866465600869,0.318019601317234,-0.15129970238202184,-0.9270823907322854,-1.7566755847686233,-0.9411600437652156,0.22396871577789748,0.3369441877507119
1794,0,1,0,-0.4436862130588378,1.2439368522337986,0.2168092589771356,-0.26533864861335293,0.9905476421698173,1.7819934195130847,0.9478173427986324,-0.7279066627364429,2.6526326958414987,0.22396871577789748,0.3369441877507119
1795,1,0,0,0.21270142118749968,-0.591177629254842,0.5451480666350729,2.0338639865699015,0.09449716208343058,-0.3495861764225456,-1.6124448983675364,0.5580544898037827,-0.8692841889730812,-0.5973556541215028,0.3369441877507119
1796,0,1,0,-0.8728627431429815,1.8311734863101636,-1.6739057851205388,0.18450534522684905,-1.7760327241362919,-0.30001455791241466,-0.5627373794894076,0.3523007053973466,-1.1208496807455512,1.8666174555766981,1.099486584679552
1797,0,0,0,-0.2922121436173753,-0.591177629254842,-0.7682071639966772,-0.21535598263110828,-0.14863250866210995,-1.8367347317264735,1.071891589870531,1.278192735226309,0.28072948770106715,0.22396871577789748,-0.42559820917812835
1798,0,1,0,0.4146668471094497,0.3630819011192511,0.517479065989741,-1.7648186280806928,-0.9309610459804216,-1.1427320725846406,0.6208915489266448,-0.26496064782196166,-0.18646356844780584,-0.5973556541215028,-0.42559820917812835
1799,0,0,0,0.6923693077521309,-0.591177629254842,1.6334620920181249,-0.26533864861335293,-1.562313900658357,1.2862772344117752,0.38455964974207535,1.0724389508198728,1.5026190191673499,0.6346309007275976,0.3369441877507119
1800,0,0,1,-0.31745782185761906,-0.591177629254842,-0.23696235160630663,-1.9647492920096716,-0.40940868776821343,-0.5974442689732002,0.8158653657539141,1.586823411835963,-1.2286634629337525,1.0452930856772977,1.8620289816083926
1801,0,0,0,-1.9836725857137065,-0.591177629254842,0.04157225489003409,0.3844360091558277,-0.03098911959168717,2.3768528416346557,0.10490023570700117,-0.21352220172035263,-0.3302152780320739,-0.5973556541215028,0.3369441877507119
1802,0,0,0,-0.5699146042600566,-0.591177629254842,-0.5985039600386423,-1.015078638347023,-0.009421164928776437,-0.0025848468516290433,-0.799069278673977,0.30086225929573757,1.2510535273948795,1.0452930856772977,-1.1881406061069686
1803,0,1,0,-1.1253195255454191,1.537555169271981,-2.6164964071048424,0.7343146710315404,-1.0995832369813607,0.5427029567598112,0.49878673434795023,0.04367002878769246,-1.9114840834590279,-0.5973556541215028,-0.42559820917812835
1804,0,0,0,2.308092715127731,-0.591177629254842,0.10059945626674176,-0.6152173104890656,0.4846810691669996,-0.10172808387189092,0.21912732031287663,0.24942381319412854,0.42448119728533584,-0.5973556541215028,0.3369441877507119
1805,0,0,0,-0.7718800301820066,-0.591177629254842,-0.4269561560375848,0.3844360091558277,-0.5721487093156319,0.7905610493104659,-0.10189017607949707,-0.21352220172035263,-0.5817807698045442,-0.18669346917180268,0.3369441877507119
1806,0,0,0,1.197282872557006,-0.591177629254842,1.1022172796277538,-0.8151479744180442,-0.08785009097572496,-0.746159124503593,0.616952683940235,0.19798536709251952,0.24479156030500016,-0.5973556541215028,-0.42559820917812835
1807,0,0,0,0.4651582035899372,-0.591177629254842,-0.8235451652873409,-1.5149052981694695,0.22194416690972193,-1.2914469281150334,-0.2515670455630576,0.24942381319412854,0.38854326988926885,0.6346309007275976,-0.42559820917812835
1808,0,0,0,-0.519423247779569,-0.591177629254842,0.28137026048290986,0.784297337013785,0.19057259649094263,-0.3495861764225456,-0.14127882594359198,-0.007768417313916559,0.9276121808302759,-0.5973556541215028,-1.1881406061069686
1809,0,0,0,0.3136841341484747,-0.591177629254842,-1.6038109834856984,-0.7651653084357996,-0.4427409813381669,-0.3991577949326765,-0.8167941711128193,-1.448044908158969,1.5026190191673499,-0.18669346917180268,1.099486584679552
1810,0,0,0,-0.6456516389807878,-0.591177629254842,0.5506818667641394,1.6340026587119443,0.22194416690972193,1.0384191418611206,1.7710401249582155,1.175315843023091,-1.0849117533494839,-0.18669346917180268,-0.42559820917812835
1811,0,0,0,-0.519423247779569,-0.591177629254842,0.33301906168752893,-0.8651306404002889,-0.6995957141419232,-0.6965875059934621,-2.112680751641542,-0.1106453095171346,-1.372415172518021,0.6346309007275976,-0.42559820917812835
1812,0,0,0,1.197282872557006,-0.591177629254842,-2.9872610157522894,1.0342106669250084,-0.7544959623747874,1.2367056159016443,0.03597009844483509,-0.9336604471428789,0.1369777781167985,0.6346309007275976,-0.42559820917812835
1813,0,1,0,-0.0902467176954253,1.4641505900124354,0.41971526370956896,-0.1653733166488636,-2.5681648772104713,-0.7957307430137239,1.1093108072414217,-1.8595524769718412,-1.2646013903298197,-0.5973556541215028,-0.42559820917812835
1814,0,0,0,1.6517050808813933,-0.591177629254842,-0.8014099647710756,0.784297337013785,-0.3682335015935656,-0.3495861764225456,-1.376112999182967,0.4037391514989556,0.38854326988926885,-0.18669346917180268,-1.1881406061069686
1815,0,0,0,-0.16598375241615657,-0.591177629254842,0.5064114657316084,0.43441867513807236,-0.6427347427578854,-0.9940172170542477,0.7272409035597005,0.8666851664134367,-2.7380564135685725,0.6346309007275976,-0.42559820917812835
1816,0,1,0,-0.3931948565783503,1.8311734863101636,0.5230128661188076,-0.26533864861335293,0.6533032601679388,-0.5974442689732002,0.39440681220809903,-0.41927598612678874,1.1791776726027456,-0.5973556541215028,-0.42559820917812835
1817,1,0,1,-0.519423247779569,-0.591177629254842,1.7884084956319826,1.084193332907253,-0.08981081412689856,-1.0435888355643788,0.1777692379555771,-1.139414231549315,-1.0849117533494839,-0.5973556541215028,-0.42559820917812835
1818,0,1,0,2.7625149234521182,1.6843643277910723,2.4764443116792343,-0.6651999764713102,-1.0289972035391073,0.14613000867876375,-0.1688508808484585,-0.1620837556187436,-0.04271185886353718,1.0452930856772977,1.099486584679552
1819,1,1,0,-0.31745782185761906,1.2439368522337986,2.0097605007946373,0.6843320050492957,0.06312559166465129,-1.2914469281150334,0.5342365192256359,0.8666851664134367,0.9994880356224098,0.22396871577789748,-0.42559820917812835
1820,0,1,0,1.3487569419984684,1.9779826448292548,-2.1147651954028257,-1.2150093022760016,-0.3152939765118756,-0.4487294134428074,-0.9782876355556087,-1.293729569854142,1.574494873959484,-1.4186800240209032,-0.42559820917812835
1821,0,1,0,-1.731215803311269,1.3173414314933443,1.1796904814346827,1.833933322640923,0.7180071241566716,0.3939881012294184,-0.5509207845301787,2.5127154416649256,-0.43802906022027555,1.8666174555766981,-0.42559820917812835
1822,0,0,0,-2.0846552986746816,-0.591177629254842,0.3219514614293963,-0.1653733166488636,0.06900776111817208,0.3444164827192875,0.014306341019583009,0.24942381319412854,-0.5458428424084772,-0.5973556541215028,1.099486584679552
1823,0,1,0,0.6418779512716434,1.6843643277910723,1.8160774962773145,-0.6152173104890656,1.03956572094916,-1.7375914947062117,0.43182602957898875,0.7123698281086097,-0.5458428424084772,-0.18669346917180268,-1.1881406061069686
1824,0,1,0,1.0963001595960309,2.124791803348346,0.7443648712814621,0.08454001326235971,0.4297808209341354,-1.1427320725846406,-1.6301697908063792,0.5580544898037827,-0.07864978625960418,-0.18669346917180268,-0.42559820917812835
1825,0,1,0,-0.36794917833810653,0.5832956388978879,-0.6243283606409521,-0.6152173104890656,-0.18000407908088925,1.434992089942168,0.2801797276022236,-0.9336604471428789,0.38854326988926885,1.0452930856772977,-1.1881406061069686
1826,0,1,0,0.9448260901545684,2.124791803348346,-1.9137037907134147,0.08454001326235971,-0.5211699073851155,2.327281223124525,-0.7616500613030868,-0.21352220172035263,-0.7255324793888128,3.5092661953754987,-1.1881406061069686
1827,0,0,0,1.1467915160765185,-0.591177629254842,0.3016608609561531,-0.7151826424535549,0.5572278257604267,-0.8948739800339859,2.0132803216223993,-0.3163990939235707,0.7119846164538726,-0.18669346917180268,1.099486584679552
1828,0,0,0,-0.6708973172210315,-0.591177629254842,-1.0246065699767521,0.08454001326235971,1.2140700814036212,0.04698677165850189,1.318070651521124,-0.1106453095171346,0.5322949794735369,-1.0080178390712031,0.3369441877507119
1829,0,0,0,-1.327284951467369,-0.591177629254842,-0.14104314936915602,-0.11539065066661894,-0.8074354874564774,1.3358488529219061,-1.2165889672333827,0.04367002878769246,-0.9411600437652156,-0.5973556541215028,0.3369441877507119
1830,0,1,0,-0.6708973172210315,1.6843643277910723,1.288521883972988,-1.5149052981694695,0.18272970388624768,-2.035021205766997,-0.40715221252623257,-1.293729569854142,-0.11458771365567119,-1.0080178390712031,1.8620289816083926
1831,1,0,0,0.11171870822652469,-0.591177629254842,0.9011558749383425,-0.015425318702129613,-1.0799760054696237,0.3939881012294184,0.8670706105772379,2.0497694267504443,-0.9052221163691483,1.0452930856772977,-1.1881406061069686
1832,0,0,0,1.4244939767191998,-0.591177629254842,-0.20191495078888622,-1.4649226321872248,0.09645788523460418,-2.5803090093784378,-0.50168497220006,-0.6250297705332248,-1.5521048094983565,-1.0080178390712031,1.099486584679552
1833,0,0,0,2.9392346711338244,-0.591177629254842,-1.0301403701058185,1.8839159886231676,0.9474117328439957,0.24527324569902562,1.3456427064259913,-1.139414231549315,1.1073018178106115,-0.18669346917180268,-1.1881406061069686
1834,0,0,0,-0.822371386662494,-0.591177629254842,-0.015610346443652084,-1.9647492920096716,1.0219192125885972,-0.7957307430137239,1.071891589870531,-1.2422911237525331,-0.6536566245966782,-0.18669346917180268,-0.42559820917812835
1835,0,0,0,-0.519423247779569,-0.591177629254842,-1.2238233746231413,-0.7151826424535549,-0.28784385239544347,-0.15129970238202184,0.7095160111208583,2.3069616572584892,-0.25833942323993986,0.22396871577789748,-0.42559820917812835
1836,0,1,0,-1.5797417338698065,1.2439368522337986,-0.6852001620606818,0.2844706771913384,2.2258032274092563,0.4435597197395494,-1.470645758856795,0.8666851664134367,1.1432397452066785,0.6346309007275976,0.3369441877507119
1837,0,1,0,0.16221006470701219,2.198196382607892,0.4547626645269888,-2.16467995593865,0.1121436704439941,-0.3991577949326765,1.6784767977775927,-1.036537339346097,-0.6895945519927452,-0.18669346917180268,-1.1881406061069686
1838,0,0,0,0.995317446635056,-0.591177629254842,-0.5505443589200673,-1.4649226321872248,0.24155139842145906,-0.15129970238202184,0.8788872055364663,-1.7052371386670142,0.8557363260381412,-0.18669346917180268,1.099486584679552
1839,0,0,1,-0.06500103945518156,-0.591177629254842,0.8771760743790546,0.784297337013785,-1.562313900658357,0.14613000867876375,-1.6597112782044505,0.09510847488930148,-1.9833599382511622,-0.18669346917180268,2.6245713785372327
1840,0,0,0,0.33892981238871844,-0.591177629254842,-0.447246756510828,-1.2649919682582462,-0.5937166639785426,-0.6470158874833312,0.11277796567982026,1.6897003040391811,0.8557363260381412,0.22396871577789748,0.3369441877507119
1841,0,0,0,-1.3777763079478564,-0.591177629254842,-0.4269561560375848,0.2344880112090937,-0.28784385239544347,-0.10172808387189092,0.5007561668411549,-0.21352220172035263,0.5682329068696045,-0.5973556541215028,-0.42559820917812835
1842,0,1,0,0.43991252534969344,2.491814699646074,-0.5689903593502884,0.2344880112090937,-0.644695465909059,0.24527324569902562,1.3653370313580386,0.24942381319412854,0.06510192332466448,1.0452930856772977,-1.1881406061069686
1843,0,0,0,-1.6049874121100502,-0.591177629254842,1.6998676935669206,0.5843666730848064,-0.8839036903522524,-0.2008713208921528,-0.03492947131053562,-0.1620837556187436,-1.3005393177258868,-0.18669346917180268,1.099486584679552
1844,0,0,0,-1.6807244468307816,-0.591177629254842,0.2610796600096661,-1.3149746342404909,-1.4368276189832392,-0.7957307430137239,0.39243737971489384,3.3871690253922786,-0.5099049150124095,-0.18669346917180268,-1.1881406061069686
1845,0,0,1,0.3136841341484747,-0.591177629254842,1.212893282209081,0.3844360091558277,1.1709341720777986,1.9802798935536083,0.05960328836329237,0.7638082742102187,0.1729157055128655,-1.0080178390712031,1.099486584679552
1846,0,0,0,-0.7971257084222503,-0.591177629254842,0.3053500610421971,-0.6651999764713102,0.7180071241566716,-1.6880198761960807,-0.3736718601417516,-1.293729569854142,0.6041708342656715,-1.4186800240209032,-1.1881406061069686
1847,1,1,0,-1.0495824908246878,1.6843643277910723,0.8384394734755902,-1.1150439703115123,-0.1741219096273679,-1.0435888355643788,0.5007561668411549,-1.087975785447706,-0.40209113282420855,-0.5973556541215028,-0.42559820917812835
1848,0,0,0,-1.0495824908246878,-0.591177629254842,0.18729565828878125,-0.015425318702129613,-1.6525071656123476,1.6332785639826917,0.3806207847556655,0.7638082742102187,-1.0130358985573495,-0.18669346917180268,-1.1881406061069686
1849,0,0,0,2.257601358647243,-0.591177629254842,-0.6759771618455711,-0.21535598263110828,-0.43685881188464554,-0.2008713208921528,-1.7325802804530261,0.8666851664134367,-1.3005393177258868,-0.18669346917180268,-1.1881406061069686
1850,0,0,0,0.21270142118749968,-0.591177629254842,-0.07279294777733773,-1.015078638347023,0.7415358019707559,-0.30001455791241466,-0.056593228735787704,0.1465469209909105,-0.006773931467470169,0.6346309007275976,-0.42559820917812835
1851,0,0,0,0.8943347336740809,-0.591177629254842,-1.6075001835717424,0.43441867513807236,0.3689984032477504,0.740989430800335,0.2230661852992859,-1.036537339346097,0.9635501082263429,-0.18669346917180268,0.3369441877507119
1852,0,0,0,-0.36794917833810653,-0.591177629254842,-1.600121783399654,-0.4152866465600869,-0.7956711485494352,-0.6470158874833312,-1.0354011778585464,0.7638082742102187,-0.5099049150124095,0.22396871577789748,-0.42559820917812835
1853,0,1,0,-0.01450968297469406,1.39074601075289,0.7775676720558601,-0.015425318702129613,0.7042820620984552,-1.489733402155557,-0.1688508808484585,-0.47071443222839776,-0.7974083341809469,-0.18669346917180268,-1.1881406061069686
1854,0,0,0,0.13696438646676845,-0.591177629254842,-0.3679289546608771,-0.3153213145955976,1.5022963846261568,0.8897042863307277,0.4377343270586032,-1.8081140308702324,-0.5099049150124095,-0.5973556541215028,-1.1881406061069686
1855,0,0,0,0.7176149859923747,-0.591177629254842,-0.37715195487598774,-0.015425318702129613,0.04547908330408775,-0.4983010319529384,0.6267998464062586,-0.21352220172035263,0.46041912468140284,0.6346309007275976,0.3369441877507119
1856,0,0,0,2.6362865322508995,-0.591177629254842,-2.391455201856144,1.1341759988894977,-0.9701755090038958,-0.9444455985441168,-0.25747534304267206,-1.7052371386670142,-0.04271185886353718,-0.18669346917180268,0.3369441877507119
1857,0,1,0,-0.1912294306564003,1.757768907050618,-1.1555731730313226,0.9842280009427636,0.6317353055050281,-0.15129970238202184,-1.4489820014315427,0.6094929359053917,0.28072948770106715,1.8666174555766981,-1.1881406061069686
1858,0,0,0,-0.03975536121493781,-0.591177629254842,1.380751886124094,0.9842280009427636,-0.801553318002956,-0.3991577949326765,1.2432322167793435,-0.3163990939235707,-1.5161668821022896,0.22396871577789748,-0.42559820917812835
1859,0,0,0,-0.7466343519417628,-0.591177629254842,0.5064114657316084,0.5843666730848064,-0.5172484610827677,-0.2008713208921528,-0.45047972737673675,-2.0138678152766682,0.6760466890578055,-0.5973556541215028,-0.42559820917812835
1860,1,0,0,-2.438094794038094,-0.591177629254842,-0.6317067608130401,-0.5652346445068209,2.0316916354430594,-0.3495861764225456,0.09505307324097745,-0.9336604471428789,-0.47396698761634254,-0.18669346917180268,-1.1881406061069686
1861,0,1,0,1.197282872557006,1.2439368522337986,0.9435816759278509,0.08454001326235971,0.6591854296214602,0.4435597197395494,0.28608802508183806,-0.5221528783300068,1.1791776726027456,-1.0080178390712031,1.099486584679552
1862,0,0,0,1.0205631248752998,-0.591177629254842,-0.5173415581456688,0.18450534522684905,0.8238861743200516,0.691417812290204,2.027066349074832,0.45517759760056464,0.20885363290893316,-1.0080178390712031,-0.42559820917812835
1863,0,0,0,-1.1253195255454191,-0.591177629254842,-0.6169499604688635,-2.16467995593865,-0.0780464752198564,-0.15129970238202184,2.143262866173913,0.5066160437021736,-0.3661532054281415,-0.5973556541215028,-1.1881406061069686
1864,0,1,0,-1.4535133426685878,1.9779826448292548,0.380978662806104,0.2344880112090937,0.8670220836458736,-0.5974442689732002,0.11671683066622954,-0.1620837556187436,0.49635705207746983,-0.18669346917180268,1.099486584679552
1865,0,0,0,-1.4787590209088315,-0.591177629254842,-0.532098358489846,-2.4145932858498735,0.9121187161228687,-0.2008713208921528,-1.9196763673074768,0.9181236125150458,-1.1567876081416182,-0.18669346917180268,0.3369441877507119
1866,1,0,0,0.8690890554338372,-0.591177629254842,0.11904545669696297,0.33445334317358305,-2.6309080180480304,-0.30001455791241466,0.23291334776530961,0.24942381319412854,0.9635501082263429,-0.18669346917180268,-0.42559820917812835
1867,0,0,0,0.13696438646676845,-0.591177629254842,0.6152428682699137,0.484401341120317,-0.2584330051278378,-1.539305020665688,-1.4411042714587239,-1.499483354260578,-1.4083530999140883,-0.5973556541215028,1.099486584679552
1868,0,0,0,0.13696438646676845,-0.591177629254842,0.28137026048290986,1.6340026587119443,0.2591979067820226,-1.3410185466251643,-0.20627009821934822,-0.41927598612678874,0.46041912468140284,1.0452930856772977,-1.1881406061069686
1869,0,1,0,-0.4436862130588378,1.6109597485315268,1.7146244939110977,0.2344880112090937,1.0356442746468129,-0.845302361523855,-0.40321334753982274,1.175315843023091,-0.5458428424084772,0.6346309007275976,1.099486584679552
1870,0,0,0,0.23794709942774345,-0.591177629254842,-0.8198559652012968,0.43441867513807236,0.09841860838577778,-0.052156465361759975,-0.6887810590545108,0.9695620586166548,0.5322949794735369,-0.18669346917180268,-0.42559820917812835
1871,0,1,0,0.21270142118749968,1.9779826448292548,0.9398924758418069,0.784297337013785,1.2866168379970484,1.484563708452299,1.3476121389191953,-1.6023602464637963,0.1369777781167985,0.6346309007275976,2.6245713785372327
1872,0,0,1,0.591386594791156,-0.591177629254842,-0.6685987616734825,0.9842280009427636,0.5984030119350746,0.5427029567598112,0.2565465376837669,-0.47071443222839776,-0.8692841889730812,-1.0080178390712031,1.8620289816083926
1873,0,0,1,0.23794709942774345,-0.591177629254842,1.6888000933087886,0.3844360091558277,0.7219285704590188,1.0879907603712515,0.7607212559441816,1.123877396921482,-0.1505256410517382,0.22396871577789748,0.3369441877507119
1874,0,0,0,0.591386594791156,-0.591177629254842,1.3641504857368947,0.18450534522684905,-1.6132927025888735,1.1375623788813825,0.9300924503597895,0.19798536709251952,1.3588673095830812,-1.0080178390712031,-1.1881406061069686
1875,0,0,1,-0.4689318912990815,-0.591177629254842,-0.22958395143421803,-1.165026636293757,-1.340752184575727,-1.0435888355643788,-0.2732308029883097,-0.1106453095171346,-0.29427735063600685,-1.4186800240209032,3.387113775466073
1876,0,0,0,0.9195804119143247,-0.591177629254842,-1.3806143782800215,0.7343146710315404,0.9729011338092542,2.178566367594132,-0.17672861082127705,-0.05920686341552558,-0.47396698761634254,-1.0080178390712031,-0.42559820917812835
1877,0,0,0,-0.7971257084222503,-0.591177629254842,-0.8143221650722302,0.03455734728011505,0.7434965251219295,1.1871339973915134,-0.1117373385455208,0.09510847488930148,0.1369777781167985,-1.0080178390712031,-0.42559820917812835
1878,0,0,0,-2.135146655155169,-0.591177629254842,-0.6409297610281508,-0.8151479744180442,-0.6917528215372283,2.0298515120637393,0.5952889265149829,-1.293729569854142,-0.7255324793888128,-0.18669346917180268,0.3369441877507119
1879,0,0,0,0.4651582035899372,-0.591177629254842,-1.4894457808183268,-0.1653733166488636,-1.0446829887484965,-1.588876639175819,-0.2082395307125534,0.24942381319412854,-0.07864978625960418,-0.18669346917180268,1.099486584679552
1880,1,0,1,0.591386594791156,-0.591177629254842,-0.401131755435275,-1.4649226321872248,0.05920414536230352,0.691417812290204,-0.6415146792175974,-0.9336604471428789,-0.07864978625960418,-1.0080178390712031,1.099486584679552
1881,0,1,0,0.5408952383106684,2.124791803348346,-0.3052125531981249,0.33445334317358305,2.2081567190486937,0.8897042863307277,-0.025082308844511896,-0.7793451088380519,0.49635705207746983,0.22396871577789748,-0.42559820917812835
1882,0,0,0,0.9700717683948121,-0.591177629254842,0.037883054803989534,0.934245334960519,2.6571623206674735,0.8897042863307277,-1.0137374204332938,-1.8595524769718412,-0.6895945519927452,0.6346309007275976,1.8620289816083926
1883,0,0,0,-0.8476170649027378,-0.591177629254842,-0.9323765678256462,-1.1150439703115123,-0.23882577361610063,0.7905610493104659,0.6642190637771489,0.09510847488930148,0.3526053424932012,-0.5973556541215028,0.3369441877507119
1884,0,0,0,-0.41844053481859406,-0.591177629254842,-1.7255545863251582,-0.8651306404002889,1.1866199572871885,-0.6965875059934621,-2.0220868569541235,0.45517759760056464,-0.47396698761634254,-0.18669346917180268,-0.42559820917812835
1885,0,1,0,0.010735995265549692,0.6567002181574335,0.26476886009571066,-1.4649226321872248,-0.20353275689497358,-0.9444455985441168,-0.09795131109308725,-0.1620837556187436,0.8557363260381412,1.0452930856772977,-1.1881406061069686
1886,0,0,0,-1.5292503773893191,-0.591177629254842,-1.2939181762579817,0.33445334317358305,0.8729042530993945,0.09655839016863282,1.4894112784299367,1.175315843023091,-1.1208496807455512,1.0452930856772977,-1.1881406061069686
1887,0,0,0,-0.9990911343442003,-0.591177629254842,0.17253885794460458,0.2344880112090937,-0.913314537619858,0.7905610493104659,0.23685221275171944,0.30086225929573757,-0.006773931467470169,-1.0080178390712031,0.3369441877507119
1888,1,0,1,0.4904038818301809,-0.591177629254842,0.006524854072613683,-1.4149399662049802,-0.591755940827369,-0.10172808387189092,-0.21020896320575805,-0.5735913244316158,1.2869914547909471,-1.0080178390712031,-0.42559820917812835
1889,0,0,0,-0.1407380741759128,-0.591177629254842,0.07108585557838792,-0.11539065066661894,1.590528926428974,-0.25044293940228374,-1.8921043124026102,0.6609313820070007,-0.7255324793888128,1.455955270626998,-0.42559820917812835
1890,0,0,0,-0.06500103945518156,-0.591177629254842,2.0023821006225493,0.03455734728011505,-1.2211480723541308,-0.3495861764225456,0.10293080321379654,-0.6250297705332248,-3.672442525866318,-1.8293422089706033,-1.1881406061069686
1891,0,0,0,0.33892981238871844,-0.591177629254842,-0.1908473505307536,-0.21535598263110828,-0.9858612942132852,-0.845302361523855,-0.08613471613385888,0.9695620586166548,-2.01929786564723,-0.18669346917180268,0.3369441877507119
1892,0,0,0,-1.9836725857137065,-0.591177629254842,0.519323666032763,0.784297337013785,0.2042976585491584,-0.052156465361759975,0.7272409035597005,-0.6250297705332248,-0.22240149584387287,0.22396871577789748,-1.1881406061069686
1893,0,0,0,1.9041618632838309,-0.591177629254842,-0.18531355040168704,2.533690646392348,-1.7113288601475591,-0.7957307430137239,-2.8492485041001165,-0.05920686341552558,-0.5458428424084772,-0.18669346917180268,-1.1881406061069686
1894,0,0,0,1.298265585517981,-0.591177629254842,-0.7018015624478809,0.08454001326235971,1.2317165897641842,-0.30001455791241466,0.1147473981730249,0.6609313820070007,-2.450552994400035,-0.18669346917180268,0.3369441877507119
1895,0,0,0,0.43991252534969344,-0.591177629254842,-0.45646975672593865,-1.4649226321872248,0.8591791910411787,-1.3410185466251643,-0.8207330360992291,-0.985098893244488,0.9276121808302759,-0.18669346917180268,-1.1881406061069686
1896,1,0,0,0.010735995265549692,-0.591177629254842,-0.8493695658896506,-2.464575951832118,0.38076274215479256,-0.2008713208921528,0.17186094047596262,-1.345168015955751,0.5322949794735369,-0.18669346917180268,-0.42559820917812835
1897,0,0,0,0.43991252534969344,-0.591177629254842,0.8310610733035017,-0.3153213145955976,0.5042883006787368,0.9888475233509896,1.3338261114667622,0.24942381319412854,0.8197983986420742,1.455955270626998,0.3369441877507119
1898,0,0,1,0.11171870822652469,-0.591177629254842,1.7386042944703857,-0.1653733166488636,1.7552296711275652,0.29484486420915657,1.3357955439599676,1.329631181327918,-1.5880427368944239,-0.5973556541215028,0.3369441877507119
1899,0,0,0,-0.7466343519417628,-0.591177629254842,-1.3935265785811763,-0.4152866465600869,-0.062360690010466464,1.2367056159016443,-1.7956021202355779,1.175315843023091,1.574494873959484,1.455955270626998,-1.1881406061069686
1900,0,1,0,-0.7466343519417628,1.6843643277910723,-1.1832421736766545,-0.5152519785245763,0.3376268328289711,-1.0931604540745097,0.7607212559441816,0.09510847488930148,1.0354259630184768,-0.18669346917180268,-0.42559820917812835
1901,0,0,0,-0.822371386662494,-0.591177629254842,0.7849460722279487,0.33445334317358305,-0.015303334382297243,0.09655839016863282,-0.7655889262894959,0.3523007053973466,-0.29427735063600685,-0.5973556541215028,0.3369441877507119
1902,0,0,0,-0.8728627431429815,-0.591177629254842,-1.1647961732464334,-0.11539065066661894,-2.0505339653006116,-1.2914469281150334,-0.3894273200873898,-0.3163990939235707,0.10103985072073149,-0.5973556541215028,1.099486584679552
1903,0,0,0,0.010735995265549692,-0.591177629254842,0.7037836703349751,0.8842626689782743,0.6180102434468118,1.385420471432037,-0.3145888853456092,1.432508073531136,-3.672442525866318,-1.8293422089706033,1.099486584679552
1904,0,0,0,0.3894211688692059,-0.591177629254842,-0.9249981676535575,-0.8151479744180442,-0.8407677810264303,-0.5478726504630693,0.2801797276022236,-1.190852677650924,1.1073018178106115,-0.5973556541215028,-1.1881406061069686
1905,0,1,0,-1.1758108820259066,1.8311734863101636,-0.3273477537143901,-1.3649573002227355,1.4277889048815555,-2.084592824277128,-0.9329906882118993,-1.2422911237525331,1.2510535273948795,-0.18669346917180268,-1.1881406061069686
1906,0,1,0,0.2884384559082309,1.537555169271981,0.3551542622037947,1.084193332907253,0.7533001408777981,0.691417812290204,1.737559772573735,-1.6023602464637963,0.46041912468140284,0.22396871577789748,-0.42559820917812835
1907,0,1,0,0.5408952383106684,2.7120284374247112,-0.5855917597374871,-0.7651653084357996,-1.034879372992628,-0.3495861764225456,0.04384782841765419,0.5066160437021736,1.3588673095830812,0.22396871577789748,-0.42559820917812835
1908,0,0,0,-0.6708973172210315,-0.591177629254842,1.5264752895228417,0.6843320050492957,-0.025106950138165808,-0.2008713208921528,-0.6966587890273299,-0.5221528783300068,-1.3005393177258868,0.22396871577789748,1.099486584679552
1909,0,0,0,-0.26696646537713153,-0.591177629254842,1.2331838826823243,-0.8651306404002889,-0.781946086491219,-0.5974442689732002,-0.5981871643670926,-0.05920686341552558,-0.9411600437652156,1.0452930856772977,-0.42559820917812835
1910,0,0,1,0.2884384559082309,-0.591177629254842,-0.096772748336625,1.1341759988894977,-1.1760514398771358,1.1871339973915134,0.27821029510901896,-0.5735913244316158,-0.43802906022027555,0.6346309007275976,1.8620289816083926
1911,0,0,0,-0.3931948565783503,-0.591177629254842,0.07108585557838792,0.5343840071025617,-0.6152846186414533,-0.10172808387189092,-0.030990606324126355,-0.1620837556187436,-0.11458771365567119,-0.18669346917180268,1.8620289816083926
1912,0,0,0,-0.01450968297469406,-0.591177629254842,0.22787685923526824,-0.26533864861335293,0.014107512885308454,0.04698677165850189,1.3909396537696994,-1.345168015955751,2.868260260217901,-0.5973556541215028,-0.42559820917812835
1913,0,0,0,0.33892981238871844,-0.591177629254842,0.15224825747136136,0.43441867513807236,-0.8937073061081209,-0.15129970238202184,0.2486688077109478,0.09510847488930148,-0.04271185886353718,-0.5973556541215028,0.3369441877507119
1914,0,0,0,-0.4436862130588378,-0.591177629254842,1.478515688404266,0.2844706771913384,-0.9309610459804216,0.7905610493104659,0.46136751697705997,-0.41927598612678874,-0.006773931467470169,-1.0080178390712031,-1.1881406061069686
1915,1,0,0,1.4244939767191998,-0.591177629254842,0.01574785428772429,1.1341759988894977,-0.12118238454567785,-0.10172808387189092,0.5125727618003838,-0.6250297705332248,-0.6536566245966782,0.22396871577789748,-1.1881406061069686
1916,0,0,0,-1.2515479167466377,-0.591177629254842,-2.3564078010387237,0.33445334317358305,0.5885993961792061,0.1957016271888947,0.5165116267867931,0.9181236125150458,0.06510192332466448,-0.18669346917180268,0.3369441877507119
1917,0,0,1,-1.4787590209088315,-0.591177629254842,2.2938289074200435,0.2844706771913384,0.6278138592026803,-2.282879298317652,-1.0669120977498223,-1.2422911237525331,-1.5880427368944239,-0.5973556541215028,-0.42559820917812835
1918,0,1,1,0.010735995265549692,2.0513872240888005,-1.0301403701058185,1.234141330853987,-0.5407771388968525,0.29484486420915657,1.560310848185308,1.3810696274295269,-0.5099049150124095,-0.18669346917180268,-0.42559820917812835
1919,0,0,0,0.2884384559082309,-0.591177629254842,0.49165466538743124,1.084193332907253,-0.6995957141419232,-0.30001455791241466,-1.2008335072877445,0.04367002878769246,0.8557363260381412,1.0452930856772977,1.099486584679552
1920,0,0,0,-1.1253195255454191,-0.591177629254842,-0.2812327526388371,-0.4152866465600869,0.657224706470286,0.3444164827192875,-0.2752002354815143,0.19798536709251952,0.5682329068696045,-1.4186800240209032,0.3369441877507119
1921,0,0,1,-1.2010565602661503,-0.591177629254842,0.9048450750243865,0.8342800029960297,-1.32114495306399,1.1375623788813825,0.5106033293071786,1.2267542891246999,-0.04271185886353718,-1.0080178390712031,5.674740966252594
1922,0,1,0,-0.923354099623469,1.0237231144551617,0.38466786289214855,-1.015078638347023,-1.3544772466339434,-0.7957307430137239,0.5795334665693447,-1.7052371386670142,-0.9411600437652156,0.22396871577789748,-0.42559820917812835
1923,0,0,0,0.5661409165509121,-0.591177629254842,-0.4656927569410492,0.33445334317358305,-0.3368619311747863,0.5427029567598112,-2.90045374892344,1.7411387501407902,0.24479156030500016,1.455955270626998,-1.1881406061069686
1924,0,1,0,-0.822371386662494,1.6109597485315268,-1.0448971704499954,-0.36530398057784225,0.6533032601679388,-0.4487294134428074,-0.03492947131053562,2.25552321115688,-0.22240149584387287,-1.0080178390712031,0.3369441877507119
1925,1,0,0,-1.5292503773893191,-0.591177629254842,0.7609662716686614,-0.015425318702129613,1.2846561148458742,0.29484486420915657,0.2270050502856957,-0.3163990939235707,-1.372415172518021,-0.5973556541215028,-1.1881406061069686
1926,0,0,0,0.793352020713106,-0.591177629254842,0.6466010690012896,-1.1150439703115123,1.0101548736815544,-0.10172808387189092,0.7784461483830244,-0.6250297705332248,1.3229293821870143,-1.0080178390712031,-1.1881406061069686
1927,1,0,1,0.4904038818301809,-0.591177629254842,0.41418146358050234,1.1341759988894977,-0.3113725302095278,-1.0931604540745097,-0.49774610721365076,-0.5735913244316158,-1.0130358985573495,-1.0080178390712031,0.3369441877507119
1928,0,1,1,0.18745574294725595,1.757768907050618,0.5525264668071614,0.3844360091558277,-1.7760327241362919,-1.7871631132163426,-0.22793385564460086,2.3069616572584892,-0.40209113282420855,0.6346309007275976,3.387113775466073
1929,0,0,1,1.5254766896801746,-0.591177629254842,2.183152904838716,2.0338639865699015,0.7434965251219295,0.3444164827192875,0.7725378509034099,-0.3678375400251797,-0.47396698761634254,0.22396871577789748,-0.42559820917812835
1930,0,0,1,0.7428606642326184,-0.591177629254842,0.6133982682268917,0.08454001326235971,-0.20353275689497358,1.8315650380232156,-0.6139426243127308,0.24942381319412854,0.1369777781167985,-0.18669346917180268,-1.1881406061069686
1931,0,1,0,0.7428606642326184,0.8035093766765248,-0.49151715754335906,-0.6651999764713102,0.25527646047967484,-0.052156465361759975,0.07929761329533982,0.7123698281086097,0.20885363290893316,0.6346309007275976,0.3369441877507119
1932,0,0,0,-0.26696646537713153,-0.591177629254842,-0.9987821693744424,2.883569308268061,1.3513207019857811,-0.845302361523855,0.7351186335325196,0.1465469209909105,0.28072948770106715,1.0452930856772977,-0.42559820917812835
1933,0,1,0,0.9700717683948121,1.2439368522337986,-0.7608287638245886,-0.21535598263110828,-2.3446424379766686,-1.0435888355643788,-0.7399863038778346,-0.8822220010412699,-0.6895945519927452,1.455955270626998,-1.1881406061069686
1934,0,0,0,-1.1000738473051752,-0.591177629254842,0.17991725811669318,2.8335866422858165,-0.49568050641985695,-1.489733402155557,0.4062234071673274,0.8666851664134367,0.3526053424932012,0.22396871577789748,1.099486584679552
1935,0,0,0,0.6923693077521309,-0.591177629254842,0.3643772624189053,-0.7151826424535549,-0.10549659933628794,0.09655839016863282,1.9089003994825477,-0.9336604471428789,1.466681091771283,-1.0080178390712031,1.8620289816083926
1936,0,0,1,0.16221006470701219,-0.591177629254842,2.1278149035480527,-1.4649226321872248,-0.1447110623597622,-1.0931604540745097,-1.0472177728177747,-0.6764682166348338,1.071363890414544,0.22396871577789748,-0.42559820917812835
1937,0,0,0,1.9294075415240746,-0.591177629254842,-0.07648214786338177,-0.06540798468437428,-0.8799822440499045,-0.845302361523855,-0.4307854024446893,-0.7279066627364429,0.46041912468140284,-0.5973556541215028,-0.42559820917812835
1938,0,0,0,0.5156495600704247,-0.591177629254842,-0.002698146142496922,-1.5149052981694695,-1.1211511916442716,-0.3495861764225456,-1.6734973056568836,0.6609313820070007,0.3526053424932012,0.22396871577789748,-0.42559820917812835
1939,1,1,0,-0.03975536121493781,2.271600961867437,-0.9729577687721328,-0.3153213145955976,1.8316978740233407,0.740989430800335,-0.535165324584541,-0.47071443222839776,-0.6536566245966782,-0.18669346917180268,-1.1881406061069686
1940,0,1,1,-0.5951602825003003,1.8311734863101636,-0.6741325618025491,0.03455734728011505,0.23566922896793768,0.09655839016863282,-1.8980126098822245,1.0210005047182638,1.8260603657319543,-0.18669346917180268,2.6245713785372327
1941,0,0,0,-2.0089182639539502,-0.591177629254842,-1.616723183786853,0.43441867513807236,-0.03491056589403437,0.5427029567598112,-0.582431704421455,1.278192735226309,0.9994880356224098,1.0452930856772977,0.3369441877507119
1942,0,0,0,-1.1253195255454191,-0.591177629254842,0.5691278671943607,-1.015078638347023,-0.46234821284990407,-0.2008713208921528,-1.015706852926499,-2.2710600457847137,1.8979362205240882,-0.18669346917180268,-0.42559820917812835
1943,0,1,1,-0.21647510889664406,1.537555169271981,0.4012692632793477,1.4840546607652103,0.06900776111817208,0.740989430800335,-1.405654486581038,0.6609313820070007,-1.372415172518021,0.6346309007275976,-0.42559820917812835
1944,0,0,0,-0.4941775695393253,-0.591177629254842,-0.6261729606839741,-2.0647146239741607,1.7199366544064383,1.5341353269624298,-0.3854884551009805,1.0724389508198728,-0.3661532054281415,-0.18669346917180268,0.3369441877507119
1945,1,1,1,0.9700717683948121,1.6843643277910723,0.4418504642258342,-0.9151133063825336,0.0023431739782662866,-1.3905901651352952,0.25063824020415243,0.6094929359053917,1.1432397452066785,0.6346309007275976,-0.42559820917812835
1946,0,0,0,-0.822371386662494,-0.591177629254842,0.9749398766592273,-1.2150093022760016,-0.9191967070733789,0.14613000867876375,0.2624548351633808,0.3523007053973466,0.10103985072073149,-1.0080178390712031,-0.42559820917812835
1947,0,1,0,2.080881610965537,-0.003940995178477015,-1.7163315861100477,0.934245334960519,1.6669971293247483,-0.15129970238202184,-0.41109107751264184,1.6897003040391811,-0.5458428424084772,-1.0080178390712031,0.3369441877507119
1948,0,0,0,1.6264594026411496,-0.591177629254842,-0.4343345562096734,-0.6152173104890656,1.4885713225679411,-0.9444455985441168,-0.4997155397068554,-0.3163990939235707,-0.3302152780320739,0.22396871577789748,-0.42559820917812835
1949,0,0,1,-0.2922121436173753,-0.591177629254842,2.707019317056999,0.5843666730848064,-0.687831375234881,0.4931313382496803,-0.7557417638234722,-0.1620837556187436,-0.9770979711612826,-1.4186800240209032,-0.42559820917812835
1950,0,0,0,-1.0495824908246878,-0.591177629254842,0.28505946056895387,-2.1146972899564056,-0.03294984274286077,-0.5974442689732002,2.0290357815680378,0.5066160437021736,1.6463707287516185,1.8666174555766981,-1.1881406061069686
1951,1,0,0,-2.135146655155169,-0.591177629254842,-1.2828505759998492,-0.4652693125423316,-1.0368400961438016,-1.2418753096049024,-0.21217839569896269,-1.3966064620573602,-1.372415172518021,1.0452930856772977,-1.1881406061069686
1952,0,0,1,0.33892981238871844,-0.591177629254842,-0.5985039600386423,0.934245334960519,-0.7682210244330032,0.5427029567598112,1.4697169534978893,0.30086225929573757,-0.43802906022027555,-0.5973556541215028,2.6245713785372327
1953,0,0,0,0.3136841341484747,-0.591177629254842,-0.4343345562096734,2.0338639865699015,1.1101517543914141,-1.3905901651352952,-0.5115321346660837,1.175315843023091,0.6041708342656715,0.22396871577789748,0.3369441877507119
1954,0,0,0,0.4904038818301809,-0.591177629254842,-1.5005133810764595,-0.06540798468437428,-0.2643151745813591,-0.746159124503593,-1.0747898277226413,-0.21352220172035263,-0.3302152780320739,-0.18669346917180268,0.3369441877507119
1955,0,0,0,0.3641754906289622,-0.591177629254842,0.5728170672804047,0.9842280009427636,-0.9231181533757267,-0.7957307430137239,1.1999047019288394,-1.087975785447706,0.28072948770106715,0.22396871577789748,-1.1881406061069686
1956,1,0,1,-0.01450968297469406,-0.591177629254842,-0.36239515453181054,-0.3153213145955976,-0.3976443488611713,-0.25044293940228374,-0.9231435257458755,0.09510847488930148,0.49635705207746983,-1.0080178390712031,0.3369441877507119
1957,0,0,0,-2.5138318287588253,-0.591177629254842,-1.0282957700627964,0.634349339067051,0.7062427852496288,-1.1427320725846406,-2.522322710228129,-0.985098893244488,-2.342739212211834,-1.0080178390712031,-1.1881406061069686
1958,0,1,0,-0.0902467176954253,0.5098910596383424,-1.142660972730168,-0.1653733166488636,-0.07608575206868223,1.2862772344117752,-0.8640605509497332,0.6609313820070007,-1.372415172518021,-0.5973556541215028,-0.42559820917812835
1959,0,1,0,-1.1505652037856628,1.4641505900124354,-1.3695467780218888,-0.9151133063825336,-0.054517797405771506,0.4435597197395494,-0.27126137049510507,-0.47071443222839776,-0.5817807698045442,0.6346309007275976,0.3369441877507119
1960,0,0,0,-0.6456516389807878,-0.591177629254842,-1.251492375268473,1.0342106669250084,0.7278107399125401,0.9392759048408587,1.028564075020027,0.5066160437021736,1.0354259630184768,0.6346309007275976,-0.42559820917812835
1961,0,0,0,-0.4436862130588378,-0.591177629254842,-0.3734627547899432,0.18450534522684905,0.04155763700174055,-0.10172808387189092,0.5460531141848642,-1.3966064620573602,-0.25833942323993986,-0.5973556541215028,0.3369441877507119
1962,0,0,1,-1.5292503773893191,-0.591177629254842,-1.8048723881751094,1.1341759988894977,0.19645476594446343,0.3939881012294184,0.21124959034005752,-1.8595524769718412,0.38854326988926885,-0.5973556541215028,3.387113775466073
1963,0,1,0,0.010735995265549692,0.950318535195616,1.078237479068466,-0.6152173104890656,0.18469042703742128,-0.7957307430137239,0.624830413913054,-0.26496064782196166,-0.07864978625960418,0.22396871577789748,0.3369441877507119
1964,0,1,0,0.4904038818301809,2.345005541126983,-0.9489779682128453,-0.06540798468437428,0.9317259476346058,-1.0931604540745097,-0.030990606324126355,1.0724389508198728,1.9338741479201553,-0.5973556541215028,-1.1881406061069686
1965,0,1,0,2.080881610965537,1.6843643277910723,-0.1539553496703112,0.18450534522684905,-0.12902527715037282,-1.2914469281150334,-0.09401244610667797,-0.7793451088380519,-0.006773931467470169,-0.18669346917180268,-0.42559820917812835
1966,0,0,1,-0.6456516389807878,-0.591177629254842,-1.3012965764300704,-0.6152173104890656,1.159169833170757,0.9888475233509896,-0.3776107251281614,0.9695620586166548,1.1073018178106115,-0.5973556541215028,1.8620289816083926
1967,0,0,0,-0.519423247779569,-0.591177629254842,0.7462094713244842,0.6843320050492957,0.1474366871651206,-1.1923036910947715,-0.6474229766972113,1.8954540884456172,0.6760466890578055,-0.5973556541215028,0.3369441877507119
1968,0,0,0,-0.31745782185761906,-0.591177629254842,-2.2863129994038833,-1.7648186280806928,0.8336897900759201,1.0384191418611206,-0.4918378097340363,1.7411387501407902,0.38854326988926885,-0.18669346917180268,-1.1881406061069686
1969,0,1,0,0.2884384559082309,1.0971276937147072,1.9747130999772173,-1.0650613043292676,2.257174797828036,0.09655839016863282,-0.14521769093000125,0.04367002878769246,0.02916399592859748,0.6346309007275976,-0.42559820917812835
1970,0,0,0,-0.9485997778637127,-0.591177629254842,0.517479065989741,-0.21535598263110828,0.5650707183651217,0.5922745752699422,-0.7616500613030868,1.586823411835963,1.1073018178106115,-1.0080178390712031,-0.42559820917812835
1971,0,1,1,0.11171870822652469,1.6843643277910723,-1.2902289761719377,0.3844360091558277,0.9630975180533857,0.9392759048408587,2.3618698729196392,0.04367002878769246,-0.6895945519927452,-0.18669346917180268,1.8620289816083926
1972,0,0,0,1.9294075415240746,-0.591177629254842,-0.07094834773431571,0.9842280009427636,-0.619206064943801,-0.4983010319529384,-0.04674606626976398,0.5066160437021736,1.574494873959484,-0.18669346917180268,-0.42559820917812835
1973,0,0,0,0.43991252534969344,-0.591177629254842,0.47320866495721003,0.7343146710315404,-0.30156891445365924,1.8315650380232156,-0.4957766747204461,0.7638082742102187,-1.1567876081416182,0.6346309007275976,-1.1881406061069686
1974,0,1,0,-0.4689318912990815,1.9045780655697093,0.9786290767452713,1.0342106669250084,-0.921157430224553,0.740989430800335,1.682415662764002,-1.190852677650924,-1.9833599382511622,-0.5973556541215028,1.099486584679552
1975,0,0,0,-0.6708973172210315,-0.591177629254842,-1.4175063791404638,-0.5652346445068209,-0.9976256331203274,-0.0025848468516290433,-0.2594447755358767,0.7123698281086097,0.28072948770106715,0.22396871577789748,-1.1881406061069686
1976,0,0,0,0.6166322730313997,-0.591177629254842,-0.18900275048773105,-0.5152519785245763,-0.8662571819916888,1.8811366565333465,0.1876164004216008,0.30086225929573757,0.49635705207746983,0.6346309007275976,0.3369441877507119
1977,0,0,0,0.9448260901545684,-0.591177629254842,1.3180354846613418,0.934245334960519,-2.136805783952255,-0.2008713208921528,-1.163414289916855,-0.6764682166348338,1.2869914547909471,-0.5973556541215028,1.099486584679552
1978,0,0,0,0.4651582035899372,-0.591177629254842,0.9380478757987849,0.8342800029960297,0.48664179231817317,0.04698677165850189,-0.054623796242583074,0.5580544898037827,-0.9411600437652156,0.6346309007275976,1.099486584679552
1979,0,0,0,0.9195804119143247,-0.591177629254842,-1.2865397760858934,0.9842280009427636,0.5944815656327274,-0.6965875059934621,1.0738610223637362,0.1465469209909105,0.6041708342656715,0.6346309007275976,-0.42559820917812835
1980,0,0,1,2.0556359327252935,-0.591177629254842,1.8437464969226462,0.8842626689782743,0.05920414536230352,0.6418461937800731,-0.5331958920913363,0.04367002878769246,0.1729157055128655,-0.18669346917180268,0.3369441877507119
1981,0,1,0,0.8438433771935934,2.198196382607892,0.6429118689152455,-0.36530398057784225,0.22586561321206913,-2.134164442787259,-0.7143836814661727,-1.087975785447706,-0.07864978625960418,1.455955270626998,-0.42559820917812835
1982,0,0,0,-1.4030219861881004,-0.591177629254842,-1.5392499819799241,0.13452267924460437,0.9140794392740429,1.6828501824928228,0.5598391416372972,-0.41927598612678874,-0.18646356844780584,-0.18669346917180268,-0.42559820917812835
1983,0,1,0,1.5759680461606622,1.0971276937147072,0.8199934730453691,1.2841239968362317,0.6533032601679388,-0.5478726504630693,1.8242148022747433,0.19798536709251952,-0.5099049150124095,-0.18669346917180268,-0.42559820917812835
1984,0,0,0,0.11171870822652469,-0.591177629254842,0.5820400674955153,-0.06540798468437428,-0.46038748969873045,-1.6880198761960807,0.3983456771945083,-0.21352220172035263,1.610432801355551,1.0452930856772977,1.8620289816083926
1985,0,0,0,0.4651582035899372,-0.591177629254842,-1.2976073763440261,-0.21535598263110828,-0.9231181533757267,-0.9940172170542477,0.7626906884373862,0.09510847488930148,-0.1505256410517382,0.22396871577789748,0.3369441877507119
1986,0,0,0,-0.5699146042600566,-0.591177629254842,0.7462094713244842,-0.26533864861335293,-0.3976443488611713,1.0384191418611206,-0.25747534304267206,0.45517759760056464,0.46041912468140284,0.22396871577789748,-1.1881406061069686
1987,0,1,0,0.6166322730313997,1.757768907050618,-1.5318715818078354,0.43441867513807236,-1.0662509434114074,0.4435597197395494,-0.5292570271049266,-0.9336604471428789,-0.29427735063600685,-1.0080178390712031,-0.42559820917812835
1988,0,0,0,-0.31745782185761906,-0.591177629254842,0.07293045562140994,-0.36530398057784225,-0.5819523250715004,-0.9940172170542477,-0.14718712342320586,-0.6250297705332248,-0.6895945519927452,0.22396871577789748,1.099486584679552
1989,0,1,0,-0.4436862130588378,2.198196382607892,-1.3215871769033136,-0.5152519785245763,-1.172129993574788,-0.30001455791241466,1.0305335075132314,-1.087975785447706,0.10103985072073149,-1.0080178390712031,-1.1881406061069686
1990,1,0,0,-2.463340472278338,-0.591177629254842,-0.3421045540585673,-0.21535598263110828,0.8768256994017422,-0.8948739800339859,-0.40321334753982274,0.1465469209909105,-0.9052221163691483,0.6346309007275976,-0.42559820917812835
1991,0,0,0,-1.327284951467369,-0.591177629254842,-0.5597673591351778,2.283777316481125,-0.7505745160724396,0.4435597197395494,-0.06644039120181143,0.45517759760056464,-0.6895945519927452,-1.0080178390712031,1.099486584679552
1992,0,0,1,0.7176149859923747,-0.591177629254842,-0.7700517640396992,0.9842280009427636,0.5023275775275631,0.4931313382496803,-1.1043313151207126,-0.26496064782196166,-0.006773931467470169,0.6346309007275976,-0.42559820917812835
1993,0,1,0,-0.8728627431429815,2.345005541126983,-0.6981123623618369,-0.6651999764713102,1.3356349167763912,-0.5478726504630693,0.7882933108490481,-1.6537986925654051,-0.6177186972006112,1.0452930856772977,-1.1881406061069686
1994,0,1,0,-0.519423247779569,1.0237231144551617,0.31088386117126365,0.7343146710315404,-0.9780184016085902,0.4435597197395494,-0.4938072422272415,-1.293729569854142,-0.3302152780320739,-1.4186800240209032,-1.1881406061069686
1995,0,0,0,-0.41844053481859406,-0.591177629254842,-0.6040377601677084,1.6340026587119443,-0.5584236472574161,-1.3410185466251643,0.6543719013111252,-1.6023602464637963,-0.11458771365567119,-0.5973556541215028,-0.42559820917812835
1996,0,0,0,-0.11549239593566905,-0.591177629254842,-0.10415114850871358,0.5343840071025617,1.7101330386505698,0.24527324569902562,0.0694504508293161,-0.47071443222839776,-0.40209113282420855,1.0452930856772977,-0.42559820917812835
1997,0,1,0,0.5661409165509121,1.9045780655697093,2.317808707979331,-1.015078638347023,-0.8564535662358203,0.4435597197395494,1.5504636857192842,-0.985098893244488,1.071363890414544,1.0452930856772977,-0.42559820917812835
1998,1,1,1,0.3894211688692059,1.537555169271981,-0.31812475349927954,-0.4652693125423316,1.5513144634054996,-1.0435888355643788,-0.1688508808484585,1.586823411835963,0.5322949794735369,-1.0080178390712031,1.099486584679552
1999,1,0,0,0.11171870822652469,-0.591177629254842,-0.5450105587910007,0.2844706771913384,1.835619320325688,1.1375623788813825,0.9734199652102937,-1.8081140308702324,0.02916399592859748,1.0452930856772977,1.099486584679552
2000,0,0,0,-0.519423247779569,-0.591177629254842,0.3311744616445069,0.6843320050492957,0.13175090195573125,0.9392759048408587,-0.7419557363710393,0.45517759760056464,0.38854326988926885,-0.18669346917180268,-0.42559820917812835
2001,0,0,0,1.4244939767191998,-0.591177629254842,1.1188186800149524,-1.6648532961162035,-0.9250788765269002,-0.10172808387189092,0.9399396128258133,-1.448044908158969,-0.006773931467470169,0.6346309007275976,0.3369441877507119
2002,0,1,0,-0.8476170649027378,1.6109597485315268,0.122734656783007,0.8342800029960297,1.6964079765923539,-1.1923036910947715,-0.7281697089186057,0.6609313820070007,0.9635501082263429,-0.5973556541215028,0.3369441877507119
2003,0,1,0,-0.5446689260198128,0.6567002181574335,1.0542576785091782,-0.26533864861335293,1.2415202055200527,-2.18373606129739,1.1486994571055167,0.3523007053973466,0.6401087616617385,-0.18669346917180268,-0.42559820917812835
2004,0,0,0,-0.620405960740544,-0.591177629254842,-0.11706334880986875,-0.36530398057784225,-1.3525165234827699,-0.9940172170542477,-0.5981871643670926,0.19798536709251952,-1.7317944464786923,-0.5973556541215028,-1.1881406061069686
2005,0,0,0,-0.16598375241615657,-0.591177629254842,0.032349254674923486,1.7339679906764336,-0.34862627008182845,0.3939881012294184,-0.40715221252623257,0.1465469209909105,-1.2646013903298197,-1.0080178390712031,-1.1881406061069686
2006,0,0,0,0.21270142118749968,-0.591177629254842,-0.07648214786338177,1.234141330853987,0.9905476421698173,-0.6470158874833312,1.733620907587326,-1.345168015955751,-0.1505256410517382,1.8666174555766981,-0.42559820917812835
2007,0,0,0,0.9448260901545684,-0.591177629254842,-1.6960409856368044,0.5843666730848064,1.3081847926599586,0.3444164827192875,0.2624548351633808,0.19798536709251952,-0.1505256410517382,2.277279640526398,0.3369441877507119
2008,0,0,0,-0.6961429954612753,-0.591177629254842,0.4381612641397902,-2.7644719477255864,-1.1427191463071822,-0.6470158874833312,-0.011296281392078902,-1.499483354260578,-0.6177186972006112,0.6346309007275976,-1.1881406061069686
2009,0,0,1,-2.0089182639539502,-0.591177629254842,-1.6038109834856984,-0.26533864861335293,-0.7505745160724396,-1.489733402155557,1.6489353103795215,-1.139414231549315,0.38854326988926885,-0.5973556541215028,2.6245713785372327
2010,0,0,0,0.06122735174603719,-0.591177629254842,-0.3457937541446114,-0.4652693125423316,-0.870178628294036,-0.8948739800339859,1.0443195349656649,0.1465469209909105,-0.6177186972006112,-0.5973556541215028,-0.42559820917812835
2011,0,1,0,-0.5446689260198128,1.757768907050618,-2.378543001554989,-1.914766626027427,0.023911128641177018,-0.6470158874833312,-1.0728203952294362,1.0724389508198728,-2.163049575231498,-0.18669346917180268,0.3369441877507119
2012,0,0,0,-0.2922121436173753,-0.591177629254842,-0.8235451652873409,-2.0647146239741607,-0.8662571819916888,2.5751393156751794,-0.07431812117463052,0.6094929359053917,-0.006773931467470169,0.22396871577789748,-0.42559820917812835
2013,0,0,0,0.4904038818301809,-0.591177629254842,1.338326085134585,0.484401341120317,0.5082097469810839,0.14613000867876375,-0.8995103358274189,-0.8822220010412699,1.2869914547909471,-0.5973556541215028,-0.42559820917812835
2014,0,1,0,0.5156495600704247,2.4184101203865285,0.6632024693884887,-0.26533864861335293,0.8160432817153572,-0.3991577949326765,-1.0688815302430268,0.4037391514989556,-0.22240149584387287,-0.5973556541215028,-0.42559820917812835
2015,0,0,0,0.010735995265549692,-0.591177629254842,-1.0098497696325752,-1.7148359620984481,1.1179946469961086,-0.746159124503593,-0.1590037183824348,0.7638082742102187,1.1432397452066785,-0.18669346917180268,-1.1881406061069686
2016,0,0,0,0.3641754906289622,-0.591177629254842,-0.015610346443652084,0.6843320050492957,1.3885744418580812,-0.2008713208921528,0.8788872055364663,-0.3163990939235707,2.221377567088692,0.22396871577789748,0.3369441877507119
2017,0,0,0,1.702196437361881,-0.591177629254842,0.06739665549234337,1.534037326747455,-0.4113694109193876,-1.3410185466251643,1.802551044849492,-0.007768417313916559,-0.11458771365567119,0.22396871577789748,0.3369441877507119
2018,0,0,0,-0.7718800301820066,-0.591177629254842,-0.5985039600386423,0.2344880112090937,-0.0035389954752550754,1.7324218010029537,0.6622496312839443,-1.8081140308702324,0.8197983986420742,1.8666174555766981,1.099486584679552
2019,0,0,0,0.9448260901545684,-0.591177629254842,0.9325140756697183,0.33445334317358305,0.23174778266559048,0.9888475233509896,-0.5194098646389028,0.9695620586166548,1.071363890414544,-0.18669346917180268,-0.42559820917812835
2020,0,0,0,-1.4535133426685878,-0.591177629254842,-0.8069437649001416,1.234141330853987,-0.7250851151071817,-0.5974442689732002,0.5618085741305024,0.30086225929573757,0.8557363260381412,-0.5973556541215028,-1.1881406061069686
2021,0,1,0,0.4146668471094497,0.8769139559360705,0.4824316651723206,-0.11539065066661894,-1.2564410890752578,0.3444164827192875,-0.8246719010856384,2.4098385494617074,-0.5458428424084772,-0.5973556541215028,0.3369441877507119
2022,0,0,0,0.18745574294725595,-0.591177629254842,-1.950595791573857,0.2344880112090937,-1.1133082990395766,0.691417812290204,-0.6119731918195261,-0.1106453095171346,0.24479156030500016,-0.5973556541215028,0.3369441877507119
2023,0,0,0,0.43991252534969344,-0.591177629254842,0.17991725811669318,0.934245334960519,0.6533032601679388,0.5922745752699422,1.371245328837652,0.19798536709251952,-0.07864978625960418,-1.4186800240209032,0.3369441877507119
2024,0,1,0,-0.9738454561039566,2.491814699646074,-0.7792747642548098,-0.26533864861335293,-0.31333325336070195,-0.30001455791241466,0.5933194940217782,-1.5509218003621872,-0.006773931467470169,-0.5973556541215028,-1.1881406061069686
2025,0,0,0,-0.36794917833810653,-0.591177629254842,-2.0077783929075426,1.234141330853987,0.21214055115385336,0.6418461937800731,-0.5253181621185173,0.3523007053973466,-3.672442525866318,-1.8293422089706033,0.3369441877507119
2026,0,0,0,-1.428267664428344,-0.591177629254842,0.4621410646990774,0.8342800029960297,0.09841860838577778,-0.30001455791241466,-0.7222614114389918,-0.8307835549396608,0.1729157055128655,0.22396871577789748,-1.1881406061069686
2027,0,0,1,0.2631927776679872,-0.591177629254842,-1.0412079703639514,-0.6152173104890656,0.26900152253789117,-0.7957307430137239,-0.3224666153184283,-0.6250297705332248,0.6401087616617385,-1.0080178390712031,2.6245713785372327
2028,0,1,0,0.6671236295118872,0.8035093766765248,-0.9194643675244915,0.7343146710315404,-0.7721424707353504,0.04698677165850189,1.2550488117385725,-1.9109909230734503,0.7119846164538726,-0.5973556541215028,0.3369441877507119
2029,1,0,0,1.273019907277737,-0.591177629254842,0.35330966216077214,-1.5149052981694695,0.18272970388624768,0.29484486420915657,1.587882903090174,1.329631181327918,0.7838604712460072,-0.18669346917180268,-1.1881406061069686
2030,0,0,0,0.9195804119143247,-0.591177629254842,0.6705808695605773,-1.2150093022760016,-1.0740938360161023,0.8897042863307277,-0.2830779654543334,1.483946519632745,0.6760466890578055,-0.18669346917180268,-0.42559820917812835
2031,0,0,0,0.13696438646676845,-0.591177629254842,-1.113147372041814,2.0838466525521464,0.5533063794580796,1.9307082750434774,-0.06644039120181143,-2.0138678152766682,-0.6536566245966782,1.8666174555766981,0.3369441877507119
2032,0,0,0,-0.31745782185761906,-0.591177629254842,-0.6501527612432614,0.784297337013785,-0.8584142893869938,-1.2914469281150334,0.26442426765658544,-0.5221528783300068,-0.8692841889730812,2.277279640526398,1.099486584679552
2033,0,0,0,0.13696438646676845,-0.591177629254842,1.0265886778638464,1.0342106669250084,0.4003699736665297,-0.6470158874833312,0.6898216861888108,-0.47071443222839776,0.5682329068696045,-0.18669346917180268,-0.42559820917812835
2034,1,0,1,-1.1000738473051752,-0.591177629254842,-1.190620573848743,-1.7648186280806928,-1.5270208839372301,-0.2008713208921528,0.8611623130976235,-1.293729569854142,-1.372415172518021,-1.4186800240209032,-1.1881406061069686
2035,0,0,0,2.106127289205781,-0.591177629254842,-0.5136523580596248,-0.36530398057784225,-0.4250944729776034,-1.1427320725846406,0.5480225466780688,0.5580544898037827,1.0354259630184768,1.455955270626998,0.3369441877507119
2036,0,0,0,0.21270142118749968,-0.591177629254842,-0.487827957457315,0.08454001326235971,0.6650675990749809,-1.1427320725846406,2.5194244723760186,-1.345168015955751,-0.11458771365567119,1.8666174555766981,1.099486584679552
2037,0,0,0,0.6671236295118872,-0.591177629254842,0.7203850707221744,-0.36530398057784225,-0.9858612942132852,1.484563708452299,0.06551158584290627,1.586823411835963,-0.3661532054281415,0.22396871577789748,0.3369441877507119
2038,0,0,0,1.8536705068033434,-0.591177629254842,0.1983632585469144,-0.11539065066661894,1.0297621051932915,-1.489733402155557,0.3806207847556655,-0.1620837556187436,-1.0849117533494839,1.8666174555766981,0.3369441877507119
2039,0,0,1,-0.21647510889664406,-0.591177629254842,0.09506565613767519,-2.0147319579919163,1.212109358252447,-1.3410185466251643,0.7528435259713625,1.0210005047182638,0.7479225438499402,0.6346309007275976,0.3369441877507119
2040,0,0,0,-0.4941775695393253,-0.591177629254842,-1.1850867737196769,-0.06540798468437428,0.48075962286465185,0.8401326678205968,-0.9605627431167659,-0.1106453095171346,2.7963844054257665,-1.0080178390712031,-0.42559820917812835
2041,0,0,1,0.4651582035899372,-0.591177629254842,2.114902703246898,-0.015425318702129613,0.6336960286562017,-2.3324509168277827,-0.12355393350474915,-1.8595524769718412,-0.43802906022027555,-1.4186800240209032,-1.1881406061069686
2042,0,0,0,0.5408952383106684,-0.591177629254842,0.6650470694315107,-0.7151826424535549,-0.6348918501531905,-2.035021205766997,0.11277796567982026,-1.7052371386670142,-1.372415172518021,1.455955270626998,1.099486584679552
2043,0,0,0,-1.6807244468307816,-0.591177629254842,-0.9360657679116902,-1.015078638347023,0.16704391867685775,-0.3495861764225456,0.016275773512787643,0.1465469209909105,1.3588673095830812,1.0452930856772977,-0.42559820917812835
2044,0,1,0,-0.26696646537713153,1.1705322729742529,-1.9985553926924322,-0.9151133063825336,-0.3643120552912184,0.14613000867876375,-0.2830779654543334,0.5580544898037827,0.9635501082263429,-1.4186800240209032,-0.42559820917812835
2045,0,0,0,-0.6961429954612753,-0.591177629254842,-1.5613851824961893,1.0342106669250084,1.03956572094916,-0.845302361523855,-0.5154709996524935,-0.7279066627364429,1.4307431643752153,-1.0080178390712031,0.3369441877507119
2046,0,0,1,-2.0594096204344376,-0.591177629254842,1.4729818882751995,0.784297337013785,1.3630850408928228,0.4435597197395494,-0.5115321346660837,1.5353849657343541,-0.25833942323993986,-0.5973556541215028,-0.42559820917812835
2047,0,1,0,0.4904038818301809,1.4641505900124354,0.6687362695175553,1.1341759988894977,1.6669971293247483,-1.1923036910947715,-0.18066747580768688,-1.139414231549315,-1.1927255355376853,-0.5973556541215028,-0.42559820917812835
2048,0,0,0,1.5002310114399309,-0.591177629254842,-1.5134255813776143,0.634349339067051,1.3317134704740439,-1.539305020665688,1.0640138598977125,-1.9624293691750594,1.071363890414544,-0.18669346917180268,1.099486584679552
2049,0,0,0,1.0205631248752998,-0.591177629254842,-0.609571560296775,1.0342106669250084,-0.5937166639785426,1.2367056159016443,0.7390574985189294,0.6094929359053917,-0.7255324793888128,0.22396871577789748,-1.1881406061069686
2050,0,0,0,-0.721388673701519,-0.591177629254842,-0.7313151631362348,0.8342800029960297,0.4591916682017411,-0.2008713208921528,0.7784461483830244,-0.3678375400251797,0.8916742534342083,-0.18669346917180268,0.3369441877507119
2051,0,1,0,0.4146668471094497,0.950318535195616,-0.485983357414293,0.5843666730848064,1.2375987592177056,0.4931313382496803,-1.3052134294275963,-0.7793451088380519,0.6041708342656715,1.0452930856772977,-0.42559820917812835
2052,1,0,0,-0.5446689260198128,-0.591177629254842,-1.402749578796287,1.683985324694189,2.3356037238749847,0.5427029567598112,0.7607212559441816,1.2267542891246999,-0.6536566245966782,-0.18669346917180268,0.3369441877507119
2053,0,0,0,-0.3427035000978628,-0.591177629254842,0.11535625661091894,0.934245334960519,-0.15451467811563077,-0.845302361523855,-0.025082308844511896,-0.21352220172035263,-1.3005393177258868,-0.18669346917180268,-0.42559820917812835
2054,0,0,0,0.03598167350579344,-0.591177629254842,-0.9231535676105355,-2.214662621920895,3.0198961036346104,0.8897042863307277,-1.098423017641098,-0.3678375400251797,0.24479156030500016,-0.5973556541215028,-0.42559820917812835
2055,0,0,0,-1.3020392732271253,-0.591177629254842,1.0524130784661563,-0.4652693125423316,0.4062521431200511,2.277709604614394,-1.0728203952294362,0.7123698281086097,-0.47396698761634254,-1.0080178390712031,-0.42559820917812835
2056,0,0,0,-0.8476170649027378,-0.591177629254842,1.4914278887054206,0.33445334317358305,0.15724030292098917,0.1957016271888947,0.13050285811866308,0.7638082742102187,-0.07864978625960418,-1.0080178390712031,3.387113775466073
2057,0,0,0,0.16221006470701219,-0.591177629254842,-0.2258947513481735,-0.015425318702129613,-0.7113600530489654,-1.0435888355643788,-0.30277229038638087,-0.007768417313916559,-1.2646013903298197,0.22396871577789748,0.3369441877507119
2058,0,0,0,0.43991252534969344,-0.591177629254842,-1.2275125747091855,-1.015078638347023,-0.981939847910938,-0.6470158874833312,0.05960328836329237,0.7638082742102187,0.20885363290893316,-0.18669346917180268,0.3369441877507119
2059,0,0,0,0.4904038818301809,-0.591177629254842,0.1135116565678964,1.6340026587119443,0.6846748305867181,2.4264244601447866,1.0856776173229639,-1.139414231549315,2.4010672040690277,0.6346309007275976,-1.1881406061069686
2060,0,0,0,-0.16598375241615657,-0.591177629254842,-0.7995653647280536,0.6843320050492957,-0.687831375234881,0.8897042863307277,-1.2480998871246585,-1.499483354260578,-0.22240149584387287,0.22396871577789748,-1.1881406061069686
2061,0,1,0,0.3641754906289622,1.537555169271981,0.7941690724430592,-0.9650959723647783,-0.19372914113910503,0.4435597197395494,-0.0014491189260551769,-0.6764682166348338,0.46041912468140284,-1.0080178390712031,-0.42559820917812835
2062,0,0,0,-0.9990911343442003,-0.591177629254842,0.32748526155846286,-1.6648532961162035,1.2611274370317898,0.29484486420915657,0.18170810294198636,0.8152467203118278,-0.43802906022027555,0.6346309007275976,-0.42559820917812835
2063,0,0,0,0.23794709942774345,-0.591177629254842,0.5248574661618296,-1.5648879641517142,-2.0603375810564803,-0.30001455791241466,-0.4485102948835321,1.483946519632745,-0.7974083341809469,2.6879418254760985,-0.42559820917812835
2064,0,0,0,0.08647302998628094,-0.591177629254842,-1.126059572342969,-0.4152866465600869,-0.43881953503581916,0.4435597197395494,1.071891589870531,-0.1106453095171346,0.6760466890578055,-0.18669346917180268,-0.42559820917812835
2065,0,0,0,-2.135146655155169,-0.591177629254842,-0.485983357414293,-1.7648186280806928,0.5787957804233375,-0.4983010319529384,-1.04524834032457,-0.3163990939235707,0.1729157055128655,1.455955270626998,-0.42559820917812835
2066,0,0,0,1.1720371943167622,-0.591177629254842,-0.20191495078888622,-0.4152866465600869,-0.244707943069622,0.3444164827192875,0.2998740525342711,-0.26496064782196166,1.5026190191673499,1.455955270626998,0.3369441877507119
2067,1,0,0,0.03598167350579344,-0.591177629254842,0.8236826731314131,-0.9650959723647783,0.8454541289829629,-0.4983010319529384,-1.0531260702973886,-1.7566755847686233,0.6401087616617385,1.455955270626998,1.099486584679552
2068,0,1,0,-0.923354099623469,2.56521927890562,-1.1279041723859908,-0.015425318702129613,-1.0995832369813607,0.3939881012294184,-0.8502745234973003,-0.47071443222839776,-0.6177186972006112,0.6346309007275976,-0.42559820917812835
2069,0,0,0,0.06122735174603719,-0.591177629254842,0.20943085880504703,-1.914766626027427,0.5180133627369525,-2.3324509168277827,0.5677168716101163,-0.21352220172035263,-0.8692841889730812,-0.5973556541215028,0.3369441877507119
2070,0,0,1,1.298265585517981,-0.591177629254842,2.550228313400119,-2.0147319579919163,-0.9270395996780738,-0.0025848468516290433,-1.5336675986393467,-1.9109909230734503,0.06510192332466448,1.0452930856772977,-0.42559820917812835
2071,0,0,1,0.591386594791156,-0.591177629254842,2.4432415109048358,0.5843666730848064,-0.3956836257099977,0.4435597197395494,-0.643484111710802,-0.3163990939235707,0.9276121808302759,-0.18669346917180268,-0.42559820917812835
2072,0,0,0,-0.0902467176954253,-0.591177629254842,-0.6187945605118855,1.0342106669250084,0.055282699059956315,2.0298515120637393,-0.9743487705691989,1.0210005047182638,1.1073018178106115,-1.0080178390712031,-0.42559820917812835
2073,0,0,1,0.7681063424728621,-0.591177629254842,-0.884416966707071,-0.26533864861335293,-0.40940868776821343,0.4435597197395494,0.9832671276763174,1.483946519632745,1.8979362205240882,-0.5973556541215028,-0.42559820917812835
2074,0,1,0,-1.1000738473051752,1.8311734863101636,0.2555458598806,0.2344880112090937,0.6160495202956382,-1.0435888355643788,0.49090900437513113,-0.5221528783300068,0.3166674150971342,2.6879418254760985,0.3369441877507119
2075,0,0,0,1.4244939767191998,-0.591177629254842,0.10244405630976378,-0.4152866465600869,0.25135501417732764,-0.746159124503593,-0.10189017607949707,-0.7793451088380519,-0.6177186972006112,0.22396871577789748,0.3369441877507119
2076,0,0,0,2.3585840716082185,-0.591177629254842,0.253701259837578,0.2844706771913384,-0.6113631723391061,2.4759960786549176,0.47121467944308365,1.123877396921482,0.5682329068696045,-0.18669346917180268,-1.1881406061069686
2077,0,0,0,-0.8728627431429815,-0.591177629254842,-0.611416160339797,0.33445334317358305,-0.07216430576633504,-0.052156465361759975,0.5677168716101163,0.30086225929573757,-0.8692841889730812,-1.0080178390712031,-0.42559820917812835
2078,0,0,1,0.5661409165509121,-0.591177629254842,-1.039363370320929,0.18450534522684905,-0.19961131059262638,0.8401326678205968,-0.610003759326321,-0.26496064782196166,0.9635501082263429,0.22396871577789748,1.8620289816083926
2079,0,0,0,0.3894211688692059,-0.591177629254842,0.469519464871166,-0.5152519785245763,-1.1623263778189195,0.691417812290204,1.4047256812221336,-0.21352220172035263,-0.9770979711612826,-0.18669346917180268,0.3369441877507119
2080,0,0,0,-0.9485997778637127,-0.591177629254842,-0.9379103679547127,-1.1150439703115123,0.7964360502036201,1.6332785639826917,0.7173937410936768,1.0724389508198728,0.9276121808302759,0.6346309007275976,-0.42559820917812835
2081,0,0,0,-0.923354099623469,-0.591177629254842,0.6890268699907985,-1.1150439703115123,0.21214055115385336,0.740989430800335,-0.4229076724718702,0.8152467203118278,0.42448119728533584,0.22396871577789748,1.099486584679552
2082,0,0,0,-0.11549239593566905,-0.591177629254842,-0.5450105587910007,1.084193332907253,0.35919478749188183,0.7905610493104659,0.21912732031287663,-0.5735913244316158,-0.1505256410517382,-1.4186800240209032,1.099486584679552
2083,0,0,0,0.11171870822652469,-0.591177629254842,0.5986414678827144,0.634349339067051,0.5180133627369525,1.385420471432037,-0.1511259884096157,0.7123698281086097,-0.47396698761634254,1.0452930856772977,1.099486584679552
2084,0,1,0,-1.2010565602661503,2.124791803348346,-0.2258947513481735,-0.06540798468437428,-0.10745732248746209,-0.052156465361759975,0.6976994161616293,0.6094929359053917,0.6401087616617385,1.8666174555766981,0.3369441877507119
2085,0,1,0,0.7176149859923747,1.6109597485315268,-0.04143474704596136,-0.26533864861335293,0.2278263363632433,0.09655839016863282,0.7666295534237955,0.4037391514989556,-0.3302152780320739,1.0452930856772977,1.099486584679552
2086,0,0,0,-0.1912294306564003,-0.591177629254842,-0.5523889589630893,0.9842280009427636,0.010186066582960692,-0.746159124503593,-0.3953356175670042,0.3523007053973466,1.466681091771283,1.8666174555766981,-1.1881406061069686
2087,1,0,1,0.3641754906289622,-0.591177629254842,3.0574933252312024,-0.9650959723647783,0.06312559166465129,0.29484486420915657,0.3195683774663185,0.3523007053973466,0.5682329068696045,1.455955270626998,-0.42559820917812835
2088,0,0,1,-1.9079355509929752,-0.591177629254842,1.5744348906414163,-1.015078638347023,1.5885682032777997,-1.6880198761960807,-0.6927199240409206,-1.036537339346097,-0.6536566245966782,-0.18669346917180268,-0.42559820917812835
2089,0,0,0,-0.6961429954612753,-0.591177629254842,-1.0614985708371947,-0.4152866465600869,-1.2133051797494359,0.691417812290204,0.4515203545110362,1.432508073531136,-1.5880427368944239,0.22396871577789748,-0.42559820917812835
2090,0,0,1,-0.0902467176954253,-0.591177629254842,0.8402840735186122,-0.5152519785245763,1.5552359097078468,1.3358488529219061,0.6405858738586923,0.1465469209909105,-0.5099049150124095,-0.18669346917180268,-1.1881406061069686
2091,0,0,0,1.197282872557006,-0.591177629254842,0.5322358663339182,0.9842280009427636,-0.5054841221757255,-0.052156465361759975,2.1550794611331408,0.24942381319412854,0.3526053424932012,-0.18669346917180268,-0.42559820917812835
2092,0,1,0,-0.3931948565783503,1.6109597485315268,-0.11890794885289077,0.33445334317358305,0.9219223318787373,0.04698677165850189,-0.8384579285380719,0.19798536709251952,0.46041912468140284,0.22396871577789748,-0.42559820917812835
2093,1,0,1,-0.36794917833810653,-0.591177629254842,-0.31628015345625754,1.534037326747455,-0.6505776353625804,0.09655839016863282,-1.4253488115130857,0.9181236125150458,0.42448119728533584,-1.0080178390712031,0.3369441877507119
2094,0,1,0,-0.5699146042600566,0.3630819011192511,1.8751046976540222,-0.36530398057784225,-0.43097664243112477,0.04698677165850189,0.8454068531519853,1.483946519632745,-1.372415172518021,0.22396871577789748,0.3369441877507119
2095,0,0,0,0.13696438646676845,-0.591177629254842,0.5303912662908962,-0.5652346445068209,-0.6035202797344111,-1.6384482576859498,-1.9551261521851622,-0.5221528783300068,2.041687930108357,-0.18669346917180268,1.099486584679552
2096,0,0,1,1.1215458378362746,-0.591177629254842,0.8236826731314131,-0.5652346445068209,2.249331905223341,1.0384191418611206,-0.3618552651825232,1.0724389508198728,2.113563784900492,-0.5973556541215028,-0.42559820917812835
2097,0,0,0,-0.2417207871368878,-0.591177629254842,0.17991725811669318,-0.015425318702129613,0.7670252029360144,0.3444164827192875,-2.197366348849346,-0.5735913244316158,-0.11458771365567119,-0.5973556541215028,1.099486584679552
2098,0,1,0,0.3894211688692059,1.1705322729742529,0.9841628768743379,-0.5152519785245763,-0.9427253848874637,-0.30001455791241466,2.8168087788499356,-0.9336604471428789,0.1729157055128655,0.6346309007275976,-0.42559820917812835
2099,0,1,0,-0.7971257084222503,2.124791803348346,-0.4527805566398946,-0.11539065066661894,-1.1329155305513137,0.24527324569902562,-1.1338728025187836,0.8666851664134367,-1.5521048094983565,-0.18669346917180268,-0.42559820917812835
2100,0,0,0,0.8690890554338372,-0.591177629254842,-0.4638481568980272,1.4840546607652103,0.07096848426934624,-0.4983010319529384,-0.8384579285380719,-2.1167447074798864,0.5682329068696045,-0.5973556541215028,-1.1881406061069686
2101,0,0,0,-0.6961429954612753,-0.591177629254842,1.0173656776487359,0.08454001326235971,-0.08785009097572496,0.4931313382496803,1.0265946425268222,-1.499483354260578,-0.6536566245966782,1.455955270626998,0.3369441877507119
2102,0,0,0,-1.327284951467369,-0.591177629254842,1.1151294799289084,-0.6152173104890656,-1.1603656546677459,0.8401326678205968,-1.4253488115130857,1.8954540884456172,-1.1208496807455512,1.8666174555766981,-0.42559820917812835
2103,1,0,1,0.6166322730313997,-0.591177629254842,2.1923759050538267,-1.1150439703115123,1.3787708261022127,2.07942313057387,-1.8507462300453108,-0.8307835549396608,0.7119846164538726,-1.0080178390712031,-1.1881406061069686
2104,0,0,0,-0.01450968297469406,-0.591177629254842,-0.24987455190746127,0.08454001326235971,0.7042820620984552,-0.15129970238202184,-1.3189994568800292,-0.3678375400251797,0.24479156030500016,-0.18669346917180268,-0.42559820917812835
2105,0,0,0,-0.923354099623469,-0.591177629254842,-0.09308354825058096,-0.11539065066661894,-0.3917621794076505,0.14613000867876375,-0.4386631324175084,-0.5735913244316158,0.1729157055128655,-1.0080178390712031,0.3369441877507119
2106,1,1,0,0.3894211688692059,1.39074601075289,-0.07463754782035975,1.833933322640923,0.2042976585491584,-1.9854495872568665,1.8419396947135869,1.0724389508198728,-1.1927255355376853,0.22396871577789748,-0.42559820917812835
2107,1,1,1,1.1720371943167622,1.9779826448292548,-0.4066655555643416,0.43441867513807236,-0.20745420319732136,-1.6384482576859498,0.5066644643207693,-1.2422911237525331,0.3166674150971342,-1.0080178390712031,1.099486584679552
2108,0,1,0,-0.41844053481859406,1.9779826448292548,0.515634465946719,1.8839159886231676,0.016068236036482057,0.7905610493104659,-0.7242308439321965,0.3523007053973466,-0.9770979711612826,4.741252750224599,1.8620289816083926
2109,0,1,0,-0.36794917833810653,0.5832956388978879,-0.6409297610281508,0.2344880112090937,0.11802583989751492,0.5427029567598112,1.0659832923909172,0.8666851664134367,0.49635705207746983,-1.0080178390712031,1.8620289816083926
2110,0,0,0,0.8438433771935934,-0.591177629254842,1.4619142880170675,-0.7651653084357996,-1.3858488170527228,0.691417812290204,-0.1511259884096157,0.30086225929573757,0.24479156030500016,1.0452930856772977,0.3369441877507119
2111,0,0,1,0.11171870822652469,-0.591177629254842,0.8734868742930106,0.2844706771913384,-0.3525477163841762,-1.1427320725846406,0.05172555839047328,0.3523007053973466,0.49635705207746983,-1.0080178390712031,-1.1881406061069686
2112,0,0,0,-0.31745782185761906,-0.591177629254842,-0.49151715754335906,0.934245334960519,-0.5682272630132846,0.3444164827192875,1.097494212282193,0.30086225929573757,0.6401087616617385,0.22396871577789748,0.3369441877507119
2113,0,0,0,-0.36794917833810653,-0.591177629254842,-0.5302537584468234,-0.7651653084357996,1.8767945065003353,-0.5974442689732002,0.9044898279481276,0.19798536709251952,0.8197983986420742,-1.4186800240209032,-0.42559820917812835
2114,0,1,1,1.0205631248752998,1.757768907050618,2.6350799153791358,-0.4152866465600869,1.627782666301274,0.3444164827192875,0.1620137780099389,0.5580544898037827,-1.2646013903298197,-0.5973556541215028,-0.42559820917812835
2115,0,0,0,1.197282872557006,-0.591177629254842,-0.4786049572422044,2.3837426484456143,1.2140700814036212,-0.6470158874833312,0.4771229769226981,-0.05920686341552558,-0.1505256410517382,-0.5973556541215028,0.3369441877507119
2116,0,1,0,1.5759680461606622,1.0237231144551617,0.6558240692164001,-0.4652693125423316,-1.2015408408423935,0.09655839016863282,-1.084636990188665,0.45517759760056464,0.7838604712460072,-1.0080178390712031,0.3369441877507119
2117,0,1,0,-0.2922121436173753,1.9779826448292548,-0.09492814829360298,0.3844360091558277,-0.06824285946398782,-0.0025848468516290433,-1.4548902989111567,-1.345168015955751,0.5682329068696045,-0.5973556541215028,-0.42559820917812835
2118,0,0,0,-0.9485997778637127,-0.591177629254842,0.017592454330746306,1.2841239968362317,0.5846779498768588,-0.10172808387189092,0.6149832514470303,-1.3966064620573602,0.1369777781167985,-0.5973556541215028,-1.1881406061069686
2119,0,0,0,0.03598167350579344,-0.591177629254842,-1.0412079703639514,0.2844706771913384,-0.35646916268652346,0.09655839016863282,0.8532845831248044,-1.293729569854142,0.8557363260381412,1.0452930856772977,0.3369441877507119
2120,0,0,0,0.08647302998628094,-0.591177629254842,0.380978662806104,-0.4152866465600869,-1.5976069173794838,-0.6470158874833312,0.6957299836684248,-1.8081140308702324,-1.5161668821022896,0.6346309007275976,0.3369441877507119
2121,0,1,0,-0.9485997778637127,1.8311734863101636,0.08584265592256458,0.5343840071025617,2.204235272746346,-0.5478726504630693,1.235354486806525,-2.3224984918863223,0.7119846164538726,-0.18669346917180268,-0.42559820917812835
2122,0,1,0,0.11171870822652469,1.1705322729742529,1.7552056948575843,-0.06540798468437428,-0.13098600030154642,0.8897042863307277,1.9364724543874148,0.45517759760056464,0.20885363290893316,-0.5973556541215028,1.099486584679552
2123,1,1,0,-0.822371386662494,2.271600961867437,-0.6925785622327704,1.9838813205876569,0.8121218354130094,-0.5478726504630693,1.9837388342243283,-1.448044908158969,0.38854326988926885,0.22396871577789748,-0.42559820917812835
2124,1,1,0,-0.9485997778637127,0.950318535195616,-0.5173415581456688,-0.06540798468437428,-1.027036480387933,-0.5478726504630693,0.17973867044878172,0.7123698281086097,-0.07864978625960418,-0.18669346917180268,-0.42559820917812835
2125,1,0,1,-0.2417207871368878,-0.591177629254842,1.2331838826823243,0.484401341120317,-0.35646916268652346,-0.10172808387189092,-0.860121685963324,0.30086225929573757,0.6760466890578055,-1.0080178390712031,0.3369441877507119
2126,0,0,0,0.010735995265549692,-0.591177629254842,0.9804736767882933,0.6843320050492957,-0.27019734403487994,1.1375623788813825,-0.9448072831711277,1.123877396921482,0.46041912468140284,0.6346309007275976,2.6245713785372327
2127,0,0,1,0.3894211688692059,-0.591177629254842,2.0005375005795267,0.9842280009427636,1.090544522879677,-0.4983010319529384,0.6327081438858732,-0.05920686341552558,1.1432397452066785,-0.18669346917180268,-1.1881406061069686
2128,0,1,0,0.7681063424728621,1.0971276937147072,-0.16133374984239923,2.23379465049888,0.7160464010054974,-0.3495861764225456,1.8360313972339724,-0.007768417313916559,0.8916742534342083,-1.4186800240209032,-0.42559820917812835
2129,0,0,0,-0.41844053481859406,-0.591177629254842,0.6742700696466214,0.6843320050492957,-0.0525570742545979,0.3444164827192875,0.32547667494593296,0.19798536709251952,-0.1505256410517382,-0.5973556541215028,-0.42559820917812835
2130,0,0,0,0.08647302998628094,-0.591177629254842,-0.7534503636525005,-0.015425318702129613,0.29841236980549685,-2.084592824277128,-0.7281697089186057,-0.1106453095171346,-1.9114840834590279,-0.18669346917180268,0.3369441877507119
2131,0,0,0,0.18745574294725595,-0.591177629254842,0.5746616673234267,0.5843666730848064,0.7552608640289716,-1.3410185466251643,1.0305335075132314,-0.5221528783300068,-0.3661532054281415,0.22396871577789748,1.099486584679552
2132,0,0,0,0.2631927776679872,-0.591177629254842,0.04157225489003409,0.8342800029960297,-0.825081995817041,-0.4487294134428074,1.2786820016570293,1.175315843023091,-0.18646356844780584,1.8666174555766981,-1.1881406061069686
2133,0,1,0,1.3740026202387121,1.6109597485315268,-2.175636996822556,0.13452267924460437,1.0768194608214607,0.4931313382496803,0.4850007068955172,-0.21352220172035263,0.7838604712460072,0.22396871577789748,-0.42559820917812835
2134,0,0,0,-0.8728627431429815,-0.591177629254842,0.519323666032763,-0.7651653084357996,-0.06824285946398782,0.5922745752699422,1.1900575394628157,-0.8822220010412699,-1.2286634629337525,-0.5973556541215028,-0.42559820917812835
2135,0,0,0,-0.923354099623469,-0.591177629254842,0.731452670980307,-1.3649573002227355,-0.6505776353625804,-1.7375914947062117,-0.7852832512215434,0.9695620586166548,-0.07864978625960418,0.22396871577789748,-0.42559820917812835
2136,0,0,0,-0.7971257084222503,-0.591177629254842,0.8753314743360326,1.084193332907253,1.1474054942637142,0.5427029567598112,-0.6218203542855499,-0.6764682166348338,-0.47396698761634254,-1.4186800240209032,0.3369441877507119
2137,0,0,0,0.010735995265549692,-0.591177629254842,1.4342452873717355,-0.8151479744180442,-0.30156891445365924,0.740989430800335,-1.8192353101540346,0.45517759760056464,1.1791776726027456,1.0452930856772977,-1.1881406061069686
2138,0,0,0,-2.160392333395413,-0.591177629254842,-1.0780999712243937,1.4840546607652103,0.310176708712539,-0.6965875059934621,0.6661884962703536,-3.4541443061217207,2.113563784900492,0.22396871577789748,0.3369441877507119
2139,0,0,1,-0.31745782185761906,-0.591177629254842,2.2495585063875128,1.7839506566586782,1.1277982627519771,-1.3905901651352952,-1.3465715117848958,0.9181236125150458,1.1432397452066785,-1.0080178390712031,1.8620289816083926
2140,0,0,0,2.43432110632895,-0.591177629254842,1.0026088773045592,-0.21535598263110828,0.3670376800965768,0.5427029567598112,-0.3618552651825232,0.45517759760056464,-0.25833942323993986,-0.5973556541215028,-1.1881406061069686
2141,1,0,1,-1.2767935949868816,-0.591177629254842,-1.4746889804741499,0.3844360091558277,2.1277670698505706,0.09655839016863282,-0.7892221162079532,-1.9624293691750594,1.2510535273948795,0.6346309007275976,0.3369441877507119
2142,0,0,0,1.8031791503228558,-0.591177629254842,-0.17977975027262044,1.1341759988894977,-0.3349012080236127,-0.30001455791241466,3.8153110529047414,-1.448044908158969,0.8916742534342083,1.0452930856772977,0.3369441877507119
2143,1,1,1,2.207110002166756,1.3173414314933443,0.3551542622037947,0.7343146710315404,-0.6584205279672753,-1.6384482576859498,-0.054623796242583074,0.9181236125150458,1.5026190191673499,-0.5973556541215028,-0.42559820917812835
2144,1,0,0,-0.3931948565783503,-0.591177629254842,-1.1684853733324776,-0.7151826424535549,0.5787957804233375,1.3358488529219061,0.05763385587008718,0.45517759760056464,-0.04271185886353718,-0.5973556541215028,1.099486584679552
2145,1,0,1,0.06122735174603719,-0.591177629254842,1.408420886769426,1.384089328800721,-1.1623263778189195,-0.3991577949326765,2.1196296762554554,1.5353849657343541,0.6760466890578055,-1.0080178390712031,-0.42559820917812835
2146,0,1,0,0.8943347336740809,1.39074601075289,0.15040365742833883,-0.8151479744180442,0.40821286627122466,2.327281223124525,-1.0944841526546887,0.5066160437021736,-0.07864978625960418,-0.18669346917180268,1.099486584679552
2147,0,1,0,1.3740026202387121,0.950318535195616,0.3016608609561531,-0.4652693125423316,0.26900152253789117,-0.7957307430137239,-2.226907836247417,0.5580544898037827,-0.5817807698045442,-0.18669346917180268,-1.1881406061069686
2148,0,0,0,1.1215458378362746,-0.591177629254842,-0.9249981676535575,-0.1653733166488636,-0.2898045755466171,0.04698677165850189,0.0674810183361109,0.30086225929573757,-3.2771253245095795,-1.0080178390712031,0.3369441877507119
2149,0,1,0,0.3894211688692059,0.28967732185970546,0.7646554717547054,0.3844360091558277,-0.9642933395503744,0.8897042863307277,-0.4386631324175084,-1.036537339346097,-0.43802906022027555,0.6346309007275976,0.3369441877507119
2150,0,0,0,1.298265585517981,-0.591177629254842,-0.7202475628781022,-0.4152866465600869,-0.262354451430185,-0.2008713208921528,0.5066644643207693,-0.5735913244316158,-0.25833942323993986,0.22396871577789748,0.3369441877507119
2151,1,0,1,-0.8981084213832253,-0.591177629254842,1.814232896234292,1.1341759988894977,-0.870178628294036,0.5922745752699422,1.0955247797889878,-1.499483354260578,-0.3661532054281415,2.277279640526398,-1.1881406061069686
2152,0,0,1,2.0051445762448057,-0.591177629254842,0.8365948734325682,0.2344880112090937,0.9768225801116015,0.04698677165850189,0.29199632256145197,-1.3966064620573602,-1.2646013903298197,0.22396871577789748,1.099486584679552
2153,0,0,0,-0.8476170649027378,-0.591177629254842,-1.2994519763870482,0.8342800029960297,0.3376268328289711,1.1871339973915134,-0.2535364780562622,2.1012078728520533,0.9276121808302759,0.6346309007275976,-1.1881406061069686
2154,0,0,0,-1.024336812584444,-0.591177629254842,0.5211682660757856,0.43441867513807236,-1.5034922061231455,0.5922745752699422,1.7789178549310352,0.7638082742102187,-1.623980664290491,1.8666174555766981,-1.1881406061069686
2155,0,0,1,-1.428267664428344,-0.591177629254842,2.380525109442084,1.9338986546054122,-0.9682147858527217,-0.30001455791241466,-0.05068493125617381,-1.7566755847686233,-1.048973825953417,-0.5973556541215028,1.8620289816083926
2156,0,0,0,-1.9079355509929752,-0.591177629254842,1.1630890810474834,-1.5648879641517142,0.1729260881303791,0.8401326678205968,0.3628958923168227,-0.9336604471428789,1.5026190191673499,0.6346309007275976,0.3369441877507119
2157,0,0,0,1.1215458378362746,-0.591177629254842,0.9232910754546078,-0.9151133063825336,-1.2172266260517837,0.14613000867876375,0.9753893977034989,0.45517759760056464,-2.4864909217961024,-0.5973556541215028,-0.42559820917812835
2158,0,1,0,0.5408952383106684,1.4641505900124354,-0.24987455190746127,-1.914766626027427,0.6611461527726338,-0.5974442689732002,-0.6139426243127308,-0.8307835549396608,-0.9052221163691483,-0.5973556541215028,0.3369441877507119
2159,0,0,1,0.5156495600704247,-0.591177629254842,-0.6409297610281508,1.2841239968362317,0.008225343431787092,-0.8948739800339859,0.1482277505575059,-0.985098893244488,1.1073018178106115,1.8666174555766981,-1.1881406061069686
2160,1,0,0,-1.1505652037856628,-0.591177629254842,-1.354789977677712,-1.165026636293757,-1.5034922061231455,-0.0025848468516290433,-2.0654143718046276,-0.41927598612678874,0.9635501082263429,-0.5973556541215028,-1.1881406061069686
2161,0,0,0,-0.5951602825003003,-0.591177629254842,0.7794122720988825,-0.8151479744180442,-0.6701848668743176,1.2367056159016443,0.1757998054623719,-1.448044908158969,1.071363890414544,-0.18669346917180268,-0.42559820917812835
2162,0,0,0,-2.236129368116144,-0.591177629254842,0.4621410646990774,-0.11539065066661894,0.24155139842145906,-0.4983010319529384,-0.3776107251281614,-0.26496064782196166,-0.1505256410517382,1.0452930856772977,0.3369441877507119
2163,0,0,0,-0.923354099623469,-0.591177629254842,0.6263104685280463,-0.36530398057784225,-0.6584205279672753,0.691417812290204,-1.5612396535442132,-1.139414231549315,1.3948052369791482,-0.5973556541215028,1.099486584679552
2164,0,1,0,-0.21647510889664406,2.6386238581651655,-0.5081185579305583,-0.26533864861335293,1.4650426447538556,-1.3410185466251643,-0.7655889262894959,1.0724389508198728,-0.07864978625960418,-1.4186800240209032,0.3369441877507119
2165,1,1,1,0.6166322730313997,1.537555169271981,1.4988062888775098,-0.9650959723647783,-0.7152814993513131,0.5922745752699422,1.3870007887832903,0.8666851664134367,2.4370051314650953,0.6346309007275976,-0.42559820917812835
2166,0,0,0,1.5002310114399309,-0.591177629254842,-0.24249615173537267,0.8342800029960297,2.290507091397989,1.434992089942168,-0.8049775761535909,1.0724389508198728,-0.07864978625960418,-1.0080178390712031,-0.42559820917812835
2167,0,0,0,-0.5446689260198128,-0.591177629254842,-0.03036714678782874,-0.8651306404002889,-0.644695465909059,-0.7957307430137239,0.4416731920450125,2.1526463189536624,1.7901224383358867,1.455955270626998,-1.1881406061069686
2168,0,0,0,-1.630233090350294,-0.591177629254842,1.0247440778208243,-0.1653733166488636,-0.06628213631281367,0.1957016271888947,1.1506688895987207,0.5066160437021736,-1.1567876081416182,1.0452930856772977,1.099486584679552
2169,1,0,0,0.9448260901545684,-0.591177629254842,1.6389958921471903,-0.9650959723647783,-0.5054841221757255,0.740989430800335,-0.15309542090282033,-0.21352220172035263,0.49635705207746983,-0.18669346917180268,-0.42559820917812835
2170,0,0,0,-0.721388673701519,-0.591177629254842,0.006524854072613683,0.634349339067051,-0.9878220173644588,0.5922745752699422,-0.6513618416836211,-1.087975785447706,-0.1505256410517382,1.0452930856772977,0.3369441877507119
2171,0,0,1,-0.6708973172210315,-0.591177629254842,2.4819781118083006,-0.7151826424535549,0.43566299038765677,-0.052156465361759975,1.1368828621462879,1.0724389508198728,0.7479225438499402,0.22396871577789748,1.099486584679552
2172,0,1,0,0.8438433771935934,2.4184101203865285,-0.3236585536283461,-0.9151133063825336,2.441482774038365,-1.1427320725846406,-0.8108858736332053,0.6094929359053917,0.6041708342656715,0.22396871577789748,-1.1881406061069686
2173,0,0,0,1.1215458378362746,-0.591177629254842,-0.06910374769129318,-0.5652346445068209,1.453278305846814,0.9392759048408587,0.49878673434795023,-1.6023602464637963,0.7838604712460072,-0.18669346917180268,-0.42559820917812835
2174,0,0,0,0.8943347336740809,-0.591177629254842,-1.2939181762579817,-0.4652693125423316,0.1435152408627734,0.5427029567598112,-1.3052134294275963,0.3523007053973466,0.49635705207746983,0.22396871577789748,-1.1881406061069686
2175,1,0,0,-0.8728627431429815,-0.591177629254842,0.5377696664629843,-0.8151479744180442,-0.5270520768386362,-0.5974442689732002,1.249140514258958,0.3523007053973466,-0.6895945519927452,-0.5973556541215028,1.099486584679552
2176,0,1,0,1.298265585517981,0.8769139559360705,0.6466010690012896,0.3844360091558277,-2.0309267337888746,-0.8948739800339859,-0.6021260293535025,2.3069616572584892,-0.8333462615770139,0.22396871577789748,-0.42559820917812835
2177,0,0,0,1.5507223679204185,-0.591177629254842,-2.4043674021572987,1.0342106669250084,-1.103504683283708,1.7819934195130847,0.03400066595163046,-0.1620837556187436,0.6760466890578055,3.5092661953754987,-0.42559820917812835
2178,0,0,0,-0.721388673701519,-0.591177629254842,-0.705490762533925,1.6340026587119443,-1.2799697668893422,-0.2008713208921528,0.5165116267867931,-0.1620837556187436,0.3526053424932012,-0.5973556541215028,0.3369441877507119
2179,0,0,0,0.010735995265549692,-0.591177629254842,1.3586166856078281,-0.5652346445068209,0.7395750788195823,0.691417812290204,-0.9251129582390802,-0.7793451088380519,-0.18646356844780584,1.0452930856772977,1.8620289816083926
2180,0,0,0,0.6166322730313997,-0.591177629254842,0.48796546530138724,1.384089328800721,-0.04079273534755574,-1.4401617836454261,-1.2874885369887534,0.8152467203118278,1.071363890414544,-0.5973556541215028,-1.1881406061069686
2181,0,0,0,-1.3777763079478564,-0.591177629254842,-2.5666922059432453,0.2344880112090937,-0.5446985851991998,-0.845302361523855,-1.106300747613917,-0.5735913244316158,-0.43802906022027555,-1.0080178390712031,0.3369441877507119
2182,0,0,1,0.793352020713106,-0.591177629254842,2.0595647019562344,0.18450534522684905,0.6670283222261546,1.5837069454725607,-0.18854520578050596,-0.6764682166348338,-0.47396698761634254,-0.5973556541215028,-0.42559820917812835
2183,0,1,0,2.3333383933679746,1.6843643277910723,-1.9985553926924322,-2.1146972899564056,-1.4799635283090609,0.24527324569902562,-0.9014797683206235,0.4037391514989556,0.5322949794735369,-0.5973556541215028,-1.1881406061069686
2184,0,0,1,-0.9485997778637127,-0.591177629254842,1.5172522893077312,-1.5648879641517142,0.8787864225529158,1.7324218010029537,0.016275773512787643,-0.3163990939235707,1.610432801355551,-0.18669346917180268,-1.1881406061069686
2185,0,0,0,0.591386594791156,-0.591177629254842,0.2168092589771356,1.683985324694189,1.2023057424965784,0.6418461937800731,-0.3736718601417516,0.5580544898037827,-0.07864978625960418,-0.5973556541215028,-0.42559820917812835
2186,0,0,0,1.0963001595960309,-0.591177629254842,-0.8530587659756947,0.03455734728011505,1.0846623534261557,1.3358488529219061,0.5381753842120451,-1.6537986925654051,0.49635705207746983,-1.0080178390712031,-1.1881406061069686
2187,0,1,0,-0.0902467176954253,1.4641505900124354,1.910152098471443,-0.36530398057784225,-0.2898045755466171,-0.10172808387189092,2.196437543490441,-1.139414231549315,-1.4802289547062226,1.455955270626998,-0.42559820917812835
2188,0,1,0,0.9195804119143247,3.079051333722439,0.1282684569120736,-0.3153213145955976,-0.43489808873347197,0.29484486420915657,0.28214916009542823,-0.007768417313916559,0.6760466890578055,-0.18669346917180268,0.3369441877507119
2189,0,1,0,1.0458088031155435,2.198196382607892,-0.29967875306905833,0.18450534522684905,-1.2584018122264315,0.691417812290204,0.9419090453190179,1.3810696274295269,-2.127111647835431,0.6346309007275976,-1.1881406061069686
2190,0,1,0,0.4651582035899372,0.8035093766765248,-0.026677946701784708,0.484401341120317,0.24743356787498041,-0.0025848468516290433,0.4928784368683363,1.175315843023091,-0.07864978625960418,0.6346309007275976,-0.42559820917812835
2191,0,0,0,1.4497396549594435,-0.591177629254842,0.3016608609561531,0.13452267924460437,-2.177980970126903,-0.25044293940228374,1.9876776992107374,-0.9336604471428789,0.02916399592859748,-0.5973556541215028,-0.42559820917812835
2192,0,0,0,-1.2767935949868816,-0.591177629254842,2.1351933037201416,1.3341066628184763,-1.4270240032273707,-0.0025848468516290433,-0.6789338965884871,0.24942381319412854,-0.22240149584387287,0.6346309007275976,-0.42559820917812835
2193,0,0,0,-0.06500103945518156,-0.591177629254842,-0.8014099647710756,-0.9151133063825336,-0.8603750125381675,0.8897042863307277,-0.8364884960448667,-0.8822220010412699,-0.04271185886353718,0.22396871577789748,0.3369441877507119
2194,0,1,0,0.010735995265549692,1.1705322729742529,-1.2072219742359422,-0.26533864861335293,-0.7584174086771346,-0.6965875059934621,-0.4918378097340363,-0.5221528783300068,0.9994880356224098,1.8666174555766981,0.3369441877507119
2195,0,0,0,-1.2515479167466377,-0.591177629254842,-0.18900275048773105,0.5343840071025617,-1.1897765019353514,-1.539305020665688,-0.08416528364065425,-0.6764682166348338,0.6401087616617385,-0.5973556541215028,-1.1881406061069686
2196,0,0,0,0.4146668471094497,-0.591177629254842,0.6429118689152455,-0.3153213145955976,-1.2191873492029572,2.4264244601447866,-1.0354011778585464,0.09510847488930148,-0.11458771365567119,-1.4186800240209032,0.3369441877507119
2197,1,0,0,-0.21647510889664406,-0.591177629254842,1.4065762867264038,1.234141330853987,-1.127033361097793,0.5427029567598112,-0.3953356175670042,0.04367002878769246,0.5322949794735369,-0.5973556541215028,-1.1881406061069686
2198,0,0,0,-0.36794917833810653,-0.591177629254842,-0.5782133595653991,-1.4649226321872248,1.6650364061735752,-0.4487294134428074,-0.6868116265613061,2.8213461182745796,-1.4442910273101552,-0.5973556541215028,0.3369441877507119
2199,0,0,0,0.5408952383106684,-0.591177629254842,-1.111302771998792,-0.36530398057784225,0.46507383765526245,0.14613000867876375,0.2092801578468529,1.123877396921482,-0.5458428424084772,-0.18669346917180268,0.3369441877507119
2200,0,1,0,1.3992482984789558,1.39074601075289,0.2352552594073568,1.833933322640923,-0.005499718626428677,0.740989430800335,0.8454068531519853,0.6094929359053917,1.6463707287516185,1.455955270626998,-0.42559820917812835
2201,0,0,1,0.6671236295118872,-0.591177629254842,1.2110486821660584,-0.4652693125423316,0.33370538652662335,-0.3991577949326765,0.8237430957267332,1.432508073531136,1.3229293821870143,0.6346309007275976,-1.1881406061069686
2202,1,0,1,0.7428606642326184,-0.591177629254842,0.6761146696896434,0.2844706771913384,3.206164802996113,-0.6965875059934621,-1.46867632636359,1.175315843023091,2.4010672040690277,-1.0080178390712031,2.6245713785372327
2203,0,0,0,1.4497396549594435,-0.591177629254842,-0.1318201491540454,0.6843320050492957,1.106230308089067,-1.539305020665688,0.6701273612567634,0.19798536709251952,-3.672442525866318,-1.8293422089706033,0.3369441877507119
2204,1,1,0,1.1215458378362746,1.6109597485315268,-0.07832674790640379,0.33445334317358305,-0.9191967070733789,0.7905610493104659,0.6366470088722824,-0.7793451088380519,0.3166674150971342,-0.5973556541215028,-0.42559820917812835
2205,1,1,1,-0.26696646537713153,1.3173414314933443,-0.19453655061679764,0.18450534522684905,-0.2231399884067107,0.1957016271888947,0.23685221275171944,-1.2422911237525331,1.1073018178106115,-0.5973556541215028,-1.1881406061069686
2206,0,1,0,0.6671236295118872,1.39074601075289,-3.2639510222056076,0.634349339067051,1.05525150615855,0.09655839016863282,0.8158653657539141,2.8727845643761887,-0.3661532054281415,0.22396871577789748,1.099486584679552
2207,0,0,0,0.21270142118749968,-0.591177629254842,0.08399805587954257,2.133829318534391,0.22586561321206913,0.24527324569902562,0.8217736632335285,0.8152467203118278,-0.11458771365567119,-1.0080178390712031,-0.42559820917812835
2208,0,0,0,-0.31745782185761906,-0.591177629254842,0.04341685493305611,-0.5152519785245763,-0.9544897237945059,-0.6470158874833312,-1.1476588299712167,-0.007768417313916559,-0.9770979711612826,-0.5973556541215028,-0.42559820917812835
2209,0,1,0,0.010735995265549692,0.0694635840810686,-0.35870595444576653,0.784297337013785,0.19253331964211623,1.0384191418611206,-1.224466697206202,-1.8081140308702324,0.20885363290893316,1.8666174555766981,-1.1881406061069686
2210,0,0,0,-2.0089182639539502,-0.591177629254842,0.8052366727011918,2.0838466525521464,0.3199803244684076,0.691417812290204,0.26442426765658544,0.5580544898037827,0.7838604712460072,-1.0080178390712031,-0.42559820917812835
2211,0,1,0,1.1215458378362746,1.6843643277910723,0.6724254696035993,-0.3153213145955976,0.4886025154693468,1.1375623788813825,0.6583107662975345,0.45517759760056464,0.1729157055128655,-1.4186800240209032,0.3369441877507119
2212,0,0,0,-1.7059701250710253,-0.591177629254842,-0.36977355470389917,0.7343146710315404,-0.09373226042924576,0.8897042863307277,-1.9472484222123432,-0.7279066627364429,-1.1208496807455512,1.0452930856772977,-0.42559820917812835
2213,0,1,1,-0.9990911343442003,2.345005541126983,-1.3750805781509552,-1.1150439703115123,-0.3839192868029555,-0.0025848468516290433,-0.535165324584541,0.7638082742102187,-0.006773931467470169,-1.0080178390712031,0.3369441877507119
2214,0,0,0,0.16221006470701219,-0.591177629254842,0.4602964646560554,0.3844360091558277,-0.7407709003165711,0.4931313382496803,-0.9113269307866473,0.09510847488930148,1.1432397452066785,-1.4186800240209032,1.099486584679552
2215,0,0,1,1.1720371943167622,-0.591177629254842,1.7422934945564297,-0.4152866465600869,0.6199709665979859,-0.8948739800339859,1.6213632554746555,-0.8822220010412699,-1.4442910273101552,-1.4186800240209032,-1.1881406061069686
2216,0,0,0,-0.1407380741759128,-0.591177629254842,0.9288248755836743,0.784297337013785,0.04351836015291415,0.4931313382496803,-0.5883400019010689,0.24942381319412854,1.4307431643752153,0.6346309007275976,-0.42559820917812835
2217,0,0,0,0.6923693077521309,-0.591177629254842,-0.002698146142496922,-0.3153213145955976,1.3768101029510385,-0.3991577949326765,-0.20233123323293897,-0.6250297705332248,-0.8333462615770139,-0.18669346917180268,-1.1881406061069686
2218,0,0,0,0.8438433771935934,-0.591177629254842,-3.1680318199684567,-0.7151826424535549,-0.5643058167109369,-0.0025848468516290433,-0.2909556954271525,-1.036537339346097,0.9635501082263429,-1.0080178390712031,0.3369441877507119
2219,0,1,0,-0.11549239593566905,1.0971276937147072,0.06555205544932136,-0.6152173104890656,-1.034879372992628,-0.5478726504630693,2.933005295949015,0.4037391514989556,0.38854326988926885,1.0452930856772977,-0.42559820917812835
2220,0,0,0,0.16221006470701219,-0.591177629254842,0.5045668656885864,-1.0650613043292676,1.2199522508571414,0.8401326678205968,-1.0235845828993175,-1.6023602464637963,0.1729157055128655,-0.5973556541215028,-1.1881406061069686
2221,0,0,0,0.5661409165509121,-0.591177629254842,-0.7294705630932128,0.2844706771913384,-0.9113538144686845,0.04698677165850189,-2.977261616158425,-0.6764682166348338,0.8197983986420742,-1.4186800240209032,0.3369441877507119
2222,0,0,0,-1.6554787685905377,-0.591177629254842,-0.0063873462285414795,-2.0647146239741607,1.6297433894524482,0.04698677165850189,1.65681304035234,-0.8822220010412699,-1.5880427368944239,1.0452930856772977,0.3369441877507119
2223,1,0,1,0.9195804119143247,-0.591177629254842,1.0653252787673113,0.13452267924460437,-0.46038748969873045,-0.7957307430137239,1.223537891847296,-0.985098893244488,1.4307431643752153,-0.18669346917180268,-1.1881406061069686
2224,0,0,0,-0.31745782185761906,-0.591177629254842,0.036038454760967516,0.784297337013785,-0.2584330051278378,0.9392759048408587,0.3747124872760516,-0.21352220172035263,0.10103985072073149,1.0452930856772977,-0.42559820917812835
2225,0,1,0,0.3894211688692059,0.8035093766765248,-0.43986835633873994,0.18450534522684905,-0.2898045755466171,0.8897042863307277,-0.1688508808484585,0.8152467203118278,-0.7255324793888128,-1.0080178390712031,1.099486584679552
2226,0,1,0,0.5661409165509121,1.0971276937147072,1.2073594820800144,-0.6152173104890656,1.2709310527876585,0.24527324569902562,0.7567823909577718,0.4037391514989556,1.6823086561476857,-0.5973556541215028,0.3369441877507119
2227,1,0,0,1.1467915160765185,-0.591177629254842,-1.262559975526606,1.2841239968362317,2.219921057955735,-0.25044293940228374,0.28411859258863287,-0.9336604471428789,0.10103985072073149,0.6346309007275976,-0.42559820917812835
2228,0,1,0,0.13696438646676845,0.0694635840810686,-1.6794395852496051,-0.015425318702129613,2.443443497189539,0.4435597197395494,-2.3903707331834108,-0.7279066627364429,-0.7255324793888128,-0.18669346917180268,1.099486584679552
2229,0,1,0,0.5156495600704247,2.6386238581651655,-1.1721745734185218,-0.7651653084357996,-0.981939847910938,0.9888475233509896,0.896612097975309,-0.1106453095171346,0.6401087616617385,-1.0080178390712031,-0.42559820917812835
2230,0,0,0,0.9195804119143247,-0.591177629254842,-0.443557556424784,-0.9650959723647783,-1.3152627836104693,-0.30001455791241466,1.0206863450472077,-1.190852677650924,-0.40209113282420855,-1.0080178390712031,-0.42559820917812835
2231,0,1,0,-0.8476170649027378,1.6843643277910723,-0.08017134794942633,-1.6148706301339588,-0.019224780684645004,-1.3410185466251643,0.36486532481002787,-0.05920686341552558,1.071363890414544,0.6346309007275976,-0.42559820917812835
2232,0,0,1,1.5254766896801746,-0.591177629254842,-0.45831435676896115,-0.8151479744180442,-0.43881953503581916,1.2367056159016443,-0.5587985145029978,-0.5221528783300068,-1.5521048094983565,-1.0080178390712031,1.8620289816083926
2233,1,1,1,-0.9738454561039566,1.757768907050618,0.7166958706361304,-0.36530398057784225,0.7160464010054974,1.5837069454725607,-0.17869804331448225,1.8954540884456172,1.071363890414544,-0.5973556541215028,-1.1881406061069686
2234,0,1,0,0.4904038818301809,1.1705322729742529,0.8845544745511432,-0.9650959723647783,0.6807533842843709,-1.4401617836454261,-0.6868116265613061,1.432508073531136,-0.43802906022027555,3.5092661953754987,-0.42559820917812835
2235,0,1,0,0.7428606642326184,1.6109597485315268,0.10059945626674176,0.8342800029960297,0.9670189643557329,2.0298515120637393,-0.8561828209769141,0.1465469209909105,-1.0130358985573495,1.0452930856772977,-1.1881406061069686
2236,0,0,0,-2.034163942194194,-0.591177629254842,0.13380225704114015,-0.5652346445068209,1.0434871672515078,-2.431594153848045,1.4145728436881573,0.24942381319412854,0.7479225438499402,0.6346309007275976,0.3369441877507119
2237,0,0,0,0.2884384559082309,-0.591177629254842,0.5377696664629843,2.4837079804101037,0.24743356787498041,0.1957016271888947,-0.4563880248563512,-0.1106453095171346,-0.6177186972006112,-0.18669346917180268,-1.1881406061069686
2238,0,0,0,-0.5951602825003003,-0.591177629254842,0.11720085665394095,-0.26533864861335293,0.23174778266559048,-0.10172808387189092,1.5957606330629936,-0.985098893244488,0.38854326988926885,-0.18669346917180268,1.099486584679552
2239,0,0,0,0.21270142118749968,-0.591177629254842,0.7923244724000372,-1.3149746342404909,-0.5976381102808903,-1.2418753096049024,1.2412627842861395,-0.3163990939235707,-0.43802906022027555,-0.5973556541215028,0.3369441877507119
2240,0,0,0,0.18745574294725595,-0.591177629254842,0.3975800631933032,0.03455734728011505,-0.5780308787691533,-0.6965875059934621,0.711485443614063,0.6609313820070007,0.49635705207746983,-0.5973556541215028,1.099486584679552
2241,0,1,0,-0.5446689260198128,0.6567002181574335,-0.21482715109004086,0.6843320050492957,0.8532970215876573,-0.3495861764225456,0.2092801578468529,0.7123698281086097,-0.40209113282420855,-1.0080178390712031,-0.42559820917812835
2242,0,0,1,-1.5797417338698065,-0.591177629254842,-0.07094834773431571,0.43441867513807236,0.2278263363632433,-0.15129970238202184,-1.2480998871246585,0.45517759760056464,-0.3661532054281415,-0.5973556541215028,2.6245713785372327
2243,0,1,1,0.21270142118749968,1.537555169271981,-1.2607153754835836,-0.5152519785245763,1.2415202055200527,-0.10172808387189092,0.46136751697705997,1.432508073531136,-0.43802906022027555,0.6346309007275976,3.387113775466073
2244,0,0,0,-0.5699146042600566,-0.591177629254842,-1.694196385593782,-1.3149746342404909,0.2866480308984547,-2.084592824277128,0.000520313567150016,2.4098385494617074,0.20885363290893316,0.6346309007275976,-0.42559820917812835
2245,0,0,0,0.8438433771935934,-0.591177629254842,1.1907580816928154,-0.06540798468437428,0.9160401624252165,0.5427029567598112,-0.025082308844511896,1.6897003040391811,-1.0849117533494839,-1.0080178390712031,-1.1881406061069686
2246,0,1,0,-1.3525306297076127,1.39074601075289,-0.2683205523376825,-0.5652346445068209,-1.4289847263785445,0.8897042863307277,1.6371187154202926,-0.26496064782196166,-0.9052221163691483,-0.18669346917180268,0.3369441877507119
2247,0,1,0,-1.0495824908246878,1.39074601075289,-0.961890168514,0.484401341120317,-1.8995582826602357,-0.052156465361759975,-0.7301391414118109,-1.3966064620573602,-0.40209113282420855,-0.5973556541215028,-1.1881406061069686
2248,0,0,0,1.273019907277737,-0.591177629254842,0.28137026048290986,0.2844706771913384,1.8140513656627768,0.14613000867876375,0.45939808448385533,-0.9336604471428789,-1.6958565190826254,-0.5973556541215028,-1.1881406061069686
2249,0,0,0,0.7176149859923747,-0.591177629254842,-2.302914399791082,1.534037326747455,1.0964266923331984,0.24527324569902562,-0.4859295122544224,1.792577196242399,0.3166674150971342,-0.18669346917180268,-0.42559820917812835
2250,0,1,0,0.16221006470701219,1.39074601075289,1.9156858986005085,0.18450534522684905,0.46899528395760964,2.5751393156751794,0.7882933108490481,-1.9109909230734503,1.5026190191673499,1.0452930856772977,0.3369441877507119
2251,1,0,1,0.9195804119143247,-0.591177629254842,1.4471574876728903,0.5843666730848064,0.9081972698205215,0.8401326678205968,-0.5528902170233838,-0.007768417313916559,0.24479156030500016,-0.5973556541215028,-1.1881406061069686
2252,0,0,0,-0.620405960740544,-0.591177629254842,-1.6425475843891628,2.0838466525521464,0.22586561321206913,-1.2418753096049024,-0.1255233659979538,-1.2422911237525331,-0.3302152780320739,-1.0080178390712031,-0.42559820917812835
2253,0,0,0,-1.9331812292332191,-0.591177629254842,1.033967078035935,1.5840199927296996,-1.6525071656123476,1.434992089942168,-0.3126194528524046,1.8440156423440082,2.149501712296558,-1.0080178390712031,-1.1881406061069686
2254,0,0,0,1.7274421156021247,-0.591177629254842,-0.6833555620176598,-0.9151133063825336,0.6121280739932909,0.4931313382496803,-1.3800518641693769,-1.7052371386670142,-0.07864978625960418,-0.18669346917180268,0.3369441877507119
2255,0,0,0,-1.7817071597917564,-0.591177629254842,-2.315826600092237,-1.6148706301339588,-0.40940868776821343,-0.2008713208921528,0.9044898279481276,0.04367002878769246,-0.006773931467470169,1.455955270626998,-0.42559820917812835
2256,0,0,0,-0.7718800301820066,-0.591177629254842,0.6502902690873341,-0.6651999764713102,-1.356437969785117,0.691417812290204,0.3077517825070902,0.19798536709251952,-0.29427735063600685,-0.5973556541215028,1.099486584679552
2257,1,0,1,-1.226302238506394,-0.591177629254842,1.3254138848334303,0.8842626689782743,-0.07020358261516144,-0.9940172170542477,-0.18263690830089152,-2.4253753840895405,0.28072948770106715,-1.0080178390712031,-1.1881406061069686
2258,0,0,0,-2.463340472278338,-0.591177629254842,-0.7479165635234339,-0.06540798468437428,0.9905476421698173,0.3939881012294184,1.6725685002979782,-0.6764682166348338,-1.4802289547062226,-0.5973556541215028,1.8620289816083926
2259,0,0,0,-1.5797417338698065,-0.591177629254842,-1.1481947728592343,0.6843320050492957,0.16704391867685775,0.24527324569902562,0.04187839592444955,-0.1106453095171346,1.5026190191673499,-1.0080178390712031,0.3369441877507119
2260,0,0,0,0.08647302998628094,-0.591177629254842,1.5578334902542175,0.3844360091558277,-1.3329092919710328,-1.2418753096049024,-0.4642657548291703,-0.47071443222839776,0.1369777781167985,1.455955270626998,1.099486584679552
2261,0,0,0,-1.8574441945124878,-0.591177629254842,-1.7882709877879104,0.2344880112090937,0.07488993057169345,-0.052156465361759975,0.4515203545110362,1.123877396921482,-0.40209113282420855,-0.18669346917180268,-0.42559820917812835
2262,0,0,0,-2.2108836898759003,-0.591177629254842,0.7535878714965728,-0.015425318702129613,0.21606199745620056,-1.0435888355643788,1.1427911596259022,0.6094929359053917,1.2151155999988126,1.455955270626998,0.3369441877507119
2263,0,0,0,-1.226302238506394,-0.591177629254842,0.6908714700338205,0.18450534522684905,-0.938803938585116,-0.845302361523855,-1.3189994568800292,0.45517759760056464,0.5682329068696045,-0.18669346917180268,0.3369441877507119
2264,0,1,0,0.33892981238871844,1.2439368522337986,-0.9323765678256462,-1.165026636293757,1.7611118405810866,0.4931313382496803,-0.47608234978839864,0.5066160437021736,0.49635705207746983,0.22396871577789748,-0.42559820917812835
2265,0,0,0,1.3992482984789558,-0.591177629254842,-0.53578755857589,0.2844706771913384,-0.9270395996780738,0.5922745752699422,0.2880574575750427,-0.7279066627364429,-2.414615067003968,-0.5973556541215028,-0.42559820917812835
2266,0,0,0,-0.9738454561039566,-0.591177629254842,0.18360645820273722,1.084193332907253,-1.889754666904367,-0.25044293940228374,-0.40715221252623257,0.30086225929573757,0.20885363290893316,0.22396871577789748,0.3369441877507119
2267,0,0,0,-1.226302238506394,-0.591177629254842,-0.9268427676965796,-1.015078638347023,-1.127033361097793,0.04698677165850189,1.1230968346938548,-0.5735913244316158,0.7479225438499402,-0.18669346917180268,1.099486584679552
2268,0,0,0,1.1467915160765185,-0.591177629254842,-1.1795529735906105,-1.165026636293757,0.2631193530843698,-0.0025848468516290433,0.33729326990516134,-1.448044908158969,0.1729157055128655,0.6346309007275976,-0.42559820917812835
2269,0,1,0,0.4904038818301809,1.0971276937147072,0.7812568721419045,0.6843320050492957,1.0689765682167658,-0.7957307430137239,0.9694811002238845,0.8666851664134367,-1.0849117533494839,0.22396871577789748,0.3369441877507119
2270,0,0,0,-0.26696646537713153,-0.591177629254842,-2.1811707969516223,-0.4652693125423316,-0.11333949194098289,-0.30001455791241466,-1.145689397478012,-1.036537339346097,0.42448119728533584,1.8666174555766981,-0.42559820917812835
2271,1,0,0,1.1720371943167622,-0.591177629254842,0.07846425575047651,0.634349339067051,-0.695674267839576,0.4931313382496803,-1.7778772277967352,-0.6764682166348338,-0.04271185886353718,-0.18669346917180268,-0.42559820917812835
2272,0,0,1,1.4749853331996872,-0.591177629254842,-0.22405015130515146,-1.6148706301339588,-1.1054654064348817,-1.2914469281150334,-1.2047723722741543,0.5580544898037827,0.02916399592859748,-0.5973556541215028,-1.1881406061069686
2273,0,1,0,-0.6708973172210315,1.39074601075289,-0.4693819570270938,1.084193332907253,-0.09569298358041936,2.4759960786549176,1.4854724134435275,-0.7279066627364429,1.071363890414544,-1.0080178390712031,1.8620289816083926
2274,0,0,0,-0.3427035000978628,-0.591177629254842,0.34593126198868407,-1.015078638347023,-0.2584330051278378,-0.5478726504630693,-1.3347549168256674,-0.21352220172035263,2.293253421880827,-0.18669346917180268,0.3369441877507119
2275,0,0,0,-0.03975536121493781,-0.591177629254842,-0.9452887681268007,-1.1150439703115123,0.2964516466543232,0.9888475233509896,-1.1338728025187836,2.0497694267504443,1.466681091771283,1.8666174555766981,0.3369441877507119
2276,0,0,0,0.7681063424728621,-0.591177629254842,0.15409285751438337,0.484401341120317,0.00626462028061349,0.04698677165850189,0.02612293597881137,1.278192735226309,-0.006773931467470169,2.6879418254760985,0.3369441877507119
2277,0,0,1,-0.2922121436173753,-0.591177629254842,-0.928687367739602,-1.4649226321872248,0.27292296884023837,-1.588876639175819,0.2683631326429953,-0.007768417313916559,0.02916399592859748,-0.18669346917180268,2.6245713785372327
2278,1,0,1,0.5661409165509121,-0.591177629254842,-0.9969375693314203,0.2844706771913384,-1.3976131559597649,-0.2008713208921528,0.997053155128751,1.483946519632745,-1.4083530999140883,0.6346309007275976,1.8620289816083926
2279,0,1,0,0.7428606642326184,1.3173414314933443,1.432400687328713,0.3844360091558277,0.4729167302599574,1.0879907603712515,0.053694990883677914,0.9181236125150458,0.8557363260381412,-0.18669346917180268,-0.42559820917812835
2280,0,0,0,-0.03975536121493781,-0.591177629254842,-1.0135389697186195,-0.5152519785245763,-1.0544866045043653,-1.489733402155557,-0.6277286517651638,-0.26496064782196166,0.10103985072073149,0.6346309007275976,-0.42559820917812835
2281,0,0,0,-1.630233090350294,-0.591177629254842,-0.08201594799244834,2.1838119845166357,0.3278232170731025,-1.539305020665688,0.8355596906859616,2.3584001033600983,-0.11458771365567119,-0.5973556541215028,-0.42559820917812835
2282,0,0,0,-0.3427035000978628,-0.591177629254842,-1.0190727698476858,-0.4652693125423316,-0.5250913536874626,0.24527324569902562,1.0837081848297598,0.45517759760056464,-0.9770979711612826,0.22396871577789748,1.099486584679552
2283,0,0,0,0.9700717683948121,-0.591177629254842,1.6980230935238991,1.4840546607652103,-0.8662571819916888,1.5341353269624298,-1.2796108070159344,0.4037391514989556,0.49635705207746983,1.8666174555766981,0.3369441877507119
2284,0,0,0,2.2323556804069997,-0.591177629254842,0.7443648712814621,-1.015078638347023,-1.1152690221907502,0.8401326678205968,-1.3918684591286052,-1.6023602464637963,0.5322949794735369,1.0452930856772977,-0.42559820917812835
2285,0,1,0,-0.11549239593566905,1.8311734863101636,0.0692412555353659,0.7343146710315404,0.023911128641177018,-0.6470158874833312,-0.47017405230878423,-0.8307835549396608,0.06510192332466448,4.330590565274899,1.099486584679552
2286,0,0,0,0.2884384559082309,-0.591177629254842,-1.4470199798288181,0.934245334960519,0.2788051382937597,-1.6384482576859498,-0.4288159699514847,0.6094929359053917,0.02916399592859748,0.22396871577789748,0.3369441877507119
2287,0,1,0,0.18745574294725595,2.4184101203865285,-0.1465769494982226,0.484401341120317,-1.2564410890752578,-1.0931604540745097,-0.3520081027164995,0.1465469209909105,0.20885363290893316,1.0452930856772977,-1.1881406061069686
2288,0,1,0,0.5156495600704247,0.8769139559360705,0.5967968678396924,0.484401341120317,0.29253020035197547,0.9888475233509896,0.733149201039315,0.3523007053973466,-0.29427735063600685,-1.0080178390712031,-1.1881406061069686
2289,0,0,0,0.3894211688692059,-0.591177629254842,-2.136900395919091,0.03455734728011505,-0.0858893678245508,-0.25044293940228374,0.17383037296916726,-0.6764682166348338,-0.07864978625960418,0.6346309007275976,-0.42559820917812835
2290,0,0,0,1.5254766896801746,-0.591177629254842,-0.11337414872382419,-0.015425318702129613,0.2650800762355434,-1.2914469281150334,-1.1772003173692878,-1.6023602464637963,0.46041912468140284,-0.18669346917180268,-0.42559820917812835
2291,1,0,0,-2.0594096204344376,-0.591177629254842,1.0727036789393993,-0.11539065066661894,0.13567234825807845,1.0384191418611206,-0.37564129263495677,-0.26496064782196166,-2.0552357930432965,-0.18669346917180268,-1.1881406061069686
2292,1,1,0,0.4651582035899372,1.757768907050618,-0.12075254889591279,0.03455734728011505,0.18076898073507405,-0.3495861764225456,0.5874111965421638,-0.47071443222839776,0.7119846164538726,-0.18669346917180268,-1.1881406061069686
2293,0,0,0,0.6166322730313997,-0.591177629254842,0.8365948734325682,0.08454001326235971,-1.1054654064348817,-0.6470158874833312,-0.04674606626976398,0.24942381319412854,-0.7974083341809469,-1.0080178390712031,-1.1881406061069686
2294,0,0,0,1.3992482984789558,-0.591177629254842,1.0727036789393993,1.084193332907253,-0.366272778442392,-0.4487294134428074,-0.3067111553727907,2.6155923338681433,-0.9052221163691483,-0.18669346917180268,-0.42559820917812835
2295,0,0,0,0.21270142118749968,-0.591177629254842,-0.7848085643838764,1.384089328800721,0.32978394022427615,0.7905610493104659,-0.3776107251281614,-0.7279066627364429,-0.07864978625960418,0.22396871577789748,0.3369441877507119
2296,0,0,0,-0.1407380741759128,-0.591177629254842,-0.6833555620176598,0.43441867513807236,-0.4721518286057726,0.3444164827192875,-0.2299032881378055,-0.6250297705332248,-0.7255324793888128,-0.5973556541215028,0.3369441877507119
2297,0,0,0,-0.26696646537713153,-0.591177629254842,-0.6852001620606818,1.2841239968362317,-1.4505526810414553,0.8897042863307277,1.436236601113409,-1.499483354260578,-2.01929786564723,-0.18669346917180268,-0.42559820917812835
2298,0,1,0,0.11171870822652469,0.950318535195616,-0.6003485600816643,0.5843666730848064,-0.056478520556945105,-2.8281671019290924,1.302315191575486,-0.3678375400251797,-0.5458428424084772,-0.5973556541215028,0.3369441877507119
2299,0,0,0,0.010735995265549692,-0.591177629254842,0.7517432714535508,1.1841586648717424,-0.22706143470905849,0.04698677165850189,1.518952765828008,-0.1106453095171346,0.1369777781167985,-0.18669346917180268,-0.42559820917812835
2300,0,0,0,-0.1407380741759128,-0.591177629254842,-0.5597673591351778,-0.21535598263110828,1.1866199572871885,0.7905610493104659,-0.005387983912464443,1.0210005047182638,-0.7614704067848799,-1.0080178390712031,-0.42559820917812835
2301,0,0,0,0.5661409165509121,-0.591177629254842,0.4584518646130334,-0.6152173104890656,-1.2289909649588258,0.5427029567598112,0.48697013938872186,-0.007768417313916559,-0.07864978625960418,-0.18669346917180268,-1.1881406061069686
2302,0,1,0,1.0205631248752998,1.4641505900124354,2.3694575091839507,1.1341759988894977,0.93368667078578,1.385420471432037,-0.9526850131439468,0.1465469209909105,-1.0130358985573495,-0.5973556541215028,-0.42559820917812835
2303,0,1,0,-0.6456516389807878,0.8035093766765248,0.5672832671513386,-0.5152519785245763,0.8160432817153572,-0.6470158874833312,0.28411859258863287,0.09510847488930148,1.0354259630184768,-0.5973556541215028,1.8620289816083926
2304,0,1,0,0.6418779512716434,1.1705322729742529,-2.225441197984153,1.234141330853987,2.0650239290130123,-0.4983010319529384,-0.834519063551662,-1.3966064620573602,0.6760466890578055,0.6346309007275976,-1.1881406061069686
2305,0,0,0,1.3235112637582247,-0.591177629254842,0.9103788751534531,0.08454001326235971,-0.7741031938865245,1.7819934195130847,0.03597009844483509,0.45517759760056464,0.8197983986420742,-1.0080178390712031,-1.1881406061069686
2306,0,1,1,-0.0902467176954253,1.757768907050618,-1.6517705846042734,-0.6651999764713102,1.4924927688702883,0.6418461937800731,-0.3165583178388144,0.3523007053973466,-0.5817807698045442,0.6346309007275976,0.3369441877507119
2307,0,0,0,0.3641754906289622,-0.591177629254842,-0.6058823602107308,1.384089328800721,-1.842697311276198,-1.2914469281150334,-0.07037925618822126,0.19798536709251952,0.3166674150971342,-0.18669346917180268,0.3369441877507119
2308,1,0,1,-2.109900976914925,-0.591177629254842,-0.3089017532841689,0.8842626689782743,0.5768350572721639,-0.4487294134428074,2.5883546096381846,-0.3163990939235707,1.2151155999988126,-0.5973556541215028,-1.1881406061069686
2309,0,1,0,0.11171870822652469,0.8769139559360705,0.13564685708416216,0.6843320050492957,1.1003481386355456,-0.4487294134428074,2.62774325950228,0.19798536709251952,-0.47396698761634254,-1.0080178390712031,-0.42559820917812835
2310,0,0,0,0.5156495600704247,-0.591177629254842,-1.7237099862821361,-0.015425318702129613,1.1689734489266255,0.6418461937800731,-1.0491872053109794,-1.087975785447706,-0.40209113282420855,1.8666174555766981,0.3369441877507119
2311,0,0,0,0.6166322730313997,-0.591177629254842,0.604175268011781,-0.5652346445068209,0.29841236980549685,1.3358488529219061,-0.28504739794753803,-1.3966064620573602,0.38854326988926885,-1.0080178390712031,0.3369441877507119
2312,0,0,0,0.591386594791156,-0.591177629254842,-0.5265645583607794,-0.11539065066661894,-1.5603531775071833,0.9392759048408587,-0.9546544456371514,-0.985098893244488,-0.3661532054281415,-1.0080178390712031,0.3369441877507119
2313,0,1,0,0.5661409165509121,1.757768907050618,0.604175268011781,-1.165026636293757,1.006233427379207,-1.0931604540745097,0.1462583180643007,-0.7793451088380519,-1.3005393177258868,-1.0080178390712031,1.099486584679552
2314,0,0,0,0.591386594791156,-0.591177629254842,1.0118318775196697,-1.9647492920096716,-0.40940868776821343,0.5427029567598112,1.6587824728455454,0.8666851664134367,0.06510192332466448,0.6346309007275976,1.099486584679552
2315,0,0,0,0.8185976989533497,-0.591177629254842,-0.050657747261071966,-0.4152866465600869,-0.2486293893719692,-0.15129970238202184,-0.08810414862706352,-0.6250297705332248,-1.336477245121954,-0.5973556541215028,0.3369441877507119
2316,0,1,0,-2.5138318287588253,1.3173414314933443,-0.6077269602537528,-1.6148706301339588,-0.5368556925945048,-1.6384482576859498,-0.5410736220641549,0.6609313820070007,-0.07864978625960418,-1.0080178390712031,-0.42559820917812835
2317,0,0,0,0.16221006470701219,-0.591177629254842,1.4932724887484432,0.3844360091558277,-1.917204791020799,0.4931313382496803,-1.409593351567448,2.4612769955633165,-0.1505256410517382,0.22396871577789748,-0.42559820917812835
2318,0,1,0,-0.2417207871368878,0.8769139559360705,-0.6169499604688635,-0.11539065066661894,1.5140607235331984,0.1957016271888947,-1.2520387521110683,-0.007768417313916559,-1.4442910273101552,-0.5973556541215028,-0.42559820917812835
2319,1,0,1,1.9546532197643185,-0.591177629254842,-1.0153835697616416,1.683985324694189,-1.1564442083653985,-1.0931604540745097,1.318070651521124,0.6609313820070007,0.42448119728533584,-1.0080178390712031,0.3369441877507119
2320,0,0,0,0.5661409165509121,-0.591177629254842,0.5506818667641394,-2.5645412837966077,0.7297714630637138,0.8401326678205968,0.746935228491748,-0.1106453095171346,-0.1505256410517382,2.6879418254760985,-0.42559820917812835
2321,0,0,1,1.7526877938423684,-0.591177629254842,1.9581116995900176,-2.814454613707831,-0.6407740196067119,2.178566367594132,1.1565771870783352,-0.1620837556187436,-0.5458428424084772,-0.18669346917180268,-0.42559820917812835
2322,0,0,0,0.8690890554338372,-0.591177629254842,0.20943085880504703,-2.814454613707831,-0.7603781318283082,0.4435597197395494,0.603166656487802,-0.007768417313916559,-0.6536566245966782,-1.0080178390712031,-0.42559820917812835
2323,0,1,0,0.8438433771935934,3.079051333722439,0.5396142665060069,1.4840546607652103,-1.3191842299128165,0.1957016271888947,-1.271733077043116,0.3523007053973466,0.3166674150971342,-0.18669346917180268,0.3369441877507119
2324,0,0,1,-0.1912294306564003,-0.591177629254842,1.6888000933087886,0.03455734728011505,0.7297714630637138,1.6332785639826917,-1.1003924501343028,0.1465469209909105,-0.6536566245966782,0.6346309007275976,-0.42559820917812835
2325,0,0,0,0.9448260901545684,-0.591177629254842,1.1298862802730856,0.18450534522684905,-1.0917403443766658,-0.3991577949326765,-1.4883706512956376,-0.1106453095171346,0.49635705207746983,-1.4186800240209032,-1.1881406061069686
2326,0,0,0,1.4749853331996872,-0.591177629254842,-1.1943097739347874,-0.11539065066661894,-0.14863250866210995,0.04698677165850189,1.1368828621462879,0.4037391514989556,0.7119846164538726,0.22396871577789748,-1.1881406061069686
2327,0,1,0,0.06122735174603719,1.9045780655697093,-0.7516057636094781,-1.015078638347023,-1.1407584231560086,0.3939881012294184,-0.3441303727436804,-1.190852677650924,0.5682329068696045,1.0452930856772977,-0.42559820917812835
2328,0,1,0,1.2477742290374934,1.39074601075289,0.558060266936228,0.5843666730848064,-0.8858644135034259,-0.9940172170542477,0.9891754251559319,0.5580544898037827,-1.0849117533494839,0.6346309007275976,-1.1881406061069686
2329,0,0,0,-1.6049874121100502,-0.591177629254842,-0.8235451652873409,-0.11539065066661894,0.9454510096928221,1.484563708452299,0.6878522536956057,0.6609313820070007,1.610432801355551,-1.0080178390712031,1.099486584679552
2330,1,0,0,-1.7059701250710253,-0.591177629254842,-0.2867665527679037,-0.06540798468437428,-0.9231181533757267,0.09655839016863282,-1.5257898686665279,0.19798536709251952,-1.372415172518021,-0.18669346917180268,-1.1881406061069686
2331,0,0,0,-1.1505652037856628,-0.591177629254842,1.216582482295125,1.4840546607652103,-0.14667178551093635,-2.282879298317652,-1.1732614523828786,-0.8822220010412699,-0.40209113282420855,-0.18669346917180268,-0.42559820917812835
2332,0,0,0,0.16221006470701219,-0.591177629254842,-1.6388583843031184,-0.5152519785245763,0.1435152408627734,0.4435597197395494,-0.6277286517651638,-0.21352220172035263,-1.6599185916865582,0.22396871577789748,0.3369441877507119
2333,0,0,1,-0.5699146042600566,-0.591177629254842,-1.308674976602159,0.3844360091558277,0.19057259649094263,1.2862772344117752,0.4200094346197604,0.8666851664134367,-0.8333462615770139,0.22396871577789748,-0.42559820917812835
2334,0,1,1,-0.3931948565783503,0.6567002181574335,-1.6554597846903176,-0.6152173104890656,0.6474210907144174,-1.2418753096049024,-0.7005976540137397,0.8152467203118278,-0.3302152780320739,1.0452930856772977,1.8620289816083926
2335,0,1,0,-0.9990911343442003,0.5098910596383424,1.3438598852636516,0.2844706771913384,-0.24274721991844786,-1.539305020665688,1.1486994571055167,1.8954540884456172,-0.07864978625960418,-0.5973556541215028,0.3369441877507119
2336,0,1,0,-0.0902467176954253,1.757768907050618,0.07108585557838792,-0.3153213145955976,1.3513207019857811,0.9888475233509896,0.04384782841765419,-3.196952075613676,-1.2646013903298197,-0.18669346917180268,2.6245713785372327
2337,1,0,0,0.8943347336740809,-0.591177629254842,0.07108585557838792,0.13452267924460437,-1.1427191463071822,0.6418461937800731,-0.017204578871692803,1.123877396921482,0.06510192332466448,1.8666174555766981,0.3369441877507119
2338,0,0,0,0.8690890554338372,-0.591177629254842,-0.4490913565538506,-0.015425318702129613,-1.2603625353776051,-0.7957307430137239,-0.32837491279804276,-0.9336604471428789,-2.3068012848157666,1.8666174555766981,1.099486584679552
2339,0,1,0,-0.3427035000978628,0.8035093766765248,-0.2535637519935053,1.084193332907253,-0.26039372827901136,-0.5478726504630693,0.9537256402782462,-1.139414231549315,-3.672442525866318,-1.8293422089706033,-0.42559820917812835
2340,0,0,1,1.197282872557006,-0.591177629254842,1.8400572968366022,0.18450534522684905,0.027832574943524223,-0.6470158874833312,1.5662191456649224,-0.05920686341552558,-0.8333462615770139,-1.0080178390712031,0.3369441877507119
2341,0,0,0,-0.03975536121493781,-0.591177629254842,-0.10046194842266956,0.08454001326235971,-1.9819086550095317,0.8897042863307277,0.20337186036723845,1.329631181327918,-0.9052221163691483,-1.0080178390712031,0.3369441877507119
2342,0,0,0,0.5661409165509121,-0.591177629254842,-0.07094834773431571,-1.1150439703115123,-0.305490360756007,-0.2008713208921528,-0.873907713415757,-0.41927598612678874,-0.40209113282420855,-1.0080178390712031,0.3369441877507119
2343,1,0,0,0.6671236295118872,-0.591177629254842,1.4194884870275584,-0.6651999764713102,0.4297808209341354,0.04698677165850189,-0.8778465784021668,1.123877396921482,0.9994880356224098,-0.5973556541215028,-0.42559820917812835
2344,0,0,0,1.273019907277737,-0.591177629254842,-0.1724013501005324,-0.5652346445068209,-0.2486293893719692,-0.845302361523855,-1.6104754658743319,-0.007768417313916559,-2.127111647835431,-0.5973556541215028,-1.1881406061069686
2345,0,0,0,2.1313729674460244,-0.591177629254842,-0.7368489632653014,-0.4152866465600869,0.9807440264139486,0.740989430800335,-0.8502745234973003,-1.087975785447706,0.20885363290893316,-0.18669346917180268,-0.42559820917812835
2346,0,0,0,-1.0748281690649315,-0.591177629254842,0.563594067065294,1.2841239968362317,0.9552546254486908,0.3939881012294184,-0.8404273610312766,-0.6250297705332248,1.5026190191673499,-1.0080178390712031,1.8620289816083926
2347,0,0,0,-1.0748281690649315,-0.591177629254842,-0.09492814829360298,0.5843666730848064,1.2866168379970484,1.0879907603712515,-0.37170242764854694,-0.6764682166348338,-3.672442525866318,-1.8293422089706033,1.8620289816083926
2348,0,0,0,0.18745574294725595,-0.591177629254842,0.5728170672804047,0.8342800029960297,-0.7054778835954446,0.14613000867876375,0.0024897460603546494,-1.6537986925654051,-0.29427735063600685,0.22396871577789748,-1.1881406061069686
2349,0,0,0,0.793352020713106,-0.591177629254842,-1.0707215710523053,-0.6152173104890656,1.0356442746468129,1.1871339973915134,-0.10976790605231616,1.0210005047182638,0.1729157055128655,-0.18669346917180268,-0.42559820917812835
2350,0,0,0,-0.519423247779569,-0.591177629254842,-0.9545117683419116,-1.6648532961162035,-0.3643120552912184,0.5922745752699422,-0.0782569861610398,-1.9109909230734503,2.041687930108357,-1.0080178390712031,0.3369441877507119
2351,0,0,0,0.23794709942774345,-0.591177629254842,-1.4783781805601939,-1.914766626027427,1.4670033679050298,-0.6965875059934621,0.21321902283326216,-0.3163990939235707,2.3291913492768934,-0.5973556541215028,0.3369441877507119
2352,0,0,1,1.702196437361881,-0.591177629254842,-0.29783415302603633,1.683985324694189,0.7827109881454037,-0.6470158874833312,-0.7340780063982202,2.4098385494617074,0.49635705207746983,-1.0080178390712031,0.3369441877507119
2353,0,1,0,0.6166322730313997,1.0971276937147072,-1.0891675714825264,0.18450534522684905,0.5415420405510374,0.740989430800335,-0.8423967935244812,-0.007768417313916559,-0.006773931467470169,-0.5973556541215028,-0.42559820917812835
2354,0,0,0,1.7526877938423684,-0.591177629254842,0.08399805587954257,0.2844706771913384,0.09253643893225698,-1.489733402155557,0.4534897870042414,1.6897003040391811,-0.1505256410517382,-0.5973556541215028,0.3369441877507119
2355,0,0,0,-0.7466343519417628,-0.591177629254842,0.10059945626674176,-0.8151479744180442,0.6336960286562017,1.434992089942168,-0.20036180073973434,-0.9336604471428789,1.6823086561476857,-0.18669346917180268,1.099486584679552
2356,0,0,0,0.591386594791156,-0.591177629254842,-0.3439491541015893,0.43441867513807236,-1.0976225138301872,2.5751393156751794,-1.592750573435489,-0.1620837556187436,0.9635501082263429,3.098604010425799,-0.42559820917812835
2357,0,0,0,-0.822371386662494,-0.591177629254842,0.517479065989741,-1.6148706301339588,1.0081941505303809,1.1375623788813825,-0.1905146382737106,-0.007768417313916559,0.24479156030500016,0.6346309007275976,0.3369441877507119
2358,0,0,0,-0.0902467176954253,-0.591177629254842,0.5469926666780949,1.683985324694189,-3.924985297822681,-4.959746697864722,-0.5095627021728791,-0.3163990939235707,0.5682329068696045,0.6346309007275976,-0.42559820917812835
2359,1,0,0,-0.06500103945518156,-0.591177629254842,-0.3900641551771424,-1.4649226321872248,2.0865918836759234,-1.6880198761960807,-1.12402564005276,-0.3678375400251797,-2.917746050548908,-0.18669346917180268,-0.42559820917812835
2360,0,0,1,-1.9331812292332191,-0.591177629254842,-0.5634565592212218,-1.3649573002227355,-1.356437969785117,-0.9444455985441168,0.7351186335325196,-1.6023602464637963,-0.5817807698045442,-0.5973556541215028,0.3369441877507119
2361,0,0,0,0.8943347336740809,-0.591177629254842,0.4602964646560554,-1.864783960045182,0.1690046418280319,-0.25044293940228374,0.44758148952462695,0.9695620586166548,-0.1505256410517382,-1.0080178390712031,-1.1881406061069686
2362,0,0,1,-1.428267664428344,-0.591177629254842,2.0152943009237037,-0.7151826424535549,-0.4760732749081198,-0.6470158874833312,0.27821029510901896,0.30086225929573757,-0.25833942323993986,-1.0080178390712031,-1.1881406061069686
2363,0,1,0,-0.11549239593566905,2.345005541126983,-1.308674976602159,-0.5152519785245763,0.12194728619986267,2.6742825526954412,-1.4765540563364092,0.9181236125150458,1.1432397452066785,-0.18669346917180268,-1.1881406061069686
2364,0,0,0,-1.9331812292332191,-0.591177629254842,-0.43064535612362936,0.18450534522684905,-2.1603344617663396,0.04698677165850189,0.07535874830893,0.8152467203118278,-1.048973825953417,0.22396871577789748,-0.42559820917812835
2365,0,1,0,0.2884384559082309,1.6843643277910723,0.8421286735616342,-0.5652346445068209,1.1101517543914141,0.8401326678205968,0.9537256402782462,-0.6764682166348338,0.46041912468140284,-1.4186800240209032,1.8620289816083926
2366,1,0,1,0.4146668471094497,-0.591177629254842,1.9894699003213934,0.8842626689782743,1.1650520026242783,-0.7957307430137239,-0.9467767156643329,-0.7279066627364429,-0.07864978625960418,-0.5973556541215028,-0.42559820917812835
2367,0,1,0,0.9195804119143247,0.8035093766765248,-0.07832674790640379,-0.21535598263110828,0.8062396659594886,2.277709604614394,0.19943299538082918,0.45517759760056464,-0.8692841889730812,-1.0080178390712031,-1.1881406061069686
2368,0,0,0,-0.1407380741759128,-0.591177629254842,-0.39928715539225296,0.13452267924460437,1.1650520026242783,-0.4983010319529384,0.5657474391169117,0.8666851664134367,1.3588673095830812,-1.0080178390712031,-1.1881406061069686
2369,0,0,1,1.1215458378362746,-0.591177629254842,1.2221162824241916,0.784297337013785,1.6964079765923539,-0.4487294134428074,0.7764767158898191,0.7638082742102187,-0.43802906022027555,3.5092661953754987,-0.42559820917812835
2370,1,0,0,-1.1253195255454191,-0.591177629254842,-0.034056346873873294,0.6843320050492957,0.30233381610784404,0.4931313382496803,0.6976994161616293,-1.7052371386670142,0.10103985072073149,0.22396871577789748,-0.42559820917812835
2371,0,0,1,0.8185976989533497,-0.591177629254842,-1.1389717726441237,-0.015425318702129613,-0.019224780684645004,0.24527324569902562,0.8434374206587806,0.9695620586166548,0.5682329068696045,-0.18669346917180268,-1.1881406061069686
2372,0,0,0,-1.2010565602661503,-0.591177629254842,-1.1039243718267033,0.634349339067051,-0.20549348004614773,-0.7957307430137239,1.0817387523365547,0.4037391514989556,0.9635501082263429,1.0452930856772977,0.3369441877507119
2373,0,0,1,0.5661409165509121,-0.591177629254842,1.155710680875395,-0.6651999764713102,0.5082097469810839,0.04698677165850189,1.3259483814939437,1.0724389508198728,-0.7255324793888128,-0.5973556541215028,2.6245713785372327
2374,0,0,0,-0.9738454561039566,-0.591177629254842,-0.9379103679547127,0.5343840071025617,-0.6015595565832376,0.1957016271888947,-0.1511259884096157,-0.1620837556187436,0.02916399592859748,0.22396871577789748,-0.42559820917812835
2375,0,1,0,-1.1505652037856628,0.8769139559360705,0.519323666032763,-0.4652693125423316,-0.009421164928776437,0.6418461937800731,0.2998740525342711,0.5066160437021736,-1.048973825953417,-1.4186800240209032,-0.42559820917812835
2376,0,0,0,0.6166322730313997,-0.591177629254842,0.9915412770464265,-1.7648186280806928,0.18861187333976903,-0.3495861764225456,0.183677535435191,0.45517759760056464,-0.40209113282420855,-0.18669346917180268,-0.42559820917812835
2377,0,0,1,-2.5138318287588253,-0.591177629254842,0.04710605501910014,0.2844706771913384,-1.2799697668893422,0.29484486420915657,-0.9645016081031751,-1.293729569854142,-0.07864978625960418,-0.5973556541215028,2.6245713785372327
2378,0,1,1,-0.06500103945518156,2.0513872240888005,-0.21298255104701885,-0.9650959723647783,-0.7250851151071817,1.2367056159016443,-0.5627373794894076,1.0210005047182638,-0.7974083341809469,-1.0080178390712031,3.387113775466073
2379,0,0,0,0.11171870822652469,-0.591177629254842,1.3291030849194743,-0.6152173104890656,-0.49175906011750975,0.14613000867876375,-0.33231377778445204,0.6094929359053917,-1.7317944464786923,0.22396871577789748,-0.42559820917812835
2380,0,0,1,-0.03975536121493781,-0.591177629254842,1.4176438869845358,-2.814454613707831,0.2807658614449333,0.24527324569902562,0.638616441365487,-1.293729569854142,-0.8333462615770139,-1.4186800240209032,1.099486584679552
2381,0,0,0,1.9294075415240746,-0.591177629254842,0.8900882746802098,-0.9650959723647783,-0.7525352392236132,-0.15129970238202184,0.3097212150002948,0.30086225929573757,-0.7974083341809469,0.22396871577789748,-0.42559820917812835
2382,0,0,1,1.5002310114399309,-0.591177629254842,1.0210548777347803,1.7839506566586782,1.384652995555734,1.6828501824928228,0.35501816234400413,0.04367002878769246,1.3229293821870143,-1.0080178390712031,-0.42559820917812835
2383,0,1,0,-0.26696646537713153,1.0237231144551617,-1.0153835697616416,-0.3153213145955976,0.6180102434468118,-0.4983010319529384,0.4121317046469413,0.4037391514989556,-1.372415172518021,3.098604010425799,-0.42559820917812835
2384,1,0,1,1.197282872557006,-0.591177629254842,0.9952304771324706,-0.9650959723647783,-0.244707943069622,-1.4401617836454261,-1.555331356064599,-0.1620837556187436,-0.22240149584387287,-1.0080178390712031,-1.1881406061069686
2385,0,1,1,1.1720371943167622,1.9779826448292548,0.32748526155846286,1.683985324694189,-1.158404931516572,-0.052156465361759975,0.21321902283326216,-0.5221528783300068,-0.04271185886353718,-0.18669346917180268,0.3369441877507119
2386,0,0,0,-0.519423247779569,-0.591177629254842,-0.5173415581456688,-0.5652346445068209,-1.3427129077269013,-1.0931604540745097,0.6701273612567634,1.586823411835963,0.5682329068696045,-0.18669346917180268,-1.1881406061069686
2387,1,0,0,0.5408952383106684,-0.591177629254842,-0.613260760382819,0.8342800029960297,0.363116233794229,-0.3495861764225456,0.6839133887091964,-0.1620837556187436,0.46041912468140284,0.22396871577789748,-0.42559820917812835
2388,0,0,0,0.793352020713106,-0.591177629254842,0.2869040606119759,-0.015425318702129613,-1.007429248876196,-0.25044293940228374,0.4574286519906507,0.8666851664134367,-1.2646013903298197,-1.0080178390712031,-1.1881406061069686
2389,0,0,0,-0.4436862130588378,-0.591177629254842,0.5414588665490289,-1.4649226321872248,0.2866480308984547,-0.3991577949326765,0.9182758554005612,0.4037391514989556,0.9994880356224098,0.22396871577789748,-0.42559820917812835
2390,0,0,1,-0.03975536121493781,-0.591177629254842,-0.8087883649431642,0.33445334317358305,0.16116174922333693,0.14613000867876375,0.15216661554391517,-0.26496064782196166,-0.5099049150124095,-0.5973556541215028,4.149656172394914
2391,0,0,1,-0.41844053481859406,-0.591177629254842,0.8550408738627895,-0.7151826424535549,1.4787677068120724,0.24527324569902562,0.0024897460603546494,0.4037391514989556,1.466681091771283,-0.5973556541215028,1.099486584679552
2392,0,0,0,-1.3777763079478564,-0.591177629254842,-1.0578093707511502,-1.6648532961162035,-0.6466561890602331,-1.8863063502366044,-0.1274927984911584,-0.1106453095171346,-0.18646356844780584,0.6346309007275976,-0.42559820917812835
2393,0,0,0,-0.3427035000978628,-0.591177629254842,-0.48413875737127043,0.2844706771913384,0.47683817656230465,0.8401326678205968,1.4204811411677707,2.6670307799697524,-0.47396698761634254,0.22396871577789748,0.3369441877507119
2394,0,0,0,-0.6961429954612753,-0.591177629254842,0.28137026048290986,0.5843666730848064,-0.6466561890602331,-0.746159124503593,-1.9886065045696428,-2.0138678152766682,0.20885363290893316,0.6346309007275976,-0.42559820917812835
2395,0,0,0,-2.3623577593173626,-0.591177629254842,0.5008776656025419,-0.6651999764713102,1.5866074801266268,-0.845302361523855,-0.8423967935244812,-1.190852677650924,0.28072948770106715,0.22396871577789748,1.099486584679552
2396,0,1,0,-0.2922121436173753,0.28967732185970546,0.1559374575574054,0.2344880112090937,-0.9584111700968532,0.3444164827192875,0.012336908526378376,1.638261857937572,0.10103985072073149,-0.5973556541215028,0.3369441877507119
2397,1,0,1,0.7681063424728621,-0.591177629254842,-1.0559647707081283,-0.8651306404002889,-1.5956461942283102,-0.30001455791241466,-1.0511566378041841,-0.26496064782196166,1.2510535273948795,-0.5973556541215028,1.099486584679552
2398,0,0,0,0.11171870822652469,-0.591177629254842,1.471137288232178,-0.21535598263110828,-0.4897983369663361,-0.15129970238202184,0.41607056963335115,-3.299828967816894,0.6401087616617385,0.22396871577789748,1.099486584679552
2399,0,1,0,-1.3525306297076127,1.4641505900124354,-0.1225971489389348,0.43441867513807236,-1.2270302418076522,-0.30001455791241466,0.04975612589726865,0.45517759760056464,-0.6895945519927452,0.6346309007275976,-0.42559820917812835
2400,0,0,0,1.5254766896801746,-0.591177629254842,0.3145730612573077,-1.3649573002227355,-0.5878344945250218,-1.0435888355643788,-0.13733996095718215,-1.087975785447706,0.8197983986420742,-0.5973556541215028,-0.42559820917812835
2401,0,1,0,-0.7971257084222503,1.6843643277910723,0.28321486052593187,-1.864783960045182,-0.16823974017384707,-0.4983010319529384,-0.9507155806507421,1.483946519632745,1.071363890414544,-1.0080178390712031,0.3369441877507119
2402,0,1,0,-0.3427035000978628,1.6109597485315268,1.5356982897379523,0.6843320050492957,0.3062552624101918,1.484563708452299,-0.9152657957730566,-0.6250297705332248,-0.8692841889730812,-1.0080178390712031,-1.1881406061069686
2403,0,0,0,-0.7466343519417628,-0.591177629254842,0.5838846675385373,-1.5149052981694695,1.0297621051932915,1.0879907603712515,0.4830312744023126,0.19798536709251952,0.7479225438499402,-0.5973556541215028,-1.1881406061069686
2404,0,0,0,-0.620405960740544,-0.591177629254842,0.45107346444094476,-1.5648879641517142,0.4886025154693468,0.4931313382496803,0.7685989859170006,-0.7793451088380519,-0.22240149584387287,0.22396871577789748,-0.42559820917812835
2405,0,0,0,-0.3427035000978628,-0.591177629254842,0.8052366727011918,0.43441867513807236,-1.425063280076197,-0.6965875059934621,1.733620907587326,-0.8822220010412699,1.538556946563417,-0.18669346917180268,1.099486584679552
2406,0,0,0,0.4146668471094497,-0.591177629254842,-1.1168365721278581,-0.9151133063825336,-0.2486293893719692,0.3939881012294184,-0.2358115856174194,-0.1620837556187436,0.46041912468140284,-0.5973556541215028,-0.42559820917812835
2407,0,0,1,1.9294075415240746,-0.591177629254842,1.5965700911576826,-0.4652693125423316,0.49056323862052037,-1.0435888355643788,0.46136751697705997,-2.1681831535814955,-0.47396698761634254,1.455955270626998,1.099486584679552
2408,0,0,0,-0.1407380741759128,-0.591177629254842,-0.8327681655024515,0.18450534522684905,-0.9368432154339423,-0.25044293940228374,0.6937605511752201,-1.036537339346097,-0.29427735063600685,-0.5973556541215028,-0.42559820917812835
2409,0,0,0,-0.8728627431429815,-0.591177629254842,-0.1668675499714658,0.13452267924460437,1.0611336756120713,-1.1427320725846406,-0.0782569861610398,1.946892534547226,0.10103985072073149,-1.0080178390712031,0.3369441877507119
2410,0,0,0,0.23794709942774345,-0.591177629254842,-0.019299546529696118,1.1841586648717424,-1.0446829887484965,2.0298515120637393,0.31169064749349945,0.09510847488930148,-0.11458771365567119,1.0452930856772977,-0.42559820917812835
2411,0,1,0,0.8185976989533497,2.271600961867437,1.1132848798858863,0.33445334317358305,1.0513300598562028,-1.1427320725846406,-1.4292876764994955,-0.7793451088380519,-1.2646013903298197,-0.5973556541215028,2.6245713785372327
2412,0,0,0,2.1313729674460244,-0.591177629254842,-2.2863129994038833,-0.1653733166488636,1.7356224396158282,-0.845302361523855,-1.7739383628103256,0.5066160437021736,0.6760466890578055,-0.5973556541215028,0.3369441877507119
2413,0,0,0,-0.2417207871368878,-0.591177629254842,-1.2865397760858934,-0.015425318702129613,-0.20745420319732136,0.1957016271888947,0.10686966820020581,-0.7793451088380519,0.3166674150971342,-0.5973556541215028,-0.42559820917812835
2414,0,0,0,0.7681063424728621,-0.591177629254842,0.3053500610421971,-0.5652346445068209,-0.28784385239544347,-0.6470158874833312,0.9596339377578608,1.638261857937572,-1.8036703012708266,0.6346309007275976,0.3369441877507119
2415,0,0,0,1.3235112637582247,-0.591177629254842,-0.2351177515632841,1.3341066628184763,-1.111347575888403,1.0384191418611206,0.1856469679283956,1.5353849657343541,0.5682329068696045,-0.18669346917180268,-1.1881406061069686
2416,0,1,0,0.793352020713106,1.2439368522337986,-1.2238233746231413,-0.21535598263110828,1.36700648719517,0.3444164827192875,0.5480225466780688,-0.6764682166348338,-1.1208496807455512,1.0452930856772977,0.3369441877507119
2417,0,0,0,1.0205631248752998,-0.591177629254842,1.166778281133528,-0.5152519785245763,0.6650675990749809,-0.9940172170542477,0.2014024278740338,0.19798536709251952,-1.5161668821022896,-0.5973556541215028,2.6245713785372327
2418,0,0,0,0.11171870822652469,-0.591177629254842,-0.4251115559945628,0.08454001326235971,-1.1760514398771358,1.6828501824928228,0.5145421942935884,0.5580544898037827,0.7119846164538726,-1.0080178390712031,0.3369441877507119
2419,0,0,1,1.7274421156021247,-0.591177629254842,1.6076376914158146,0.2344880112090937,-0.8231212726658673,-0.5974442689732002,1.7021099876960495,0.5580544898037827,1.2869914547909471,-0.5973556541215028,1.099486584679552
2420,0,1,0,0.6671236295118872,1.0971276937147072,0.04526145497607812,-1.015078638347023,0.3121374318637126,-0.746159124503593,-0.873907713415757,-0.9336604471428789,-0.1505256410517382,-0.18669346917180268,-0.42559820917812835
2421,0,1,0,0.5661409165509121,1.8311734863101636,-0.6077269602537528,-0.6651999764713102,-1.6740751202752586,-2.035021205766997,0.37668191976925625,-0.05920686341552558,-2.6302426313803706,1.0452930856772977,-1.1881406061069686
2422,0,1,1,0.06122735174603719,1.9779826448292548,-1.2736275757847386,0.03455734728011505,0.15920102607216333,-0.9444455985441168,-2.242663296193055,-1.190852677650924,1.3229293821870143,-1.0080178390712031,1.8620289816083926
2423,0,0,0,0.010735995265549692,-0.591177629254842,-1.1242149722999468,-0.5652346445068209,-0.01138188807995004,-0.15129970238202184,-2.9142397763758727,-2.0138678152766682,0.46041912468140284,0.22396871577789748,-0.42559820917812835
2424,0,1,0,0.5661409165509121,1.0237231144551617,0.33301906168752893,0.2344880112090937,-2.356406776883711,-0.6965875059934621,-1.5848728434626702,-0.9336604471428789,1.9338741479201553,3.098604010425799,0.3369441877507119
2425,0,1,0,-0.5699146042600566,1.757768907050618,0.5672832671513386,0.784297337013785,-0.15647540126680493,-0.845302361523855,0.8828260705228755,-0.41927598612678874,0.20885363290893316,-0.18669346917180268,3.387113775466073
2426,0,1,0,0.010735995265549692,1.4641505900124354,0.7517432714535508,-0.21535598263110828,1.678761468231791,-1.3905901651352952,0.03400066595163046,0.5580544898037827,-0.29427735063600685,0.6346309007275976,1.8620289816083926
2427,0,0,0,0.7176149859923747,-0.591177629254842,-0.5450105587910007,-0.11539065066661894,0.6317353055050281,0.04698677165850189,1.180210376996792,1.175315843023091,0.8197983986420742,0.6346309007275976,-0.42559820917812835
2428,0,1,0,-0.8476170649027378,1.9045780655697093,-0.3291923537574127,0.6843320050492957,0.145475964013947,0.740989430800335,0.08717534326815836,0.7123698281086097,-0.3661532054281415,-0.18669346917180268,-1.1881406061069686
2429,0,0,0,-1.6049874121100502,-0.591177629254842,0.21865385902015763,0.784297337013785,-0.6427347427578854,-0.052156465361759975,0.2998740525342711,0.6094929359053917,1.3588673095830812,0.22396871577789748,1.099486584679552
2430,0,0,0,1.8284248285630997,-0.591177629254842,-1.2939181762579817,0.13452267924460437,-1.9387727456837098,0.5427029567598112,-0.6690867341224633,0.30086225929573757,-0.8692841889730812,1.0452930856772977,-0.42559820917812835
2431,0,0,0,0.8690890554338372,-0.591177629254842,-0.6538419613293059,0.7343146710315404,0.9729011338092542,-1.588876639175819,0.19943299538082918,-0.9336604471428789,1.2151155999988126,-0.5973556541215028,-0.42559820917812835
2432,0,1,0,-0.6456516389807878,2.491814699646074,1.2792988837578774,-0.36530398057784225,-0.576070155617979,0.3939881012294184,-1.9058903398550435,-0.47071443222839776,0.3526053424932012,1.455955270626998,-0.42559820917812835
2433,0,0,1,-0.31745782185761906,-0.591177629254842,-1.7310883864542246,0.5843666730848064,0.4199772051782668,-1.489733402155557,-0.21020896320575805,-1.293729569854142,0.49635705207746983,-0.5973556541215028,1.8620289816083926
2434,0,0,0,0.2884384559082309,-0.591177629254842,0.6502902690873341,0.5843666730848064,0.18665115018859488,0.1957016271888947,-0.7262002764254011,-0.1620837556187436,-0.29427735063600685,0.22396871577789748,1.099486584679552
2435,0,0,0,0.3136841341484747,-0.591177629254842,-0.38084115496203175,1.833933322640923,0.8356505132270944,0.4435597197395494,0.9163064229073565,-0.1620837556187436,-1.336477245121954,-0.18669346917180268,-1.1881406061069686
2436,0,1,0,0.5156495600704247,1.4641505900124354,-1.2828505759998492,-0.3153213145955976,-1.1505620389118771,-1.1923036910947715,0.7095160111208583,-0.6764682166348338,-1.372415172518021,-0.5973556541215028,0.3369441877507119
2437,0,0,0,-0.26696646537713153,-0.591177629254842,-0.6261729606839741,0.13452267924460437,-0.060399966859292865,1.8315650380232156,1.8360313972339724,-0.8822220010412699,0.10103985072073149,-0.18669346917180268,-1.1881406061069686
2438,0,0,0,-1.5544960556295628,-0.591177629254842,-1.5908987831845434,-0.8651306404002889,-0.01138188807995004,0.691417812290204,0.09702250573418209,0.19798536709251952,-1.336477245121954,-0.18669346917180268,-1.1881406061069686
2439,0,0,0,1.9041618632838309,-0.591177629254842,0.41233686353748034,0.03455734728011505,-0.8917465829569473,-1.0931604540745097,-0.7262002764254011,-1.087975785447706,-0.43802906022027555,-1.0080178390712031,-0.42559820917812835
2440,0,0,0,0.11171870822652469,-0.591177629254842,-0.611416160339797,-0.9650959723647783,0.4886025154693468,-0.9940172170542477,0.5677168716101163,0.8666851664134367,-0.6177186972006112,-1.0080178390712031,-0.42559820917812835
2441,0,0,1,-1.1000738473051752,-0.591177629254842,1.7183136939971417,-1.3149746342404909,0.4846810691669996,-0.746159124503593,-0.4544185923631466,0.19798536709251952,0.10103985072073149,-0.5973556541215028,0.3369441877507119
2442,0,0,0,0.23794709942774345,-0.591177629254842,-2.9632812151930015,-0.4152866465600869,1.1415233248101928,-0.9444455985441168,-1.8054492827016018,-1.345168015955751,1.6463707287516185,-0.18669346917180268,-0.42559820917812835
2443,0,0,0,-0.1407380741759128,-0.591177629254842,0.19651865850389186,0.934245334960519,-0.844689227328778,-1.489733402155557,-0.3894273200873898,1.0210005047182638,1.3588673095830812,0.6346309007275976,-1.1881406061069686
2444,0,0,0,1.1720371943167622,-0.591177629254842,-0.9028629671372923,-0.8651306404002889,0.15527957976981557,2.178566367594132,0.06551158584290627,-1.448044908158969,1.9338741479201553,-0.5973556541215028,1.099486584679552
2445,0,0,1,0.010735995265549692,-0.591177629254842,-0.3900641551771424,-0.4152866465600869,-0.23882577361610063,0.8401326678205968,0.3628958923168227,1.278192735226309,1.1791776726027456,-0.18669346917180268,1.8620289816083926
2446,0,0,0,0.3641754906289622,-0.591177629254842,-0.24065155169235067,0.5343840071025617,0.7062427852496288,-0.10172808387189092,0.08520591077495372,-0.41927598612678874,1.9338741479201553,-1.0080178390712031,-0.42559820917812835
2447,0,0,0,0.06122735174603719,-0.591177629254842,-0.9268427676965796,0.13452267924460437,0.05136125275760911,-0.5478726504630693,0.624830413913054,1.329631181327918,0.9635501082263429,-1.0080178390712031,0.3369441877507119
2448,0,0,0,-0.4689318912990815,-0.591177629254842,0.3643772624189053,0.5843666730848064,-0.13294672345272002,0.9888475233509896,1.0462889674588696,0.8666851664134367,-1.1567876081416182,2.277279640526398,-1.1881406061069686
2449,0,0,0,1.0205631248752998,-0.591177629254842,0.10244405630976378,1.2841239968362317,0.6434996444120702,-0.10172808387189092,-0.9664710405963803,0.30086225929573757,-0.40209113282420855,1.0452930856772977,-1.1881406061069686
2450,0,0,0,1.2225285507972496,-0.591177629254842,-0.07648214786338177,-1.015078638347023,-0.054517797405771506,1.3358488529219061,-0.25747534304267206,0.09510847488930148,-0.18646356844780584,-1.0080178390712031,0.3369441877507119
2451,0,0,0,0.4651582035899372,-0.591177629254842,-1.5742973827973443,0.3844360091558277,1.2532845444270955,-0.0025848468516290433,0.047786693404063454,-1.087975785447706,-1.048973825953417,-0.5973556541215028,-0.42559820917812835
2452,0,0,0,0.2884384559082309,-0.591177629254842,0.18176185815971518,-0.8651306404002889,0.3689984032477504,-0.5478726504630693,-0.6553007066700304,0.8152467203118278,-1.1208496807455512,1.455955270626998,1.099486584679552
2453,0,1,0,0.3894211688692059,1.9779826448292548,-1.1352825725580795,0.13452267924460437,-0.6466561890602331,0.29484486420915657,0.08717534326815836,0.09510847488930148,0.5682329068696045,-1.0080178390712031,0.3369441877507119
2454,0,0,0,-0.16598375241615657,-0.591177629254842,0.6004860679257364,-0.11539065066661894,-0.21137564949966856,-0.5478726504630693,2.97239394581311,-0.26496064782196166,-0.6536566245966782,0.22396871577789748,1.099486584679552
2455,0,0,0,-0.26696646537713153,-0.591177629254842,0.7831014721849267,-0.36530398057784225,-0.2584330051278378,0.14613000867876375,1.5957606330629936,1.2267542891246999,0.7838604712460072,0.6346309007275976,0.3369441877507119
2456,0,1,0,0.33892981238871844,1.6843643277910723,0.7978582725291038,-0.11539065066661894,-0.38588000995412913,0.24527324569902562,-0.9841959330352226,0.04367002878769246,0.9994880356224098,-0.18669346917180268,-1.1881406061069686
2457,0,1,0,-0.9485997778637127,1.2439368522337986,0.19282945841784782,1.833933322640923,-1.638782103554132,-1.1923036910947715,-1.1772003173692878,0.5066160437021736,0.7119846164538726,-1.0080178390712031,-0.42559820917812835
2458,0,1,0,0.5408952383106684,1.537555169271981,0.29243786074104244,-0.8651306404002889,1.333674193625217,-0.3495861764225456,-0.6553007066700304,-0.26496064782196166,-0.6536566245966782,0.6346309007275976,1.099486584679552
2459,0,0,0,-0.9738454561039566,-0.591177629254842,-1.4673105803020612,-0.11539065066661894,-0.523130630536289,-0.25044293940228374,0.32941553993234224,1.123877396921482,-0.04271185886353718,-0.18669346917180268,-1.1881406061069686
2460,0,1,0,-0.5699146042600566,0.950318535195616,-0.3494829542306559,-0.7651653084357996,0.44938805244587254,-1.0435888355643788,-1.5218510036801183,-0.41927598612678874,-0.25833942323993986,-1.4186800240209032,0.3369441877507119
2461,0,1,0,1.197282872557006,1.3173414314933443,-0.3845303550480763,-0.4652693125423316,-0.7780246401888717,1.3358488529219061,0.3353238374119567,-0.6250297705332248,-0.11458771365567119,-0.5973556541215028,-0.42559820917812835
2462,0,0,1,1.3487569419984684,-0.591177629254842,-0.4620035568550052,1.084193332907253,0.27488369199141194,-1.4401617836454261,-0.45835745734955585,0.24942381319412854,0.6401087616617385,-1.0080178390712031,1.099486584679552
2463,0,1,0,0.23794709942774345,1.9045780655697093,0.2352552594073568,0.6843320050492957,-1.38977026335507,0.691417812290204,-1.2796108070159344,0.09510847488930148,-1.4083530999140883,3.098604010425799,-0.42559820917812835
2464,0,0,1,-0.6456516389807878,-0.591177629254842,2.31596410793631,0.2844706771913384,-0.23882577361610063,0.740989430800335,0.672096793749968,0.8152467203118278,-0.6177186972006112,0.22396871577789748,-1.1881406061069686
2465,0,1,0,-0.41844053481859406,2.198196382607892,0.24816745970851145,0.2844706771913384,-0.913314537619858,0.29484486420915657,1.1644549170511538,-0.6764682166348338,-1.0130358985573495,0.22396871577789748,0.3369441877507119
2466,0,0,0,0.3136841341484747,-0.591177629254842,-1.9745755921331445,-0.6152173104890656,0.07488993057169345,0.5922745752699422,-1.6419863857656076,0.9181236125150458,-1.3005393177258868,-0.5973556541215028,-0.42559820917812835
2467,0,1,0,2.0303902544850496,2.345005541126983,-1.371391378064911,-1.9647492920096716,2.766962817133202,-1.0435888355643788,-0.7005976540137397,-0.1620837556187436,-1.4083530999140883,-0.5973556541215028,0.3369441877507119
2468,0,0,0,-1.2515479167466377,-0.591177629254842,0.017592454330746306,-0.6152173104890656,-1.28389121319169,0.09655839016863282,-0.6021260293535025,-0.1620837556187436,-0.07864978625960418,-0.5973556541215028,0.3369441877507119
2469,0,1,0,0.03598167350579344,1.537555169271981,0.6484456690443116,-0.7151826424535549,2.237567566316299,0.4435597197395494,1.5544025507056936,0.5066160437021736,1.466681091771283,-1.0080178390712031,-1.1881406061069686
2470,0,0,0,0.16221006470701219,-0.591177629254842,-1.7107977859809813,-0.26533864861335293,-1.8054435714038974,-0.746159124503593,0.05960328836329237,-0.6764682166348338,1.071363890414544,-0.5973556541215028,-0.42559820917812835
2471,0,0,1,-0.31745782185761906,-0.591177629254842,-0.886261566750093,-0.06540798468437428,-0.4976412295710305,1.385420471432037,-0.33625264277086186,-0.8822220010412699,-0.8333462615770139,-1.0080178390712031,2.6245713785372327
2472,0,0,0,-0.4689318912990815,-0.591177629254842,-0.8143221650722302,0.08454001326235971,0.7238892936101924,1.0879907603712515,-1.6341086557927889,-0.47071443222839776,2.616694768445431,-0.18669346917180268,-1.1881406061069686
2473,0,0,0,2.611040854010656,-0.591177629254842,-0.096772748336625,-0.7651653084357996,1.0572122293097235,-0.25044293940228374,-0.48986837724083165,-0.21352220172035263,-1.5521048094983565,-0.5973556541215028,3.387113775466073
2474,0,0,0,1.8536705068033434,-0.591177629254842,1.032122477992913,0.3844360091558277,-1.1348762537024872,2.128994749084001,2.2732454107254254,1.586823411835963,0.8197983986420742,0.22396871577789748,-1.1881406061069686
2475,0,0,0,0.7176149859923747,-0.591177629254842,-0.41588855577945216,0.634349339067051,1.1121124775425872,-0.15129970238202184,-0.3106500203592,1.329631181327918,0.6760466890578055,-1.0080178390712031,0.3369441877507119
2476,1,0,0,2.257601358647243,-0.591177629254842,-1.2478031751824288,-2.2646452879031393,0.4474273292946989,1.1871339973915134,0.8257125282199378,-0.985098893244488,-0.07864978625960418,1.0452930856772977,1.099486584679552
2477,1,0,0,-1.1758108820259066,-0.591177629254842,1.0468792783370902,-0.4652693125423316,-0.9290003228292474,1.484563708452299,-0.8069470086467955,-0.1106453095171346,0.3526053424932012,1.455955270626998,1.099486584679552
2478,0,0,0,-0.5699146042600566,-0.591177629254842,-0.29414495293999227,-0.6152173104890656,1.6317041126036211,-0.3495861764225456,1.1979352694356353,0.4037391514989556,-0.5817807698045442,1.8666174555766981,-1.1881406061069686
2479,0,1,0,-0.01450968297469406,1.537555169271981,0.6281550685710683,1.3341066628184763,-0.4760732749081198,-0.8948739800339859,0.11671683066622954,-0.007768417313916559,-0.47396698761634254,-0.5973556541215028,-0.42559820917812835
2480,0,1,0,-0.7718800301820066,1.6109597485315268,-0.6667541616304605,-1.4149399662049802,-0.591755940827369,-0.3991577949326765,-1.445043136445133,-1.6537986925654051,-0.29427735063600685,-0.18669346917180268,1.099486584679552
2481,0,0,0,0.4146668471094497,-0.591177629254842,-1.520803981549703,-0.11539065066661894,0.5454634868533846,1.5341353269624298,0.7626906884373862,0.5580544898037827,0.1369777781167985,-0.5973556541215028,-0.42559820917812835
2482,0,0,0,-0.822371386662494,-0.591177629254842,-1.5761419828403664,-0.36530398057784225,-1.0309579266902809,-0.9940172170542477,0.24079107773812872,-0.7793451088380519,-0.04271185886353718,-1.0080178390712031,-1.1881406061069686
2483,0,0,1,-1.8574441945124878,-0.591177629254842,0.8624192740348781,-0.26533864861335293,1.453278305846814,0.4435597197395494,0.8158653657539141,0.9695620586166548,-0.7255324793888128,-0.5973556541215028,0.3369441877507119
2484,0,0,0,-0.2417207871368878,-0.591177629254842,-0.8438357657605841,-1.9647492920096716,-0.8113569337588247,-0.2008713208921528,-0.2299032881378055,-0.41927598612678874,0.10103985072073149,-1.0080178390712031,-0.42559820917812835
2485,0,1,0,2.0303902544850496,1.39074601075289,0.1983632585469144,-0.36530398057784225,0.9572153485998643,1.3358488529219061,0.28411859258863287,-0.9336604471428789,0.1369777781167985,-0.18669346917180268,-0.42559820917812835
2486,0,1,0,0.43991252534969344,2.0513872240888005,2.1278149035480527,0.2844706771913384,-0.6760670363278389,0.740989430800335,-0.2377810181106246,-1.9109909230734503,-0.1505256410517382,0.22396871577789748,1.099486584679552
2487,0,0,0,0.2884384559082309,-0.591177629254842,0.10797785643883034,0.6843320050492957,-0.1721611864761943,0.9392759048408587,-1.1279645050391691,-1.139414231549315,-0.07864978625960418,2.6879418254760985,0.3369441877507119
2488,0,0,0,-0.1912294306564003,-0.591177629254842,-0.0008535460994749059,1.0342106669250084,-0.16235757072032572,1.5341353269624298,-0.704536519000149,1.278192735226309,0.6401087616617385,-0.18669346917180268,-1.1881406061069686
2489,0,0,0,0.03598167350579344,-0.591177629254842,-0.39744255534923095,-0.3153213145955976,0.15135813346746838,-0.0025848468516290433,-0.21414782819216732,1.0210005047182638,-0.04271185886353718,2.277279640526398,-1.1881406061069686
2490,0,0,0,-0.1912294306564003,-0.591177629254842,-0.12075254889591279,1.534037326747455,-0.19176841798793143,0.3939881012294184,1.7474069350397587,-1.7566755847686233,0.06510192332466448,-1.0080178390712031,-1.1881406061069686
2491,0,1,0,0.16221006470701219,1.757768907050618,-0.836457365588496,0.03455734728011505,0.22978705951441689,2.228137986104263,-0.6631784366428495,1.946892534547226,-0.7255324793888128,0.22396871577789748,-0.42559820917812835
2492,0,0,0,0.3641754906289622,-0.591177629254842,0.3016608609561531,0.5343840071025617,0.5258562553416475,0.3939881012294184,2.2043152734632594,0.6609313820070007,1.071363890414544,-1.4186800240209032,0.3369441877507119
2493,0,1,0,-0.9485997778637127,0.3630819011192511,0.639222668829201,-1.9647492920096716,-0.37215494789591336,-0.5974442689732002,-0.5371347570777456,-1.6537986925654051,0.02916399592859748,-1.0080178390712031,-1.1881406061069686
2494,0,1,0,0.4651582035899372,1.3173414314933443,-0.8770385665349825,-0.015425318702129613,-0.5270520768386362,1.0384191418611206,0.04384782841765419,0.4037391514989556,0.49635705207746983,0.22396871577789748,-0.42559820917812835
2495,0,0,0,-0.6961429954612753,-0.591177629254842,-0.4048209555213195,-0.4152866465600869,-0.03687128904520798,-0.6470158874833312,3.2225118724501125,0.30086225929573757,-0.40209113282420855,-0.18669346917180268,-0.42559820917812835
2496,0,1,0,-0.06500103945518156,1.6109597485315268,-1.2773167758707829,-1.4649226321872248,-0.34862627008182845,0.3939881012294184,-0.3441303727436804,-0.6250297705332248,0.28072948770106715,1.455955270626998,0.3369441877507119
2497,1,0,0,0.9700717683948121,-0.591177629254842,-0.33288155384345675,1.0342106669250084,-0.1427503392085886,1.8315650380232156,-0.6493924091904159,-0.21352220172035263,0.3526053424932012,3.5092661953754987,-1.1881406061069686
2498,0,1,0,-1.7564614815515127,1.4641505900124354,-0.14288774941217802,0.784297337013785,0.794475327052446,1.2367056159016443,0.8710094755636472,-1.036537339346097,0.1369777781167985,1.0452930856772977,-0.42559820917812835
2499,0,1,0,0.7176149859923747,1.757768907050618,0.5801954674524933,-0.06540798468437428,-0.8839036903522524,-0.5478726504630693,0.6602801987907396,-0.21352220172035263,0.42448119728533584,0.22396871577789748,-0.42559820917812835
2500,0,0,1,0.3641754906289622,-0.591177629254842,-0.7423827633943674,-0.5652346445068209,-0.15451467811563077,-0.25044293940228374,-0.9901042305148371,-1.293729569854142,-0.3302152780320739,-0.5973556541215028,4.149656172394914
2501,0,0,1,0.18745574294725595,-0.591177629254842,2.0669431021283233,-0.06540798468437428,0.4101735894223983,-0.3495861764225456,0.5499919791712735,0.5066160437021736,1.3588673095830812,1.8666174555766981,0.3369441877507119
2502,0,0,0,0.03598167350579344,-0.591177629254842,1.0192102776917584,1.234141330853987,-0.019224780684645004,-0.052156465361759975,-0.7498334663438584,-0.6250297705332248,-0.07864978625960418,-1.4186800240209032,1.8620289816083926
2503,0,0,0,1.2225285507972496,-0.591177629254842,0.1485590573853168,-0.8651306404002889,0.023911128641177018,-0.9444455985441168,1.2392933517929343,-1.087975785447706,-0.5099049150124095,-1.4186800240209032,-0.42559820917812835
2504,0,1,0,0.7681063424728621,1.8311734863101636,-0.04512394713200592,-0.015425318702129613,-0.12118238454567785,-0.746159124503593,1.0265946425268222,1.2267542891246999,-1.8036703012708266,0.22396871577789748,-0.42559820917812835
2505,0,0,0,-0.4436862130588378,-0.591177629254842,-1.1371271726011014,0.03455734728011505,-0.7799853633400453,-0.3991577949326765,0.6701273612567634,2.5641538877665346,0.42448119728533584,2.277279640526398,-1.1881406061069686
2506,0,1,0,-0.11549239593566905,0.950318535195616,1.2553190831985894,-0.26533864861335293,1.1003481386355456,2.4759960786549176,-0.8404273610312766,-1.448044908158969,0.20885363290893316,0.6346309007275976,0.3369441877507119
2507,0,0,0,-0.06500103945518156,-0.591177629254842,-0.17793515022959844,-1.165026636293757,-1.2133051797494359,2.723854171205572,-1.1555365599440357,0.24942381319412854,-0.6177186972006112,1.0452930856772977,-0.42559820917812835
2508,0,0,0,-2.463340472278338,-0.591177629254842,0.10059945626674176,0.9842280009427636,0.06900776111817208,1.434992089942168,-0.6060648943399117,-0.5735913244316158,1.3948052369791482,-0.5973556541215028,1.099486584679552
2509,0,1,0,-0.5951602825003003,0.6567002181574335,0.46767486482814397,-0.8151479744180442,0.016068236036482057,0.09655839016863282,0.3628958923168227,-0.1620837556187436,0.38854326988926885,0.22396871577789748,-1.1881406061069686
2510,0,1,0,-0.6456516389807878,1.1705322729742529,0.8476624736907008,0.934245334960519,-0.35646916268652346,0.3939881012294184,1.371245328837652,0.30086225929573757,-0.29427735063600685,-1.0080178390712031,1.099486584679552
2511,0,0,1,-1.5292503773893191,-0.591177629254842,-0.181624350315643,0.7343146710315404,-1.152522762063051,1.1375623788813825,1.018716912554003,0.7638082742102187,0.10103985072073149,-0.5973556541215028,1.8620289816083926
2512,0,0,0,-2.135146655155169,-0.591177629254842,-0.3255031536713681,-0.015425318702129613,0.5866386730280324,1.8811366565333465,-1.0334317453653412,-1.139414231549315,-0.006773931467470169,2.6879418254760985,1.099486584679552
2513,0,1,0,0.3641754906289622,0.5832956388978879,-0.8530587659756947,0.484401341120317,-0.28392240609309627,0.5427029567598112,-0.7833138187283388,0.6609313820070007,-1.6599185916865582,-0.18669346917180268,0.3369441877507119
2514,0,1,0,0.18745574294725595,1.2439368522337986,-0.1631783498854218,-0.6152173104890656,-1.7701505546827705,0.6418461937800731,-0.7005976540137397,-0.05920686341552558,-0.5458428424084772,-1.4186800240209032,1.099486584679552
2515,0,0,0,0.16221006470701219,-0.591177629254842,0.18729565828878125,-1.2150093022760016,-0.8642964588405152,-1.7375914947062117,0.841467988165576,-0.47071443222839776,-0.6895945519927452,-0.5973556541215028,2.6245713785372327
2516,0,0,1,1.5254766896801746,-0.591177629254842,2.6332353153361145,-0.015425318702129613,0.5925208424815538,1.7324218010029537,0.7922321758354574,0.19798536709251952,-0.8692841889730812,0.22396871577789748,0.3369441877507119
2517,0,0,0,1.1720371943167622,-0.591177629254842,-1.0172281698046637,-1.3149746342404909,2.3669752942937636,-1.0931604540745097,-0.867999415936143,1.329631181327918,0.06510192332466448,-0.18669346917180268,0.3369441877507119
2518,0,0,0,0.16221006470701219,-0.591177629254842,-0.6021931601246863,-0.3153213145955976,-1.6838787360311271,0.5427029567598112,-1.708947090534569,-0.1620837556187436,0.42448119728533584,0.22396871577789748,1.099486584679552
2519,0,0,0,-1.0748281690649315,-0.591177629254842,-0.8788831665780045,-0.21535598263110828,-0.6388132964555382,0.3444164827192875,0.09111420825456819,0.30086225929573757,1.610432801355551,0.22396871577789748,1.099486584679552
2520,0,0,0,-0.2417207871368878,-0.591177629254842,-0.5966593599956203,1.0342106669250084,-0.4897983369663361,-0.6470158874833312,-1.2796108070159344,-1.036537339346097,1.1073018178106115,-0.5973556541215028,0.3369441877507119
2521,0,0,0,-2.2108836898759003,-0.591177629254842,-0.6722879617595271,1.9338986546054122,0.7729073723895352,-0.5974442689732002,0.4022845421809176,1.175315843023091,-1.1208496807455512,0.22396871577789748,0.3369441877507119
2522,0,1,0,-0.1912294306564003,1.6843643277910723,1.0634806787242888,-0.7651653084357996,0.2533157373285012,-0.0025848468516290433,-0.1688508808484585,-0.6764682166348338,0.1729157055128655,-0.18669346917180268,-0.42559820917812835
2523,0,0,0,-0.1407380741759128,-0.591177629254842,0.08584265592256458,-0.26533864861335293,-0.3643120552912184,0.04698677165850189,-1.1397810999983975,0.6609313820070007,0.9276121808302759,-0.18669346917180268,0.3369441877507119
2524,0,0,0,0.08647302998628094,-0.591177629254842,-1.2994519763870482,2.0338639865699015,-0.25647228197666416,1.9802798935536083,0.3018434850274757,-0.007768417313916559,-0.07864978625960418,-0.18669346917180268,1.099486584679552
2525,0,0,1,-1.6554787685905377,-0.591177629254842,-0.7645179639106332,0.7343146710315404,-0.8231212726658673,-0.8948739800339859,0.28411859258863287,0.9181236125150458,0.02916399592859748,-1.0080178390712031,2.6245713785372327
2526,0,0,0,-0.9738454561039566,-0.591177629254842,0.13380225704114015,-0.3153213145955976,0.145475964013947,-0.3991577949326765,-0.12355393350474915,-0.1106453095171346,-0.5099049150124095,-0.18669346917180268,1.099486584679552
2527,0,0,0,1.0710544813557872,-0.591177629254842,-0.445402156467806,0.5843666730848064,1.7787583489416496,-0.3991577949326765,0.5342365192256359,-0.47071443222839776,1.3229293821870143,0.22396871577789748,-0.42559820917812835
2528,1,0,1,-1.024336812584444,-0.591177629254842,0.4861208652583652,-0.1653733166488636,1.5140607235331984,0.8401326678205968,0.014306341019583009,1.9983309806488352,0.28072948770106715,-1.0080178390712031,-1.1881406061069686
2529,0,0,0,-1.5040046991490752,-0.591177629254842,0.5101006658176525,1.8839159886231676,0.27292296884023837,-0.845302361523855,-0.16294258336884407,0.24942381319412854,0.6041708342656715,-0.18669346917180268,-0.42559820917812835
2530,0,0,1,-1.1253195255454191,-0.591177629254842,0.7812568721419045,0.5843666730848064,1.5297465087425883,1.0879907603712515,1.7099877176688691,-0.7793451088380519,-1.1208496807455512,0.22396871577789748,-1.1881406061069686
2531,0,0,0,-0.16598375241615657,-0.591177629254842,0.7609662716686614,0.5343840071025617,-0.8623357356893416,-1.6384482576859498,-0.26338364052228597,-0.5735913244316158,0.10103985072073149,-0.18669346917180268,0.3369441877507119
2532,0,1,0,-0.6961429954612753,2.858837595943802,-0.10784034859475815,0.8342800029960297,0.07488993057169345,0.691417812290204,-0.5253181621185173,-0.3163990939235707,-1.4083530999140883,-0.5973556541215028,0.3369441877507119
2533,1,0,1,0.6671236295118872,-0.591177629254842,-0.6704433617165051,-2.0147319579919163,-0.40548724146586623,2.922140645246096,-0.5804622719282498,1.123877396921482,-1.4442910273101552,-0.18669346917180268,1.8620289816083926
2534,0,0,0,-1.7059701250710253,-0.591177629254842,0.08953185600860913,0.5343840071025617,0.07096848426934624,0.4931313382496803,0.711485443614063,-0.007768417313916559,-0.3302152780320739,0.22396871577789748,1.099486584679552
2535,0,0,0,1.197282872557006,-0.591177629254842,0.6761146696896434,-0.26533864861335293,-0.28392240609309627,0.24527324569902562,1.9443501843602333,2.2040847650552715,-0.07864978625960418,0.22396871577789748,0.3369441877507119
2536,0,0,0,-0.4941775695393253,-0.591177629254842,-0.9157751674384469,1.0342106669250084,0.5866386730280324,0.24527324569902562,-1.1968946423013354,1.175315843023091,1.1073018178106115,-0.5973556541215028,-1.1881406061069686
2537,0,1,0,0.5408952383106684,1.6109597485315268,0.9325140756697183,0.3844360091558277,1.714054484952918,-1.1923036910947715,-0.47608234978839864,-0.7793451088380519,-1.1927255355376853,-0.5973556541215028,0.3369441877507119
2538,0,0,0,-1.226302238506394,-0.591177629254842,0.4584518646130334,-0.1653733166488636,1.4317103511839027,1.385420471432037,-0.42684653745828005,0.9181236125150458,0.28072948770106715,0.22396871577789748,-0.42559820917812835
2539,0,1,0,-0.2417207871368878,2.6386238581651655,0.683493069861732,0.03455734728011505,-0.530973523140984,-0.10172808387189092,0.8040487707946857,-0.26496064782196166,-0.40209113282420855,-0.5973556541215028,-0.42559820917812835
2540,0,0,1,-1.1758108820259066,-0.591177629254842,1.2534744831555675,-0.7651653084357996,0.4944846849228682,-0.3495861764225456,0.8473762856451904,1.638261857937572,-0.006773931467470169,-1.0080178390712031,0.3369441877507119
2541,0,0,0,1.298265585517981,-0.591177629254842,0.8956220748092759,-0.36530398057784225,-1.2505589196217364,0.29484486420915657,-0.0782569861610398,0.3523007053973466,-0.43802906022027555,-1.0080178390712031,-0.42559820917812835
2542,0,0,1,2.5353038192899247,-0.591177629254842,0.8550408738627895,0.484401341120317,1.9395376473378951,-0.6965875059934621,0.9852365601695227,-0.985098893244488,0.3526053424932012,-0.18669346917180268,-0.42559820917812835
2543,0,0,1,-0.5699146042600566,-0.591177629254842,-1.402749578796287,0.7343146710315404,-1.6132927025888735,0.09655839016863282,-0.005387983912464443,-0.3163990939235707,0.6401087616617385,-0.5973556541215028,1.8620289816083926
2544,0,0,0,-0.8476170649027378,-0.591177629254842,-1.1813975736336324,-1.5149052981694695,1.019958489437423,2.128994749084001,0.15019718305071053,-0.47071443222839776,-0.9770979711612826,0.6346309007275976,-1.1881406061069686
2545,0,0,0,-0.01450968297469406,-0.591177629254842,0.724074270808219,1.234141330853987,-1.0172328646320645,0.09655839016863282,1.50713617086878,-0.1620837556187436,-0.18646356844780584,0.6346309007275976,-0.42559820917812835
2546,0,0,0,-1.5040046991490752,-0.591177629254842,0.816304272959325,-1.6648532961162035,0.8748649762505686,-1.2914469281150334,0.4436426245382177,2.8727845643761887,0.7479225438499402,0.22396871577789748,1.099486584679552
2547,0,0,0,0.8185976989533497,-0.591177629254842,-0.659375761458372,-1.4649226321872248,-0.31725469966304914,1.5341353269624298,1.4618392235250708,1.638261857937572,0.9635501082263429,-0.18669346917180268,1.099486584679552
2548,0,1,0,-1.630233090350294,2.56521927890562,-2.7603752104605683,1.1341759988894977,-1.3936917096574177,0.8401326678205968,2.454433200100262,0.24942381319412854,-0.5817807698045442,0.6346309007275976,0.3369441877507119
2549,0,1,0,-1.2515479167466377,1.4641505900124354,1.7920976957180268,1.0342106669250084,0.06900776111817208,-0.052156465361759975,0.8847955030160801,-0.6250297705332248,-0.6895945519927452,-0.5973556541215028,-1.1881406061069686
2550,0,0,0,0.5408952383106684,-0.591177629254842,-0.703646162490903,1.384089328800721,-1.0544866045043653,-1.489733402155557,-1.5415453286121656,-1.293729569854142,-0.7614704067848799,-0.18669346917180268,-1.1881406061069686
2551,0,0,0,0.23794709942774345,-0.591177629254842,0.24078905953642288,0.08454001326235971,-0.41725158037290844,0.8897042863307277,0.2624548351633808,-1.345168015955751,-0.29427735063600685,-0.18669346917180268,-0.42559820917812835
2552,1,0,0,-0.2417207871368878,-0.591177629254842,-0.5118077580166023,0.7343146710315404,-1.8936761132067146,0.7905610493104659,-0.8857243083749853,-0.7279066627364429,0.7119846164538726,-0.18669346917180268,-0.42559820917812835
2553,0,0,0,0.5156495600704247,-0.591177629254842,0.6650470694315107,-1.3149746342404909,-0.1427503392085886,-0.10172808387189092,-1.1279645050391691,0.1465469209909105,-0.04271185886353718,-0.18669346917180268,2.6245713785372327
2554,0,0,0,0.21270142118749968,-0.591177629254842,0.0083694541156357,-0.015425318702129613,0.5650707183651217,0.14613000867876375,-1.2185583997265874,0.24942381319412854,-0.8692841889730812,1.455955270626998,1.099486584679552
2555,0,0,0,-0.721388673701519,-0.591177629254842,0.3127284612142857,-0.6152173104890656,-0.8152783800611724,1.434992089942168,1.3397344089463767,0.9181236125150458,-1.2286634629337525,-0.5973556541215028,-1.1881406061069686
2556,0,0,0,0.18745574294725595,-0.591177629254842,0.253701259837578,1.2841239968362317,-0.8917465829569473,-0.746159124503593,-0.5213792971321075,-0.1106453095171346,-0.29427735063600685,0.6346309007275976,1.099486584679552
2557,1,0,0,1.197282872557006,-0.591177629254842,0.7222296707651964,0.5343840071025617,-0.8741000745963838,1.6332785639826917,1.4992584408959604,-1.9624293691750594,-0.7255324793888128,0.22396871577789748,-0.42559820917812835
2558,1,0,1,-0.620405960740544,-0.591177629254842,1.240562282854413,0.484401341120317,0.11998656304868907,-1.8367347317264735,0.14035002058468682,1.175315843023091,1.071363890414544,0.22396871577789748,-1.1881406061069686
2559,0,0,1,0.06122735174603719,-0.591177629254842,-0.08939434816453694,2.533690646392348,-1.023115034085586,-2.18373606129739,-0.6513618416836211,0.45517759760056464,2.00575000271229,-0.5973556541215028,3.387113775466073
2560,0,0,1,-0.3427035000978628,-0.591177629254842,1.1151294799289084,-0.8651306404002889,-1.295655552098732,0.29484486420915657,-0.23975045060382924,-0.8307835549396608,-0.3302152780320739,-1.0080178390712031,-1.1881406061069686
2561,0,1,0,-1.6554787685905377,2.124791803348346,0.030504654631900944,-1.2150093022760016,-0.4427409813381669,-0.10172808387189092,0.5263587892528168,1.8440156423440082,-1.875546156062961,-0.5973556541215028,0.3369441877507119
2562,0,1,0,-0.5951602825003003,1.537555169271981,0.5820400674955153,-0.5652346445068209,0.4572309450505675,-0.15129970238202184,-1.0413094753381602,0.30086225929573757,-0.18646356844780584,1.8666174555766981,0.3369441877507119
2563,0,0,0,0.591386594791156,-0.591177629254842,-0.18900275048773105,0.3844360091558277,-0.42313374982642976,-0.4487294134428074,0.8079876357810956,-0.9336604471428789,0.7119846164538726,-0.5973556541215028,-0.42559820917812835
2564,0,0,0,-1.7817071597917564,-0.591177629254842,1.2516298831125454,0.33445334317358305,-0.4760732749081198,-1.1923036910947715,1.696201690216435,-0.5221528783300068,0.38854326988926885,-1.0080178390712031,-1.1881406061069686
2565,0,1,0,-1.2010565602661503,1.757768907050618,-0.8917953668791596,-1.864783960045182,0.5336991479463424,1.2367056159016443,-0.440632564910713,0.24942381319412854,0.9276121808302759,-1.0080178390712031,0.3369441877507119
2566,1,0,0,-0.01450968297469406,-0.591177629254842,-1.3344993772044684,-0.11539065066661894,-2.2230776026038983,1.0879907603712515,-0.8876937408681905,0.8666851664134367,-0.18646356844780584,-0.18669346917180268,-0.42559820917812835
2567,0,1,0,-1.0495824908246878,1.757768907050618,0.5967968678396924,0.9842280009427636,0.053321975908782716,1.7819934195130847,0.24079107773812872,-0.26496064782196166,-0.5099049150124095,0.22396871577789748,-0.42559820917812835
2568,0,0,0,1.0710544813557872,-0.591177629254842,-0.35317215431669996,0.9842280009427636,1.680722191382964,0.1957016271888947,-0.3697329951553423,-0.7793451088380519,-1.1927255355376853,-0.18669346917180268,1.099486584679552
2569,0,0,1,0.2631927776679872,-0.591177629254842,2.1241257034620085,-0.5152519785245763,1.851305105535078,-1.3905901651352952,1.1585466195715404,1.0724389508198728,0.20885363290893316,-0.5973556541215028,-0.42559820917812835
2570,0,0,0,1.0710544813557872,-0.591177629254842,-0.8512141659326726,0.33445334317358305,0.46507383765526245,0.8401326678205968,-0.41109107751264184,-0.7793451088380519,-0.006773931467470169,3.5092661953754987,-0.42559820917812835
2571,1,1,1,-0.822371386662494,1.1705322729742529,-0.9932483692453761,-0.4152866465600869,1.4846498762655926,-0.10172808387189092,0.26048540267017617,0.4037391514989556,1.4307431643752153,0.6346309007275976,1.099486584679552
2572,1,0,0,-0.1912294306564003,-0.591177629254842,-0.20560415087493025,0.6843320050492957,1.4866105994167669,1.3358488529219061,-0.09992074358629244,-2.6825676145975854,0.42448119728533584,-0.5973556541215028,-0.42559820917812835
2573,0,0,0,0.06122735174603719,-0.591177629254842,-2.0040891928214983,1.683985324694189,-1.2878126594940371,0.5922745752699422,-0.6395452467243922,3.284292133189061,0.6401087616617385,0.6346309007275976,0.3369441877507119
2574,0,1,0,1.0963001595960309,2.198196382607892,-1.3750805781509552,-0.7151826424535549,-1.5368244996930986,1.1375623788813825,0.3983456771945083,1.123877396921482,-2.342739212211834,-0.18669346917180268,-1.1881406061069686
2575,0,0,0,-0.1912294306564003,-0.591177629254842,-0.5062739578875363,2.0338639865699015,0.3003730929566705,0.3444164827192875,1.2038435669152487,0.5580544898037827,0.6401087616617385,1.0452930856772977,-0.42559820917812835
2576,1,0,0,1.2225285507972496,-0.591177629254842,0.024970854502834896,-1.0650613043292676,-0.10353587618511433,-0.845302361523855,-0.06840982369501607,0.45517759760056464,-0.5099049150124095,1.8666174555766981,1.099486584679552
2577,0,1,0,-1.9584269074734628,1.6843643277910723,-0.4232669559515408,-0.8151479744180442,-0.7584174086771346,-0.2008713208921528,1.8380008297271775,0.3523007053973466,-0.29427735063600685,0.6346309007275976,-0.42559820917812835
2578,0,1,0,3.0402173840947997,1.1705322729742529,0.017592454330746306,-0.7651653084357996,0.46899528395760964,-0.3991577949326765,0.08717534326815836,0.1465469209909105,-2.8099322683607064,-0.5973556541215028,-1.1881406061069686
2579,0,1,0,1.601213724400906,1.6109597485315268,1.0929942794126433,-0.015425318702129613,0.5846779498768588,1.0384191418611206,0.09899193822738728,-1.7566755847686233,1.071363890414544,1.455955270626998,-0.42559820917812835
2580,0,1,0,0.08647302998628094,0.7301047974169792,0.04710605501910014,-1.7148359620984481,0.2631193530843698,-1.7375914947062117,-0.16294258336884407,0.4037391514989556,1.1432397452066785,1.8666174555766981,0.3369441877507119
2581,0,1,0,1.2477742290374934,1.9779826448292548,-0.7368489632653014,-1.4149399662049802,2.600301349283436,3.4674284488575364,0.24669937521774316,0.24942381319412854,-0.5099049150124095,-1.0080178390712031,0.3369441877507119
2582,0,1,0,2.106127289205781,0.28967732185970546,0.3828232628491265,-1.2150093022760016,1.047408613553855,0.24527324569902562,-1.0235845828993175,-0.3678375400251797,-0.006773931467470169,0.22396871577789748,-1.1881406061069686
2583,1,1,0,-0.9990911343442003,1.537555169271981,-0.9471333681698233,0.934245334960519,-0.5584236472574161,-0.845302361523855,0.9773588301967036,0.7123698281086097,0.5322949794735369,0.6346309007275976,1.099486584679552
2584,0,0,1,0.3641754906289622,-0.591177629254842,0.8642638740779001,0.03455734728011505,1.5022963846261568,-1.9854495872568665,0.23882164524492408,-0.9336604471428789,0.7479225438499402,-0.18669346917180268,1.099486584679552
2585,0,0,0,-1.7059701250710253,-0.591177629254842,1.334636885048541,-0.9650959723647783,-0.10941804563863569,-0.2008713208921528,0.19549413039441935,-0.6764682166348338,-0.6536566245966782,-0.5973556541215028,0.3369441877507119
2586,0,0,1,-0.01450968297469406,-0.591177629254842,1.567056490469328,0.8342800029960297,-0.12118238454567785,0.5427029567598112,1.209751864394863,0.5580544898037827,-0.9770979711612826,-0.18669346917180268,0.3369441877507119
2587,0,1,0,-0.6456516389807878,1.4641505900124354,0.38835706297819256,-0.21535598263110828,-0.7074386067466182,0.5427029567598112,-0.6237897867787545,2.7184692260713614,-2.7739943409646393,0.22396871577789748,-0.42559820917812835
2588,0,1,0,0.5156495600704247,1.9045780655697093,1.2073594820800144,-0.26533864861335293,0.3278232170731025,-1.6880198761960807,-1.7503051728918686,1.278192735226309,-0.9770979711612826,1.455955270626998,-1.1881406061069686
